Row ID,Order ID,Order Date,Ship Date,Ship Mode,Customer ID,Customer Name,Segment,Country,City,State,Postal Code,Region,Product ID,Category,Sub-Category,Product Name,Sales,Quantity,Discount,Profit
1,HC-2016-179688,9/29/2016,10/3/2016,Second Class,ST-63354,Sophia Taylor,Health System,United States,Buffalo,New York,14201,East,P-V&-10000051,Pharmaceutical,Vitamins & Supplements,Centrum Silver Multivitamin Adults 50+ 250ct,79.82,13,0.5,10.2212
2,HC-2016-210665,12/12/2016,12/20/2016,Standard Class,LL-72216,Liam Lewis,Home Care,United States,New York,New York,10001,East,DE-IS-10000033,Diagnostic Equipment,Imaging Supplies,3M Scotchcast Plus Fiberglass Casting Tape 2in,1234.3065,7,0.05,452.6931
3,HC-2018-355709,1/7/2018,1/13/2018,Standard Class,MS-40784,Mason Sanchez,Health System,United States,Minneapolis,Minnesota,55401,Central,DE-LS-10000037,Diagnostic Equipment,Lab Supplies,Corning 50mL Polypropylene Centrifuge Tubes 25pk,226.926,14,0.1,58.1766
4,HC-2016-612311,6/13/2016,6/15/2016,First Class,NH-97900,Noah Harris,Health System,United States,Miami,Florida,33101,South,P-OM-10000043,Pharmaceutical,OTC Medications,Pepcid AC Maximum Strength 20mg 50ct,270.72,8,0.2,16.8109
5,HC-2017-341736,1/25/2017,2/2/2017,Standard Class,MM-72493,Mary Martin,Health System,United States,Salt Lake City,Utah,84101,West,MS-G&-10000007,Medical Supplies,Gloves & PPE,Medline SensiCare Ice Blue Nitrile Gloves Small,126.819,9,0.3,40.3326
6,HC-2017-232731,12/10/2017,12/11/2017,Same Day,JT-13804,Jessica Taylor,Health System,United States,Atlanta,Georgia,30301,South,DE-MD-10000020,Diagnostic Equipment,Monitoring Devices,Welch Allyn Connex Spot Monitor with SpO2,6619.44,12,0,-920.2979
7,HC-2018-219629,3/21/2018,3/26/2018,Standard Class,JJ-70901,Joseph Jones,Home Care,United States,Detroit,Michigan,48201,Central,MS-B&-10000018,Medical Supplies,Bandages & Tape,Medline Non-Sterile Rolled Gauze 2in x 4.1yd,39.754,11,0.35,7.582
8,HC-2016-498855,9/14/2016,9/19/2016,Second Class,RT-10772,Richard Taylor,Health System,United States,Columbus,Ohio,43004,East,DE-LS-10000037,Diagnostic Equipment,Lab Supplies,Corning 50mL Polypropylene Centrifuge Tubes 25pk,737.24,7,0,246.0361
9,HC-2015-342720,11/18/2015,11/22/2015,Standard Class,RW-22676,Robert Wilson,Clinic,United States,Sacramento,California,95814,West,DE-IS-10000033,Diagnostic Equipment,Imaging Supplies,3M Scotchcast Plus Fiberglass Casting Tape 2in,182.64,4,0,-41.3751
10,HC-2016-723948,2/10/2016,2/16/2016,Standard Class,WB-24029,William Brown,Health System,United States,Boston,Massachusetts,2101,East,P-V&-10000052,Pharmaceutical,Vitamins & Supplements,Garden of Life Vitamin C Organic 60 Capsules,148.064,8,0.3,20.8719
11,HC-2017-340044,10/21/2017,10/28/2017,Standard Class,JJ-44718,Joseph Jones,Health System,United States,Columbus,Ohio,43004,East,P-V&-10000054,Pharmaceutical,Vitamins & Supplements,Nature Made Fish Oil 1200mg 200 Softgels,436.163,13,0.3,54.482
12,HC-2017-953085,8/20/2017,8/25/2017,Standard Class,MM-15817,Michael Martinez,Health System,United States,Salt Lake City,Utah,84101,West,P-OM-10000043,Pharmaceutical,OTC Medications,Pepcid AC Maximum Strength 20mg 50ct,57.6,5,0.2,-4.0579
13,HC-2015-755788,1/3/2015,1/7/2015,Standard Class,WT-20155,William Thomas,Clinic,United States,Charlotte,North Carolina,28201,South,DE-MD-10000021,Diagnostic Equipment,Monitoring Devices,Nonin Onyx Vantage 9590 Finger Pulse Oximeter,984.9,3,0,-121.1912
14,HC-2015-335615,9/6/2015,9/11/2015,Standard Class,JD-83579,John Davis,Clinic,United States,Los Angeles,California,90001,West,MS-B&-10000015,Medical Supplies,Bandages & Tape,3M Micropore Surgical Tape 1in x 10yd,47.52,3,0.1,17.4175
15,HC-2017-728492,11/8/2017,11/15/2017,Standard Class,WT-73624,William Thompson,Health System,United States,Louisville,Kentucky,40201,South,P-V&-10000051,Pharmaceutical,Vitamins & Supplements,Centrum Silver Multivitamin Adults 50+ 250ct,121.7975,5,0.45,-6.8828
16,HC-2018-297816,9/13/2018,9/18/2018,Second Class,RP-65518,Robert Perez,Health System,United States,Albuquerque,New Mexico,87101,West,P-OM-10000044,Pharmaceutical,OTC Medications,Zyrtec Allergy 10mg Cetirizine Tablets 70ct,224.455,14,0.45,-4.9985
17,HC-2017-205239,2/19/2017,2/26/2017,Standard Class,EA-83519,Emma Anderson,Clinic,United States,Kansas City,Missouri,64101,Central,DE-MD-10000024,Diagnostic Equipment,Monitoring Devices,A&D Medical UA-767FAM Multi-User BP Monitor,581.098,1,0.3,-144.5952
18,HC-2016-757246,6/26/2016,7/2/2016,Standard Class,IM-76244,Isabella Martinez,Health System,United States,Cleveland,Ohio,44101,Central,P-IS-10000049,Pharmaceutical,IV Solutions,Fresenius Kabi Sterile Water for Injection 1000mL,23.59,2,0.5,3.2783
19,HC-2015-440131,7/5/2015,7/7/2015,Second Class,EL-57400,Ethan Lewis,Home Care,United States,Nashville,Tennessee,37201,South,MS-S&-10000012,Medical Supplies,Syringes & Needles,Nipro 5mL Luer Slip Disposable Syringe,40.9545,3,0.05,-7.0335
20,HC-2015-343467,12/15/2015,12/23/2015,Standard Class,DT-12552,David Taylor,Home Care,United States,Hartford,Connecticut,6101,East,DE-IS-10000033,Diagnostic Equipment,Imaging Supplies,3M Scotchcast Plus Fiberglass Casting Tape 2in,56.0105,1,0.35,17.5341
21,HC-2018-986365,10/19/2018,10/23/2018,Second Class,JJ-42092,James Johnson,Clinic,United States,San Francisco,California,94101,West,DE-TK-10000028,Diagnostic Equipment,Testing Kits,BD Veritor System Flu A+B Analyzer,314.54,2,0,93.1897
22,HC-2018-735863,3/23/2018,3/30/2018,Standard Class,MT-39871,Mary Thompson,Home Care,United States,Birmingham,Alabama,35201,South,P-IS-10000047,Pharmaceutical,IV Solutions,B. Braun Lactated Ringer's Injection 1000mL,253.682,4,0.35,19.9066
23,HC-2018-134985,6/25/2018,6/29/2018,Standard Class,NM-77000,Noah Miller,Health System,United States,Chicago,Illinois,60601,Central,P-IS-10000046,Pharmaceutical,IV Solutions,Hospira 5% Dextrose Injection USP 500mL,72.525,5,0.5,-7.5437
24,HC-2018-882824,1/9/2018,1/14/2018,Standard Class,JR-81200,Joseph Ramirez,Home Care,United States,Memphis,Tennessee,38101,South,DE-MD-10000023,Diagnostic Equipment,Monitoring Devices,Omron HEM-7320 Upper Arm Blood Pressure Monitor,1698.567,3,0.35,-280.8071
25,HC-2018-712955,2/15/2018,2/21/2018,Standard Class,RB-84668,Richard Brown,Health System,United States,Salt Lake City,Utah,84101,West,DE-IS-10000030,Diagnostic Equipment,Imaging Supplies,Covidien Kendall Ultrasound Gel 8.5oz,1427.68,8,0,-294.5955
26,HC-2018-201913,12/6/2018,12/10/2018,Standard Class,NH-25014,Noah Harris,Home Care,United States,Detroit,Michigan,48201,Central,MS-G&-10000008,Medical Supplies,Gloves & PPE,Cardinal Health Flexal Nitrile Exam Gloves XL,306.3775,11,0.35,-58.6952
27,HC-2018-347582,9/3/2018,9/9/2018,Standard Class,NW-47196,Noah Williams,Health System,United States,Charlotte,North Carolina,28201,South,DE-MD-10000022,Diagnostic Equipment,Monitoring Devices,Masimo Rad-8 Pulse Oximeter Tabletop Unit,5991.48,11,0,1390.6825
28,HC-2017-315173,7/20/2017,7/22/2017,Second Class,MG-39389,Mary Gonzalez,Home Care,United States,Baltimore,Maryland,21201,East,MS-G&-10000009,Medical Supplies,Gloves & PPE,Dynarex SafeTouch Latex-Free Vinyl Gloves Medium,354.844,14,0.05,87.1894
29,HC-2018-238205,5/5/2018,5/7/2018,First Class,EA-54597,Emma Anderson,Health System,United States,Phoenix,Arizona,85001,West,MS-S&-10000011,Medical Supplies,Syringes & Needles,Covidien Monoject 1mL Insulin Syringe 28G,19.72,1,0,4.5962
30,HC-2017-163780,1/11/2017,1/14/2017,Second Class,AL-23396,Ava Lopez,Health System,United States,Louisville,Kentucky,40201,South,DE-LS-10000038,Diagnostic Equipment,Lab Supplies,Globe Scientific Disposable Transfer Pipettes 3mL,557.056,8,0.2,223.9032
31,HC-2015-499407,6/15/2015,6/18/2015,Second Class,JL-27146,James Lopez,Clinic,United States,Columbus,Ohio,43004,East,P-V&-10000052,Pharmaceutical,Vitamins & Supplements,Garden of Life Vitamin C Organic 60 Capsules,216.48,10,0.2,33.1436
32,HC-2018-427730,2/3/2018,2/8/2018,Second Class,KM-86622,Karen Martinez,Health System,United States,Salt Lake City,Utah,84101,West,DE-IS-10000032,Diagnostic Equipment,Imaging Supplies,Medline X-Ray Film Processing Chemical Kit,269.64,3,0.2,109.0955
33,HC-2015-445658,7/10/2015,7/15/2015,Standard Class,WR-20735,William Ramirez,Home Care,United States,Sacramento,California,95814,West,P-OM-10000043,Pharmaceutical,OTC Medications,Pepcid AC Maximum Strength 20mg 50ct,152.24,11,0.5,24.7926
34,HC-2016-485415,12/21/2016,12/28/2016,Standard Class,JL-54236,Joseph Lopez,Health System,United States,Dallas,Texas,75201,South,MS-S&-10000014,Medical Supplies,Syringes & Needles,BD Eclipse Safety Needle 25G 1in,52.185,7,0.3,-9.1489
35,HC-2018-106402,2/14/2018,2/15/2018,Same Day,EL-63264,Ethan Lewis,Home Care,United States,Nashville,Tennessee,37201,South,MS-G&-10000009,Medical Supplies,Gloves & PPE,Dynarex SafeTouch Latex-Free Vinyl Gloves Medium,107.73,2,0.05,35.3563
36,HC-2016-725185,3/16/2016,3/22/2016,Standard Class,OW-95426,Olivia Williams,Clinic,United States,Portland,Oregon,97201,West,MS-WC-10000001,Medical Supplies,Wound Care,Medline Bordered Gauze Island Dressing 4x4in,138.2,10,0,43.5045
37,HC-2017-652530,4/28/2017,5/4/2017,Standard Class,JR-30861,Joseph Robinson,Clinic,United States,Las Vegas,Nevada,89101,West,P-IS-10000045,Pharmaceutical,IV Solutions,Baxter 0.9% Sodium Chloride Injection 1000mL,336.4,10,0.2,25.7598
38,HC-2016-685864,8/15/2016,8/20/2016,Second Class,EH-40735,Emma Hernandez,Clinic,United States,Louisville,Kentucky,40201,South,P-IS-10000045,Pharmaceutical,IV Solutions,Baxter 0.9% Sodium Chloride Injection 1000mL,394.086,12,0.45,20.6645
39,HC-2016-940247,10/3/2016,10/9/2016,Standard Class,NP-58944,Noah Perez,Home Care,United States,Houston,Texas,77001,South,P-IS-10000047,Pharmaceutical,IV Solutions,B. Braun Lactated Ringer's Injection 1000mL,262.171,14,0.35,-11.183
40,HC-2017-656379,12/9/2017,12/11/2017,First Class,KL-11504,Karen Lewis,Health System,United States,Phoenix,Arizona,85001,West,P-OM-10000042,Pharmaceutical,OTC Medications,Bayer Aspirin 325mg Enteric Coated 300ct,269.99,14,0.3,21.7922
41,HC-2016-896788,6/8/2016,6/13/2016,Standard Class,SS-80702,Sarah Smith,Clinic,United States,Cincinnati,Ohio,45201,Central,P-IS-10000049,Pharmaceutical,IV Solutions,Fresenius Kabi Sterile Water for Injection 1000mL,421.5,10,0.5,-15.3591
42,HC-2016-744883,12/21/2016,12/25/2016,Standard Class,JJ-44718,Joseph Jones,Health System,United States,Nashville,Tennessee,37201,South,P-V&-10000053,Pharmaceutical,Vitamins & Supplements,Mason Natural Zinc 50mg Tablets 100ct,123.435,9,0.5,-8.219
43,HC-2016-629057,10/20/2016,10/27/2016,Standard Class,MM-51245,Mia Martin,Home Care,United States,Charlotte,North Carolina,28201,South,P-OM-10000040,Pharmaceutical,OTC Medications,Tylenol Extra Strength Acetaminophen 500mg 100ct,89.56,8,0.5,10.5643
44,HC-2017-169113,1/15/2017,1/20/2017,Second Class,EW-29536,Ethan White,Clinic,United States,New York,New York,10001,East,DE-MD-10000024,Diagnostic Equipment,Monitoring Devices,A&D Medical UA-767FAM Multi-User BP Monitor,3245.7,5,0,-710.3151
45,HC-2015-424620,11/4/2015,11/10/2015,Standard Class,MM-51245,Mia Martin,Health System,United States,San Francisco,California,94101,West,P-IS-10000047,Pharmaceutical,IV Solutions,B. Braun Lactated Ringer's Injection 1000mL,557.26,11,0.5,-60.0608
46,HC-2015-262471,2/7/2015,2/10/2015,Second Class,SS-31174,Susan Sanchez,Health System,United States,Cincinnati,Ohio,45201,Central,MS-S&-10000010,Medical Supplies,Syringes & Needles,BD 3mL Luer-Lok Syringe with 21G Needle,95.526,9,0.4,-18.784
47,HC-2018-856215,6/19/2018,6/24/2018,Standard Class,MW-80686,Michael Walker,Home Care,United States,Omaha,Nebraska,68101,Central,DE-MD-10000023,Diagnostic Equipment,Monitoring Devices,Omron HEM-7320 Upper Arm Blood Pressure Monitor,4122.33,12,0.15,-1023.7833
48,HC-2017-906814,7/8/2017,7/13/2017,Second Class,CM-60328,Charles Miller,Home Care,United States,Sacramento,California,95814,West,DE-LS-10000039,Diagnostic Equipment,Lab Supplies,Fisherbrand Microcentrifuge Tubes 1.5mL 500pk,137.241,3,0.35,-21.4046
49,HC-2017-254506,1/30/2017,2/1/2017,Second Class,JA-53369,Jessica Anderson,Health System,United States,Atlanta,Georgia,30301,South,DE-MD-10000021,Diagnostic Equipment,Monitoring Devices,Nonin Onyx Vantage 9590 Finger Pulse Oximeter,4542.18,6,0,-550.4748
50,HC-2017-929822,10/25/2017,10/31/2017,Standard Class,EW-29536,Ethan White,Home Care,United States,Charlotte,North Carolina,28201,South,MS-G&-10000005,Medical Supplies,Gloves & PPE,Ansell TouchNTuff Nitrile Disposable Gloves Medium,374.969,14,0.15,119.6955
51,HC-2018-543814,12/15/2018,12/19/2018,Standard Class,KH-81582,Karen Harris,Clinic,United States,Atlanta,Georgia,30301,South,MS-S&-10000011,Medical Supplies,Syringes & Needles,Covidien Monoject 1mL Insulin Syringe 28G,12.53,1,0,-1.9845
52,HC-2017-405420,7/25/2017,7/27/2017,First Class,DT-12552,David Taylor,Clinic,United States,Albuquerque,New Mexico,87101,West,DE-MD-10000024,Diagnostic Equipment,Monitoring Devices,A&D Medical UA-767FAM Multi-User BP Monitor,3556.8,10,0.1,915.7436
53,HC-2018-365971,1/19/2018,1/20/2018,Same Day,SH-39831,Susan Hernandez,Clinic,United States,Chicago,Illinois,60601,Central,P-OM-10000042,Pharmaceutical,OTC Medications,Bayer Aspirin 325mg Enteric Coated 300ct,148.29,6,0.5,20.082
54,HC-2016-762423,11/11/2016,11/16/2016,Standard Class,NM-83259,Noah Moore,Home Care,United States,Cincinnati,Ohio,45201,Central,MS-G&-10000005,Medical Supplies,Gloves & PPE,Ansell TouchNTuff Nitrile Disposable Gloves Medium,412.692,8,0.15,98.5048
55,HC-2015-400009,3/27/2015,4/4/2015,Standard Class,WT-73624,William Thompson,Clinic,United States,Los Angeles,California,90001,West,DE-MD-10000022,Diagnostic Equipment,Monitoring Devices,Masimo Rad-8 Pulse Oximeter Tabletop Unit,4330.43,13,0,-532.4528
56,HC-2017-862400,3/2/2017,3/7/2017,Second Class,WW-37653,William Williams,Health System,United States,Cleveland,Ohio,44101,Central,DE-MD-10000023,Diagnostic Equipment,Monitoring Devices,Omron HEM-7320 Upper Arm Blood Pressure Monitor,7432.866,14,0.1,-2446.1181
57,HC-2016-744718,11/2/2016,11/7/2016,Standard Class,LH-30257,Lisa Harris,Health System,United States,Richmond,Virginia,23218,East,DE-IS-10000030,Diagnostic Equipment,Imaging Supplies,Covidien Kendall Ultrasound Gel 8.5oz,460.449,11,0.1,134.756
58,HC-2015-479742,3/5/2015,3/9/2015,Standard Class,WG-24168,William Garcia,Clinic,United States,Miami,Florida,33101,South,DE-MD-10000024,Diagnostic Equipment,Monitoring Devices,A&D Medical UA-767FAM Multi-User BP Monitor,1917.44,8,0,564.4995
59,HC-2018-623285,3/21/2018,3/27/2018,Standard Class,EJ-53309,Ethan Johnson,Health System,United States,Dallas,Texas,75201,South,P-IS-10000049,Pharmaceutical,IV Solutions,Fresenius Kabi Sterile Water for Injection 1000mL,206.57,13,0.5,-13.3877
60,HC-2017-800280,10/2/2017,10/4/2017,Second Class,SM-16658,Sarah Martinez,Home Care,United States,Memphis,Tennessee,38101,South,DE-MD-10000024,Diagnostic Equipment,Monitoring Devices,A&D Medical UA-767FAM Multi-User BP Monitor,1764.3925,5,0.35,443.7466
61,HC-2017-700076,1/10/2017,1/13/2017,Second Class,RL-37742,Richard Lopez,Health System,United States,Memphis,Tennessee,38101,South,DE-LS-10000039,Diagnostic Equipment,Lab Supplies,Fisherbrand Microcentrifuge Tubes 1.5mL 500pk,57.26,2,0,-6.4557
62,HC-2017-461249,12/12/2017,12/17/2017,Standard Class,MM-65069,Mary Miller,Health System,United States,Minneapolis,Minnesota,55401,Central,MS-G&-10000006,Medical Supplies,Gloves & PPE,Kimberly-Clark Purple Nitrile Exam Gloves Large,521.892,14,0.1,-108.4319
63,HC-2015-362778,12/4/2015,12/5/2015,Same Day,LR-14207,Linda Ramirez,Home Care,United States,Cleveland,Ohio,44101,Central,MS-S&-10000011,Medical Supplies,Syringes & Needles,Covidien Monoject 1mL Insulin Syringe 28G,134.095,10,0.35,26.6428
64,HC-2018-377511,4/4/2018,4/12/2018,Standard Class,PM-38569,Patricia Martin,Health System,United States,Houston,Texas,77001,South,P-OM-10000044,Pharmaceutical,OTC Medications,Zyrtec Allergy 10mg Cetirizine Tablets 70ct,186.5215,11,0.45,-18.5294
65,HC-2016-607774,9/10/2016,9/12/2016,First Class,IB-49363,Isabella Brown,Health System,United States,Los Angeles,California,90001,West,DE-TK-10000027,Diagnostic Equipment,Testing Kits,Quidel QuickVue Influenza A+B Test Kit 25ct,499.926,6,0.3,181.8094
66,HC-2017-247720,3/27/2017,4/2/2017,Standard Class,LJ-17989,Liam Jackson,Health System,United States,Dallas,Texas,75201,South,MS-WC-10000002,Medical Supplies,Wound Care,Dynarex Non-Adherent Sterile Dressing Pads 3x4in,481.376,14,0.2,126.9037
67,HC-2016-629996,10/2/2016,10/7/2016,Second Class,PL-66959,Patricia Lee,Health System,United States,Cincinnati,Ohio,45201,Central,DE-TK-10000026,Diagnostic Equipment,Testing Kits,Roche Accu-Chek Guide Blood Glucose Meter Kit,103.878,1,0.1,-17.2191
68,HC-2015-304110,8/9/2015,8/11/2015,First Class,WR-20735,William Ramirez,Health System,United States,San Francisco,California,94101,West,DE-IS-10000030,Diagnostic Equipment,Imaging Supplies,Covidien Kendall Ultrasound Gel 8.5oz,644.0,8,0.3,-127.501
69,HC-2018-891638,10/25/2018,10/27/2018,Second Class,WG-24168,William Garcia,Clinic,United States,Portland,Oregon,97201,West,MS-G&-10000009,Medical Supplies,Gloves & PPE,Dynarex SafeTouch Latex-Free Vinyl Gloves Medium,419.58,9,0,79.3261
70,HC-2017-722565,11/29/2017,12/5/2017,Standard Class,SP-79329,Sophia Perez,Health System,United States,Milwaukee,Wisconsin,53201,Central,DE-LS-10000039,Diagnostic Equipment,Lab Supplies,Fisherbrand Microcentrifuge Tubes 1.5mL 500pk,585.648,14,0.1,171.9882
71,HC-2018-711868,4/10/2018,4/12/2018,First Class,AH-20458,Ava Hernandez,Clinic,United States,Sacramento,California,95814,West,DE-TK-10000029,Diagnostic Equipment,Testing Kits,McKesson Blood Glucose Test Strips 100ct,857.5,10,0.3,332.9102
72,HC-2018-824042,10/26/2018,10/31/2018,Standard Class,LL-96951,Lisa Lopez,Health System,United States,Charlotte,North Carolina,28201,South,MS-B&-10000019,Medical Supplies,Bandages & Tape,Dukal Elastic Stretch Bandage 6in,113.512,8,0.3,39.6924
73,HC-2018-659024,12/16/2018,12/20/2018,Second Class,JA-92544,Joseph Anderson,Home Care,United States,Portland,Oregon,97201,West,DE-IS-10000032,Diagnostic Equipment,Imaging Supplies,Medline X-Ray Film Processing Chemical Kit,624.036,4,0.05,172.1099
74,HC-2018-809489,12/14/2018,12/21/2018,Standard Class,LJ-41266,Lisa Jones,Health System,United States,Las Vegas,Nevada,89101,West,P-IS-10000048,Pharmaceutical,IV Solutions,ICU Medical Normal Saline 250mL IV Bag,926.744,13,0.3,81.33
75,HC-2015-829988,6/11/2015,6/18/2015,Standard Class,WR-20735,William Ramirez,Health System,United States,Louisville,Kentucky,40201,South,DE-TK-10000025,Diagnostic Equipment,Testing Kits,Abbott BinaxNOW COVID-19 Antigen Rapid Test 2-Pack,1204.3,10,0,-194.0067
76,HC-2015-265613,4/18/2015,4/22/2015,Standard Class,JJ-70515,Jessica Jones,Health System,United States,Philadelphia,Pennsylvania,19101,East,DE-LS-10000038,Diagnostic Equipment,Lab Supplies,Globe Scientific Disposable Transfer Pipettes 3mL,1083.03,13,0,307.8335
77,HC-2015-139286,12/25/2015,12/27/2015,First Class,WJ-55745,William Jones,Home Care,United States,Philadelphia,Pennsylvania,19101,East,MS-S&-10000014,Medical Supplies,Syringes & Needles,BD Eclipse Safety Needle 25G 1in,114.399,6,0.05,-18.5923
78,HC-2017-779776,12/9/2017,12/10/2017,Same Day,SL-19545,Sarah Lee,Health System,United States,Dallas,Texas,75201,South,DE-TK-10000025,Diagnostic Equipment,Testing Kits,Abbott BinaxNOW COVID-19 Antigen Rapid Test 2-Pack,1809.34,13,0,603.5167
79,HC-2015-293757,12/26/2015,1/2/2016,Standard Class,KM-86622,Karen Martinez,Health System,United States,Seattle,Washington,98101,West,MS-B&-10000017,Medical Supplies,Bandages & Tape,Covidien Curity Gauze Bandage Roll 4in,23.65,1,0,-2.4285
80,HC-2018-819400,3/19/2018,3/23/2018,Standard Class,TW-80575,Thomas Walker,Health System,United States,Hartford,Connecticut,6101,East,P-V&-10000052,Pharmaceutical,Vitamins & Supplements,Garden of Life Vitamin C Organic 60 Capsules,284.823,11,0.3,36.9989
81,HC-2015-898867,10/1/2015,10/8/2015,Standard Class,JG-46509,Jessica Garcia,Clinic,United States,Hartford,Connecticut,6101,East,MS-WC-10000004,Medical Supplies,Wound Care,Covidien Kendall Hydrogel Dressing 4x4in,294.36,12,0,-34.5497
82,HC-2015-563303,8/18/2015,8/26/2015,Standard Class,ES-85456,Emma Smith,Health System,United States,Phoenix,Arizona,85001,West,MS-G&-10000009,Medical Supplies,Gloves & PPE,Dynarex SafeTouch Latex-Free Vinyl Gloves Medium,366.444,9,0.1,-50.0912
83,HC-2015-366817,9/28/2015,10/6/2015,Standard Class,SH-51114,Susan Harris,Clinic,United States,Las Vegas,Nevada,89101,West,MS-G&-10000009,Medical Supplies,Gloves & PPE,Dynarex SafeTouch Latex-Free Vinyl Gloves Medium,118.79,7,0,-22.8132
84,HC-2017-493892,8/24/2017,8/31/2017,Standard Class,MW-53025,Michael Wilson,Health System,United States,San Francisco,California,94101,West,MS-G&-10000007,Medical Supplies,Gloves & PPE,Medline SensiCare Ice Blue Nitrile Gloves Small,162.567,9,0.1,46.4565
85,HC-2015-583000,1/8/2015,1/9/2015,Same Day,LJ-17989,Liam Jackson,Home Care,United States,San Francisco,California,94101,West,DE-TK-10000027,Diagnostic Equipment,Testing Kits,Quidel QuickVue Influenza A+B Test Kit 25ct,422.838,12,0.35,-41.0269
86,HC-2015-521805,2/2/2015,2/4/2015,Second Class,MP-91070,Mason Perez,Health System,United States,New York,New York,10001,East,DE-TK-10000029,Diagnostic Equipment,Testing Kits,McKesson Blood Glucose Test Strips 100ct,575.064,14,0.3,-79.8035
87,HC-2016-792282,8/15/2016,8/17/2016,First Class,DT-12552,David Taylor,Health System,United States,Richmond,Virginia,23218,East,P-OM-10000043,Pharmaceutical,OTC Medications,Pepcid AC Maximum Strength 20mg 50ct,13.7665,1,0.45,2.2627
88,HC-2018-494747,2/12/2018,2/13/2018,Same Day,SP-79329,Sophia Perez,Health System,United States,San Francisco,California,94101,West,MS-B&-10000016,Medical Supplies,Bandages & Tape,Johnson & Johnson Elastikon Elastic Bandage 3in,76.44,5,0.3,-9.8307
89,HC-2015-154040,10/2/2015,10/6/2015,Second Class,WT-73624,William Thompson,Health System,United States,Milwaukee,Wisconsin,53201,Central,DE-LS-10000039,Diagnostic Equipment,Lab Supplies,Fisherbrand Microcentrifuge Tubes 1.5mL 500pk,986.706,14,0.1,-152.5246
90,HC-2018-877493,2/18/2018,2/22/2018,Second Class,WT-73624,William Thompson,Health System,United States,Chicago,Illinois,60601,Central,MS-B&-10000016,Medical Supplies,Bandages & Tape,Johnson & Johnson Elastikon Elastic Bandage 3in,200.988,12,0.1,52.1215
91,HC-2016-203398,8/2/2016,8/8/2016,Standard Class,JP-10726,John Perez,Home Care,United States,Louisville,Kentucky,40201,South,P-IS-10000047,Pharmaceutical,IV Solutions,B. Braun Lactated Ringer's Injection 1000mL,334.29,6,0.5,18.7012
92,HC-2015-973844,10/26/2015,11/1/2015,Standard Class,MS-14067,Mary Sanchez,Health System,United States,Charlotte,North Carolina,28201,South,MS-B&-10000019,Medical Supplies,Bandages & Tape,Dukal Elastic Stretch Bandage 6in,195.25,11,0,-18.0774
93,HC-2017-772985,8/1/2017,8/6/2017,Standard Class,MJ-91560,Mia Jones,Health System,United States,Hartford,Connecticut,6101,East,MS-WC-10000000,Medical Supplies,Wound Care,3M Tegaderm Transparent Film Dressing 4x4.75in,472.67,11,0,-62.9346
94,HC-2016-791309,4/18/2016,4/21/2016,Second Class,LR-76162,Lisa Ramirez,Clinic,United States,Los Angeles,California,90001,West,DE-MD-10000020,Diagnostic Equipment,Monitoring Devices,Welch Allyn Connex Spot Monitor with SpO2,3745.91,7,0,836.6311
95,HC-2015-301255,2/5/2015,2/10/2015,Standard Class,NW-73788,Noah White,Clinic,United States,Dallas,Texas,75201,South,P-V&-10000052,Pharmaceutical,Vitamins & Supplements,Garden of Life Vitamin C Organic 60 Capsules,116.16,5,0.45,-2.8005
96,HC-2018-158840,11/28/2018,12/2/2018,Standard Class,LW-25906,Linda Walker,Health System,United States,New Orleans,Louisiana,70112,South,P-OM-10000041,Pharmaceutical,OTC Medications,Ibuprofen USP 200mg Tablets 500ct Bulk,98.91,14,0.5,-9.0187
97,HC-2015-669408,3/29/2015,3/31/2015,First Class,BT-51441,Barbara Thomas,Clinic,United States,Dallas,Texas,75201,South,P-V&-10000050,Pharmaceutical,Vitamins & Supplements,Nature's Bounty Vitamin D3 2000IU 240 Softgels,173.936,14,0.2,-18.2623
98,HC-2018-809922,12/30/2018,12/31/2018,Same Day,EM-33405,Ethan Martinez,Home Care,United States,Columbus,Ohio,43004,East,P-IS-10000048,Pharmaceutical,IV Solutions,ICU Medical Normal Saline 250mL IV Bag,143.34,3,0.5,-12.3967
99,HC-2016-911131,12/9/2016,12/15/2016,Standard Class,JL-77033,Jessica Lee,Home Care,United States,Columbus,Ohio,43004,East,DE-MD-10000022,Diagnostic Equipment,Monitoring Devices,Masimo Rad-8 Pulse Oximeter Tabletop Unit,4971.956,8,0.15,-792.4135
100,HC-2017-186023,2/7/2017,2/11/2017,Standard Class,MP-83000,Mia Perez,Clinic,United States,Pittsburgh,Pennsylvania,15201,East,DE-TK-10000028,Diagnostic Equipment,Testing Kits,BD Veritor System Flu A+B Analyzer,1488.41,11,0,547.6323
101,HC-2017-296494,1/8/2017,1/12/2017,Second Class,MP-75435,Michael Perez,Health System,United States,Las Vegas,Nevada,89101,West,DE-LS-10000039,Diagnostic Equipment,Lab Supplies,Fisherbrand Microcentrifuge Tubes 1.5mL 500pk,512.75,7,0,115.4982
102,HC-2018-860053,2/9/2018,2/16/2018,Standard Class,MM-51245,Mia Martin,Health System,United States,New Orleans,Louisiana,70112,South,P-OM-10000044,Pharmaceutical,OTC Medications,Zyrtec Allergy 10mg Cetirizine Tablets 70ct,277.662,11,0.3,18.8947
103,HC-2015-855917,5/10/2015,5/14/2015,Second Class,LJ-17989,Liam Jackson,Health System,United States,Richmond,Virginia,23218,East,P-IS-10000049,Pharmaceutical,IV Solutions,Fresenius Kabi Sterile Water for Injection 1000mL,457.352,8,0.3,-16.3925
104,HC-2016-517584,11/5/2016,11/11/2016,Standard Class,LW-54313,Linda Williams,Clinic,United States,Denver,Colorado,80201,West,DE-IS-10000033,Diagnostic Equipment,Imaging Supplies,3M Scotchcast Plus Fiberglass Casting Tape 2in,3157.83,13,0,900.5413
105,HC-2017-128223,3/15/2017,3/16/2017,Same Day,JJ-70515,Jessica Jones,Clinic,United States,Kansas City,Missouri,64101,Central,P-IS-10000046,Pharmaceutical,IV Solutions,Hospira 5% Dextrose Injection USP 500mL,159.625,5,0.5,-3.7666
106,HC-2015-710527,10/13/2015,10/16/2015,Second Class,NM-83259,Noah Moore,Health System,United States,Boston,Massachusetts,2101,East,DE-LS-10000039,Diagnostic Equipment,Lab Supplies,Fisherbrand Microcentrifuge Tubes 1.5mL 500pk,90.528,6,0.2,-21.6779
107,HC-2015-889245,6/24/2015,6/28/2015,Second Class,PW-85574,Patricia Wilson,Clinic,United States,New York,New York,10001,East,DE-LS-10000035,Diagnostic Equipment,Lab Supplies,Thermo Scientific Nunc CryoTube Vials 1.8mL 100pk,80.55,5,0,-15.5688
108,HC-2018-461724,2/16/2018,2/22/2018,Standard Class,EM-20322,Ethan Martin,Clinic,United States,Sacramento,California,95814,West,MS-B&-10000015,Medical Supplies,Bandages & Tape,3M Micropore Surgical Tape 1in x 10yd,20.4,2,0,7.0638
109,HC-2016-434400,12/14/2016,12/22/2016,Standard Class,NH-39444,Noah Hernandez,Health System,United States,Salt Lake City,Utah,84101,West,MS-S&-10000010,Medical Supplies,Syringes & Needles,BD 3mL Luer-Lok Syringe with 21G Needle,50.5,2,0,17.6667
110,HC-2018-514798,2/4/2018,2/9/2018,Standard Class,BH-37549,Barbara Hernandez,Health System,United States,Philadelphia,Pennsylvania,19101,East,MS-G&-10000008,Medical Supplies,Gloves & PPE,Cardinal Health Flexal Nitrile Exam Gloves XL,365.89,7,0,117.4313
111,HC-2018-725969,1/4/2018,1/8/2018,Standard Class,MW-54942,Michael White,Clinic,United States,Memphis,Tennessee,38101,South,DE-LS-10000039,Diagnostic Equipment,Lab Supplies,Fisherbrand Microcentrifuge Tubes 1.5mL 500pk,113.358,6,0.3,35.3192
112,HC-2018-635638,4/23/2018,4/25/2018,Second Class,MS-88504,Mia Smith,Health System,United States,Phoenix,Arizona,85001,West,DE-LS-10000039,Diagnostic Equipment,Lab Supplies,Fisherbrand Microcentrifuge Tubes 1.5mL 500pk,185.724,7,0.1,-28.6554
113,HC-2015-110048,12/21/2015,12/26/2015,Standard Class,EA-13248,Ethan Anderson,Clinic,United States,Salt Lake City,Utah,84101,West,DE-TK-10000026,Diagnostic Equipment,Testing Kits,Roche Accu-Chek Guide Blood Glucose Meter Kit,1089.792,9,0.2,-152.8385
114,HC-2018-406278,11/3/2018,11/10/2018,Standard Class,JD-19880,Joseph Davis,Health System,United States,Birmingham,Alabama,35201,South,MS-S&-10000011,Medical Supplies,Syringes & Needles,Covidien Monoject 1mL Insulin Syringe 28G,38.724,3,0.3,-4.2049
115,HC-2018-896922,1/30/2018,2/7/2018,Standard Class,RJ-48427,Robert Jackson,Clinic,United States,Richmond,Virginia,23218,East,P-IS-10000049,Pharmaceutical,IV Solutions,Fresenius Kabi Sterile Water for Injection 1000mL,146.475,7,0.5,23.1297
116,HC-2015-320073,3/8/2015,3/15/2015,Standard Class,WW-69638,William Walker,Clinic,United States,Minneapolis,Minnesota,55401,Central,P-V&-10000052,Pharmaceutical,Vitamins & Supplements,Garden of Life Vitamin C Organic 60 Capsules,220.8,10,0.5,15.8043
117,HC-2018-999695,3/13/2018,3/16/2018,Second Class,ML-20745,Mary Lee,Health System,United States,Detroit,Michigan,48201,Central,P-V&-10000050,Pharmaceutical,Vitamins & Supplements,Nature's Bounty Vitamin D3 2000IU 240 Softgels,88.985,13,0.5,15.0776
118,HC-2015-493396,9/29/2015,10/6/2015,Standard Class,IB-49363,Isabella Brown,Clinic,United States,Sacramento,California,95814,West,DE-MD-10000020,Diagnostic Equipment,Monitoring Devices,Welch Allyn Connex Spot Monitor with SpO2,5210.64,12,0,1870.3109
119,HC-2016-517035,11/1/2016,11/3/2016,First Class,JT-13804,Jessica Taylor,Home Care,United States,Richmond,Virginia,23218,East,MS-B&-10000016,Medical Supplies,Bandages & Tape,Johnson & Johnson Elastikon Elastic Bandage 3in,56.121,6,0.35,-7.9709
120,HC-2018-562721,3/29/2018,3/31/2018,First Class,AJ-26828,Ava Jones,Health System,United States,Memphis,Tennessee,38101,South,DE-MD-10000023,Diagnostic Equipment,Monitoring Devices,Omron HEM-7320 Upper Arm Blood Pressure Monitor,3333.72,12,0,1321.5851
121,HC-2016-861253,7/15/2016,7/21/2016,Standard Class,PR-27601,Patricia Robinson,Health System,United States,Philadelphia,Pennsylvania,19101,East,P-OM-10000043,Pharmaceutical,OTC Medications,Pepcid AC Maximum Strength 20mg 50ct,410.592,12,0.2,31.9214
122,HC-2017-174268,11/29/2017,12/3/2017,Second Class,JJ-70901,Joseph Jones,Clinic,United States,St. Louis,Missouri,63101,Central,MS-B&-10000015,Medical Supplies,Bandages & Tape,3M Micropore Surgical Tape 1in x 10yd,34.83,2,0.1,-8.4522
123,HC-2018-758589,10/18/2018,10/26/2018,Standard Class,LM-34931,Linda Miller,Health System,United States,Hartford,Connecticut,6101,East,P-OM-10000043,Pharmaceutical,OTC Medications,Pepcid AC Maximum Strength 20mg 50ct,228.48,8,0.3,13.9988
124,HC-2016-297810,5/22/2016,5/26/2016,Second Class,RW-30028,Richard White,Health System,United States,Detroit,Michigan,48201,Central,P-IS-10000047,Pharmaceutical,IV Solutions,B. Braun Lactated Ringer's Injection 1000mL,660.036,13,0.4,-75.4655
125,HC-2016-117500,10/10/2016,10/12/2016,First Class,MP-83000,Mia Perez,Clinic,United States,Phoenix,Arizona,85001,West,P-OM-10000040,Pharmaceutical,OTC Medications,Tylenol Extra Strength Acetaminophen 500mg 100ct,12.7105,1,0.45,-0.8836
126,HC-2017-947312,4/30/2017,5/6/2017,Standard Class,JA-71213,Jessica Anderson,Clinic,United States,Dallas,Texas,75201,South,MS-S&-10000013,Medical Supplies,Syringes & Needles,Terumo 10mL Hypodermic Syringe with Needle,178.906,13,0.3,55.4551
127,HC-2016-225245,5/3/2016,5/8/2016,Second Class,JB-42493,Joseph Brown,Health System,United States,Sacramento,California,95814,West,MS-G&-10000005,Medical Supplies,Gloves & PPE,Ansell TouchNTuff Nitrile Disposable Gloves Medium,111.072,6,0.2,31.4828
128,HC-2015-385192,12/8/2015,12/12/2015,Standard Class,LM-49446,Lisa Martin,Health System,United States,New York,New York,10001,East,P-OM-10000042,Pharmaceutical,OTC Medications,Bayer Aspirin 325mg Enteric Coated 300ct,364.96,10,0.2,-25.0726
129,HC-2017-339499,1/7/2017,1/9/2017,First Class,NH-25014,Noah Harris,Home Care,United States,Dallas,Texas,75201,South,P-V&-10000050,Pharmaceutical,Vitamins & Supplements,Nature's Bounty Vitamin D3 2000IU 240 Softgels,89.635,14,0.35,5.0176
130,HC-2015-384434,3/14/2015,3/16/2015,First Class,SM-16658,Sarah Martinez,Home Care,United States,San Francisco,California,94101,West,MS-S&-10000010,Medical Supplies,Syringes & Needles,BD 3mL Luer-Lok Syringe with 21G Needle,16.6725,1,0.05,-2.2472
131,HC-2016-586462,9/28/2016,10/4/2016,Standard Class,JM-48890,John Miller,Clinic,United States,Birmingham,Alabama,35201,South,DE-LS-10000036,Diagnostic Equipment,Lab Supplies,BD Vacutainer EDTA Blood Collection Tubes 10mL,579.033,9,0.3,219.5662
132,HC-2015-208998,2/18/2015,2/24/2015,Standard Class,WB-24029,William Brown,Home Care,United States,New Orleans,Louisiana,70112,South,MS-G&-10000008,Medical Supplies,Gloves & PPE,Cardinal Health Flexal Nitrile Exam Gloves XL,43.187,1,0.05,13.9205
133,HC-2017-178465,11/30/2017,12/2/2017,First Class,PL-66959,Patricia Lee,Health System,United States,Newark,New Jersey,7101,East,P-V&-10000050,Pharmaceutical,Vitamins & Supplements,Nature's Bounty Vitamin D3 2000IU 240 Softgels,55.167,3,0.3,4.6301
134,HC-2016-272359,10/30/2016,11/1/2016,Second Class,OG-99192,Olivia Garcia,Health System,United States,Birmingham,Alabama,35201,South,DE-LS-10000037,Diagnostic Equipment,Lab Supplies,Corning 50mL Polypropylene Centrifuge Tubes 25pk,519.12,9,0,214.3586
135,HC-2017-325465,7/14/2017,7/16/2017,Second Class,PW-59615,Patricia Walker,Home Care,United States,Nashville,Tennessee,37201,South,DE-TK-10000025,Diagnostic Equipment,Testing Kits,Abbott BinaxNOW COVID-19 Antigen Rapid Test 2-Pack,689.673,6,0.15,222.5519
136,HC-2015-942946,12/23/2015,12/31/2015,Standard Class,RS-16175,Robert Sanchez,Health System,United States,Baltimore,Maryland,21201,East,MS-WC-10000000,Medical Supplies,Wound Care,3M Tegaderm Transparent Film Dressing 4x4.75in,133.64,13,0,-11.0196
137,HC-2017-307356,2/1/2017,2/2/2017,Same Day,OW-89840,Olivia Williams,Health System,United States,Boston,Massachusetts,2101,East,P-IS-10000046,Pharmaceutical,IV Solutions,Hospira 5% Dextrose Injection USP 500mL,286.16,14,0.3,-7.5465
138,HC-2015-296242,4/14/2015,4/21/2015,Standard Class,LM-34931,Linda Miller,Health System,United States,New Orleans,Louisiana,70112,South,DE-IS-10000033,Diagnostic Equipment,Imaging Supplies,3M Scotchcast Plus Fiberglass Casting Tape 2in,179.48,1,0.2,61.7116
139,HC-2018-773870,8/18/2018,8/22/2018,Standard Class,MB-22704,Michael Brown,Health System,United States,New Orleans,Louisiana,70112,South,P-OM-10000044,Pharmaceutical,OTC Medications,Zyrtec Allergy 10mg Cetirizine Tablets 70ct,174.09,7,0.5,-10.0991
140,HC-2017-130726,9/19/2017,9/26/2017,Standard Class,JD-19880,Joseph Davis,Health System,United States,Houston,Texas,77001,South,DE-MD-10000023,Diagnostic Equipment,Monitoring Devices,Omron HEM-7320 Upper Arm Blood Pressure Monitor,5542.784,13,0.2,2327.5322
141,HC-2015-284654,7/25/2015,7/27/2015,Second Class,JR-77839,Joseph Robinson,Health System,United States,Buffalo,New York,14201,East,MS-S&-10000012,Medical Supplies,Syringes & Needles,Nipro 5mL Luer Slip Disposable Syringe,22.28,1,0.2,-4.2793
142,HC-2018-343923,2/28/2018,3/1/2018,Same Day,RM-69429,Richard Martinez,Health System,United States,Salt Lake City,Utah,84101,West,P-OM-10000040,Pharmaceutical,OTC Medications,Tylenol Extra Strength Acetaminophen 500mg 100ct,19.976,1,0.45,1.522
143,HC-2016-911982,11/28/2016,11/30/2016,First Class,MS-88504,Mia Smith,Clinic,United States,Birmingham,Alabama,35201,South,MS-S&-10000010,Medical Supplies,Syringes & Needles,BD 3mL Luer-Lok Syringe with 21G Needle,141.966,11,0.1,42.1928
144,HC-2016-827250,9/10/2016,9/11/2016,Same Day,WR-20735,William Ramirez,Clinic,United States,Philadelphia,Pennsylvania,19101,East,P-IS-10000046,Pharmaceutical,IV Solutions,Hospira 5% Dextrose Injection USP 500mL,666.435,14,0.45,59.9039
145,HC-2015-770718,9/18/2015,9/23/2015,Second Class,JC-82132,Joseph Clark,Health System,United States,Birmingham,Alabama,35201,South,P-OM-10000043,Pharmaceutical,OTC Medications,Pepcid AC Maximum Strength 20mg 50ct,143.052,12,0.3,13.6021
146,HC-2015-467506,12/10/2015,12/11/2015,Same Day,OG-80010,Olivia Garcia,Health System,United States,Miami,Florida,33101,South,DE-MD-10000020,Diagnostic Equipment,Monitoring Devices,Welch Allyn Connex Spot Monitor with SpO2,1008.384,8,0.2,306.4788
147,HC-2017-270557,4/27/2017,5/1/2017,Standard Class,KR-11934,Karen Ramirez,Clinic,United States,Columbus,Ohio,43004,East,DE-MD-10000020,Diagnostic Equipment,Monitoring Devices,Welch Allyn Connex Spot Monitor with SpO2,2100.18,6,0,861.772
148,HC-2016-838726,12/1/2016,12/9/2016,Standard Class,LR-76162,Lisa Ramirez,Health System,United States,Minneapolis,Minnesota,55401,Central,MS-B&-10000016,Medical Supplies,Bandages & Tape,Johnson & Johnson Elastikon Elastic Bandage 3in,105.525,7,0.1,-20.1248
149,HC-2016-676363,1/25/2016,1/31/2016,Standard Class,LM-12671,Linda Miller,Health System,United States,Seattle,Washington,98101,West,DE-TK-10000025,Diagnostic Equipment,Testing Kits,Abbott BinaxNOW COVID-19 Antigen Rapid Test 2-Pack,566.51,7,0,-94.8031
150,HC-2017-923002,9/10/2017,9/13/2017,Second Class,WB-24029,William Brown,Home Care,United States,Cincinnati,Ohio,45201,Central,DE-LS-10000038,Diagnostic Equipment,Lab Supplies,Globe Scientific Disposable Transfer Pipettes 3mL,463.08,5,0.15,-64.5299
151,HC-2017-164633,2/20/2017,2/27/2017,Standard Class,SS-80702,Sarah Smith,Home Care,United States,Denver,Colorado,80201,West,MS-WC-10000000,Medical Supplies,Wound Care,3M Tegaderm Transparent Film Dressing 4x4.75in,319.02,13,0.25,-50.3026
152,HC-2016-226124,4/27/2016,4/29/2016,Second Class,ER-50306,Ethan Ramirez,Home Care,United States,Newark,New Jersey,7101,East,DE-TK-10000026,Diagnostic Equipment,Testing Kits,Roche Accu-Chek Guide Blood Glucose Meter Kit,2169.7715,13,0.05,-212.8435
153,HC-2017-516656,6/10/2017,6/12/2017,First Class,JL-54236,Joseph Lopez,Health System,United States,Dallas,Texas,75201,South,P-IS-10000047,Pharmaceutical,IV Solutions,B. Braun Lactated Ringer's Injection 1000mL,503.79,14,0.5,-39.5971
154,HC-2017-460572,5/9/2017,5/11/2017,Second Class,RL-97670,Richard Lopez,Clinic,United States,Boston,Massachusetts,2101,East,DE-IS-10000033,Diagnostic Equipment,Imaging Supplies,3M Scotchcast Plus Fiberglass Casting Tape 2in,1392.4,10,0.2,438.062
155,HC-2016-881975,7/18/2016,7/22/2016,Standard Class,MT-39871,Mary Thompson,Clinic,United States,Portland,Oregon,97201,West,DE-IS-10000032,Diagnostic Equipment,Imaging Supplies,Medline X-Ray Film Processing Chemical Kit,337.61,14,0.3,94.7371
156,HC-2018-382507,11/3/2018,11/5/2018,First Class,RP-65518,Robert Perez,Clinic,United States,Cincinnati,Ohio,45201,Central,P-IS-10000049,Pharmaceutical,IV Solutions,Fresenius Kabi Sterile Water for Injection 1000mL,202.944,4,0.4,-13.6984
157,HC-2015-282176,11/22/2015,11/27/2015,Standard Class,WJ-38221,William Jones,Home Care,United States,Newark,New Jersey,7101,East,MS-G&-10000005,Medical Supplies,Gloves & PPE,Ansell TouchNTuff Nitrile Disposable Gloves Medium,220.172,8,0.05,80.0559
158,HC-2016-286209,7/15/2016,7/19/2016,Standard Class,TT-92960,Thomas Thompson,Health System,United States,Baltimore,Maryland,21201,East,DE-IS-10000032,Diagnostic Equipment,Imaging Supplies,Medline X-Ray Film Processing Chemical Kit,263.88,5,0.2,101.9036
159,HC-2016-638214,8/6/2016,8/9/2016,Second Class,MG-66531,Michael Gonzalez,Health System,United States,Baltimore,Maryland,21201,East,MS-WC-10000003,Medical Supplies,Wound Care,Smith & Nephew ALLEVYN Gentle Border Foam Dressing,459.03,11,0,137.8138
160,HC-2016-364239,4/3/2016,4/5/2016,First Class,JA-92544,Joseph Anderson,Home Care,United States,San Francisco,California,94101,West,MS-B&-10000017,Medical Supplies,Bandages & Tape,Covidien Curity Gauze Bandage Roll 4in,191.31,14,0.25,49.6317
161,HC-2015-605139,1/16/2015,1/24/2015,Standard Class,JL-18326,Jessica Lee,Health System,United States,Columbus,Ohio,43004,East,MS-S&-10000012,Medical Supplies,Syringes & Needles,Nipro 5mL Luer Slip Disposable Syringe,294.14,14,0,68.308
162,HC-2016-787237,1/21/2016,1/29/2016,Standard Class,EA-54597,Emma Anderson,Clinic,United States,Portland,Oregon,97201,West,DE-IS-10000032,Diagnostic Equipment,Imaging Supplies,Medline X-Ray Film Processing Chemical Kit,1445.976,7,0.1,-318.7045
163,HC-2016-289934,1/24/2016,1/30/2016,Standard Class,AR-59692,Ava Robinson,Home Care,United States,Phoenix,Arizona,85001,West,DE-MD-10000023,Diagnostic Equipment,Monitoring Devices,Omron HEM-7320 Upper Arm Blood Pressure Monitor,824.25,5,0.25,314.5905
164,HC-2018-408334,9/2/2018,9/9/2018,Standard Class,AR-31465,Ava Ramirez,Health System,United States,Richmond,Virginia,23218,East,DE-MD-10000023,Diagnostic Equipment,Monitoring Devices,Omron HEM-7320 Upper Arm Blood Pressure Monitor,1424.456,11,0.2,-287.2239
165,HC-2015-244037,5/26/2015,5/28/2015,Second Class,EM-20322,Ethan Martin,Health System,United States,San Francisco,California,94101,West,MS-S&-10000013,Medical Supplies,Syringes & Needles,Terumo 10mL Hypodermic Syringe with Needle,237.44,8,0,57.7636
166,HC-2016-613358,10/3/2016,10/7/2016,Second Class,NT-82063,Noah Taylor,Clinic,United States,Philadelphia,Pennsylvania,19101,East,MS-G&-10000009,Medical Supplies,Gloves & PPE,Dynarex SafeTouch Latex-Free Vinyl Gloves Medium,261.387,7,0.1,-27.7912
167,HC-2017-757128,2/24/2017,2/28/2017,Standard Class,LJ-23434,Linda Jones,Health System,United States,Cleveland,Ohio,44101,Central,P-OM-10000041,Pharmaceutical,OTC Medications,Ibuprofen USP 200mg Tablets 500ct Bulk,160.848,6,0.4,-6.114
168,HC-2015-820141,12/9/2015,12/13/2015,Second Class,JC-86019,Jessica Clark,Clinic,United States,Columbus,Ohio,43004,East,MS-S&-10000013,Medical Supplies,Syringes & Needles,Terumo 10mL Hypodermic Syringe with Needle,55.92,4,0,-8.2676
169,HC-2015-484398,2/9/2015,2/14/2015,Standard Class,JG-69470,Jessica Garcia,Clinic,United States,Columbus,Ohio,43004,East,P-V&-10000050,Pharmaceutical,Vitamins & Supplements,Nature's Bounty Vitamin D3 2000IU 240 Softgels,143.748,11,0.45,-11.2992
170,HC-2017-415743,5/3/2017,5/7/2017,Second Class,RM-65302,Robert Martin,Clinic,United States,Baltimore,Maryland,21201,East,DE-MD-10000024,Diagnostic Equipment,Monitoring Devices,A&D Medical UA-767FAM Multi-User BP Monitor,2644.64,10,0.2,654.3704
171,HC-2017-971889,11/13/2017,11/15/2017,Second Class,RB-84668,Richard Brown,Health System,United States,Sacramento,California,95814,West,P-OM-10000042,Pharmaceutical,OTC Medications,Bayer Aspirin 325mg Enteric Coated 300ct,180.68,5,0.2,21.9089
172,HC-2016-917392,11/8/2016,11/10/2016,Second Class,JJ-44718,Joseph Jones,Health System,United States,Cincinnati,Ohio,45201,Central,P-OM-10000040,Pharmaceutical,OTC Medications,Tylenol Extra Strength Acetaminophen 500mg 100ct,303.82,11,0.5,54.2399
173,HC-2015-199613,4/13/2015,4/15/2015,Second Class,NH-25014,Noah Harris,Health System,United States,Portland,Oregon,97201,West,MS-WC-10000001,Medical Supplies,Wound Care,Medline Bordered Gauze Island Dressing 4x4in,97.62,3,0,-9.8208
174,HC-2018-385037,6/27/2018,7/3/2018,Standard Class,JJ-42092,James Johnson,Health System,United States,New Orleans,Louisiana,70112,South,DE-LS-10000038,Diagnostic Equipment,Lab Supplies,Globe Scientific Disposable Transfer Pipettes 3mL,1080.69,13,0,262.1876
175,HC-2015-741055,11/23/2015,11/25/2015,First Class,EA-13248,Ethan Anderson,Clinic,United States,Philadelphia,Pennsylvania,19101,East,MS-G&-10000008,Medical Supplies,Gloves & PPE,Cardinal Health Flexal Nitrile Exam Gloves XL,134.262,2,0.1,36.0007
176,HC-2015-605339,1/26/2015,2/1/2015,Standard Class,LL-17492,Liam Lopez,Health System,United States,Sacramento,California,95814,West,DE-LS-10000036,Diagnostic Equipment,Lab Supplies,BD Vacutainer EDTA Blood Collection Tubes 10mL,742.32,9,0.2,171.4115
177,HC-2016-182659,10/18/2016,10/19/2016,Same Day,RS-61173,Richard Smith,Health System,United States,New Orleans,Louisiana,70112,South,DE-LS-10000039,Diagnostic Equipment,Lab Supplies,Fisherbrand Microcentrifuge Tubes 1.5mL 500pk,781.83,14,0.1,241.9089
178,HC-2015-689648,2/6/2015,2/10/2015,Standard Class,RW-30028,Richard White,Clinic,United States,Columbus,Ohio,43004,East,MS-B&-10000017,Medical Supplies,Bandages & Tape,Covidien Curity Gauze Bandage Roll 4in,8.141,1,0.3,-0.7313
179,HC-2016-102303,11/10/2016,11/16/2016,Standard Class,JC-82132,Joseph Clark,Health System,United States,Boston,Massachusetts,2101,East,DE-IS-10000032,Diagnostic Equipment,Imaging Supplies,Medline X-Ray Film Processing Chemical Kit,722.352,6,0.2,174.2779
180,HC-2017-326061,10/5/2017,10/9/2017,Standard Class,PL-66959,Patricia Lee,Health System,United States,Miami,Florida,33101,South,DE-TK-10000027,Diagnostic Equipment,Testing Kits,Quidel QuickVue Influenza A+B Test Kit 25ct,291.9,7,0,-70.9887
181,HC-2015-825423,1/9/2015,1/14/2015,Second Class,LW-54313,Linda Williams,Clinic,United States,Albuquerque,New Mexico,87101,West,P-OM-10000041,Pharmaceutical,OTC Medications,Ibuprofen USP 200mg Tablets 500ct Bulk,91.839,11,0.45,-9.0783
182,HC-2017-943890,2/26/2017,3/4/2017,Standard Class,NH-39444,Noah Hernandez,Home Care,United States,Portland,Oregon,97201,West,MS-G&-10000008,Medical Supplies,Gloves & PPE,Cardinal Health Flexal Nitrile Exam Gloves XL,476.73,12,0.25,-68.5869
183,HC-2018-628370,2/7/2018,2/11/2018,Second Class,JM-82603,James Martin,Home Care,United States,Kansas City,Missouri,64101,Central,P-V&-10000052,Pharmaceutical,Vitamins & Supplements,Garden of Life Vitamin C Organic 60 Capsules,245.895,13,0.5,-16.5903
184,HC-2018-252386,12/25/2018,1/1/2019,Standard Class,AM-56025,Ava Martinez,Health System,United States,Newark,New Jersey,7101,East,MS-WC-10000001,Medical Supplies,Wound Care,Medline Bordered Gauze Island Dressing 4x4in,232.44,13,0,87.5617
185,HC-2015-826596,3/8/2015,3/16/2015,Standard Class,KM-76307,Karen Miller,Clinic,United States,Albuquerque,New Mexico,87101,West,P-OM-10000043,Pharmaceutical,OTC Medications,Pepcid AC Maximum Strength 20mg 50ct,267.358,13,0.3,46.9369
186,HC-2015-874320,1/27/2015,2/1/2015,Second Class,CM-96900,Charles Martin,Clinic,United States,Milwaukee,Wisconsin,53201,Central,P-OM-10000041,Pharmaceutical,OTC Medications,Ibuprofen USP 200mg Tablets 500ct Bulk,51.891,3,0.3,3.8559
187,HC-2015-844163,9/2/2015,9/7/2015,Standard Class,JP-10726,John Perez,Health System,United States,Nashville,Tennessee,37201,South,MS-WC-10000001,Medical Supplies,Wound Care,Medline Bordered Gauze Island Dressing 4x4in,423.6,10,0,-85.0755
188,HC-2018-645895,9/17/2018,9/21/2018,Standard Class,MD-18834,Mary Davis,Clinic,United States,Richmond,Virginia,23218,East,MS-G&-10000008,Medical Supplies,Gloves & PPE,Cardinal Health Flexal Nitrile Exam Gloves XL,342.51,7,0,85.5866
189,HC-2018-220294,9/20/2018,9/28/2018,Standard Class,RM-65302,Robert Martin,Home Care,United States,Albuquerque,New Mexico,87101,West,P-IS-10000048,Pharmaceutical,IV Solutions,ICU Medical Normal Saline 250mL IV Bag,242.165,11,0.5,19.7843
190,HC-2015-567200,8/21/2015,8/25/2015,Standard Class,RW-30028,Richard White,Clinic,United States,Milwaukee,Wisconsin,53201,Central,DE-MD-10000022,Diagnostic Equipment,Monitoring Devices,Masimo Rad-8 Pulse Oximeter Tabletop Unit,2954.376,4,0.1,-953.6104
191,HC-2018-663876,1/6/2018,1/11/2018,Standard Class,IH-17100,Isabella Harris,Home Care,United States,St. Louis,Missouri,63101,Central,P-V&-10000053,Pharmaceutical,Vitamins & Supplements,Mason Natural Zinc 50mg Tablets 100ct,35.16,2,0.5,-0.9843
192,HC-2015-506881,3/19/2015,3/23/2015,Second Class,NH-97900,Noah Harris,Home Care,United States,Miami,Florida,33101,South,DE-LS-10000038,Diagnostic Equipment,Lab Supplies,Globe Scientific Disposable Transfer Pipettes 3mL,253.155,7,0.25,61.684
193,HC-2018-902448,4/14/2018,4/16/2018,First Class,MS-19508,Mia Sanchez,Clinic,United States,Nashville,Tennessee,37201,South,DE-LS-10000038,Diagnostic Equipment,Lab Supplies,Globe Scientific Disposable Transfer Pipettes 3mL,91.188,1,0.1,22.9123
194,HC-2018-248241,1/22/2018,1/28/2018,Standard Class,JL-54236,Joseph Lopez,Clinic,United States,Chicago,Illinois,60601,Central,MS-WC-10000000,Medical Supplies,Wound Care,3M Tegaderm Transparent Film Dressing 4x4.75in,143.031,7,0.3,41.4082
195,HC-2016-220190,12/5/2016,12/7/2016,First Class,LW-84847,Liam Walker,Home Care,United States,Birmingham,Alabama,35201,South,MS-WC-10000004,Medical Supplies,Wound Care,Covidien Kendall Hydrogel Dressing 4x4in,214.3485,9,0.05,51.0429
196,HC-2016-302897,5/28/2016,6/3/2016,Standard Class,LD-31417,Liam Davis,Health System,United States,Denver,Colorado,80201,West,DE-LS-10000038,Diagnostic Equipment,Lab Supplies,Globe Scientific Disposable Transfer Pipettes 3mL,544.28,11,0,195.2287
197,HC-2018-390119,3/4/2018,3/6/2018,First Class,LP-52237,Lisa Perez,Clinic,United States,Miami,Florida,33101,South,DE-TK-10000027,Diagnostic Equipment,Testing Kits,Quidel QuickVue Influenza A+B Test Kit 25ct,1159.704,8,0.1,338.3417
198,HC-2017-376021,9/24/2017,9/26/2017,Second Class,CT-41850,Charles Taylor,Home Care,United States,Kansas City,Missouri,64101,Central,P-V&-10000050,Pharmaceutical,Vitamins & Supplements,Nature's Bounty Vitamin D3 2000IU 240 Softgels,19.275,1,0.5,-1.5279
199,HC-2018-483588,4/23/2018,4/27/2018,Second Class,LJ-41571,Linda Johnson,Clinic,United States,Cleveland,Ohio,44101,Central,DE-TK-10000029,Diagnostic Equipment,Testing Kits,McKesson Blood Glucose Test Strips 100ct,623.925,5,0.1,-117.1507
200,HC-2017-791444,1/15/2017,1/23/2017,Standard Class,MG-39389,Mary Gonzalez,Health System,United States,Atlanta,Georgia,30301,South,MS-B&-10000017,Medical Supplies,Bandages & Tape,Covidien Curity Gauze Bandage Roll 4in,56.745,13,0.1,12.8442
201,HC-2017-780027,1/26/2017,2/2/2017,Standard Class,PW-59615,Patricia Walker,Home Care,United States,Salt Lake City,Utah,84101,West,DE-MD-10000024,Diagnostic Equipment,Monitoring Devices,A&D Medical UA-767FAM Multi-User BP Monitor,1996.085,5,0.35,-441.193
202,HC-2018-333726,1/19/2018,1/25/2018,Standard Class,LS-96511,Linda Smith,Clinic,United States,Boston,Massachusetts,2101,East,P-IS-10000047,Pharmaceutical,IV Solutions,B. Braun Lactated Ringer's Injection 1000mL,335.676,6,0.45,55.4981
203,HC-2017-793223,6/19/2017,6/23/2017,Second Class,NR-80381,Noah Robinson,Health System,United States,Atlanta,Georgia,30301,South,MS-B&-10000017,Medical Supplies,Bandages & Tape,Covidien Curity Gauze Bandage Roll 4in,122.432,8,0.2,33.7622
204,HC-2018-760120,4/24/2018,4/26/2018,First Class,MP-76540,Mason Perez,Clinic,United States,Birmingham,Alabama,35201,South,P-OM-10000044,Pharmaceutical,OTC Medications,Zyrtec Allergy 10mg Cetirizine Tablets 70ct,36.414,3,0.3,-1.7066
205,HC-2018-278852,7/29/2018,8/2/2018,Standard Class,LL-68008,Lisa Lopez,Home Care,United States,Birmingham,Alabama,35201,South,MS-B&-10000019,Medical Supplies,Bandages & Tape,Dukal Elastic Stretch Bandage 6in,45.5,10,0.35,-9.1045
206,HC-2018-238635,9/12/2018,9/16/2018,Second Class,NR-80282,Noah Ramirez,Health System,United States,Boston,Massachusetts,2101,East,MS-WC-10000001,Medical Supplies,Wound Care,Medline Bordered Gauze Island Dressing 4x4in,196.848,9,0.2,51.9598
207,HC-2018-732789,5/25/2018,6/2/2018,Standard Class,TW-23947,Thomas Walker,Health System,United States,Seattle,Washington,98101,West,P-OM-10000043,Pharmaceutical,OTC Medications,Pepcid AC Maximum Strength 20mg 50ct,173.28,6,0.2,-9.7518
208,HC-2017-397026,2/19/2017,2/21/2017,First Class,WW-37653,William Williams,Clinic,United States,Memphis,Tennessee,38101,South,P-V&-10000053,Pharmaceutical,Vitamins & Supplements,Mason Natural Zinc 50mg Tablets 100ct,9.415,1,0.5,-0.8622
209,HC-2017-365953,12/6/2017,12/9/2017,Second Class,AR-31465,Ava Ramirez,Health System,United States,Seattle,Washington,98101,West,DE-LS-10000039,Diagnostic Equipment,Lab Supplies,Fisherbrand Microcentrifuge Tubes 1.5mL 500pk,213.56,5,0.2,63.9593
210,HC-2018-871523,2/15/2018,2/21/2018,Standard Class,JL-77033,Jessica Lee,Health System,United States,Omaha,Nebraska,68101,Central,MS-WC-10000001,Medical Supplies,Wound Care,Medline Bordered Gauze Island Dressing 4x4in,264.816,12,0.1,-31.7868
211,HC-2018-192422,12/18/2018,12/22/2018,Standard Class,JC-86019,Jessica Clark,Home Care,United States,Hartford,Connecticut,6101,East,MS-S&-10000011,Medical Supplies,Syringes & Needles,Covidien Monoject 1mL Insulin Syringe 28G,135.565,10,0.05,-17.618
212,HC-2018-399899,5/8/2018,5/15/2018,Standard Class,RR-86556,Richard Robinson,Home Care,United States,Denver,Colorado,80201,West,MS-WC-10000004,Medical Supplies,Wound Care,Covidien Kendall Hydrogel Dressing 4x4in,306.546,12,0.05,92.8951
213,HC-2017-525146,1/6/2017,1/9/2017,Second Class,SH-51114,Susan Harris,Health System,United States,St. Louis,Missouri,63101,Central,P-OM-10000044,Pharmaceutical,OTC Medications,Zyrtec Allergy 10mg Cetirizine Tablets 70ct,90.468,12,0.3,-6.5922
214,HC-2016-104877,12/13/2016,12/15/2016,First Class,JT-97747,John Taylor,Home Care,United States,Cincinnati,Ohio,45201,Central,DE-TK-10000028,Diagnostic Equipment,Testing Kits,BD Veritor System Flu A+B Analyzer,791.5455,9,0.15,253.7963
215,HC-2018-814703,1/6/2018,1/13/2018,Standard Class,SL-19545,Sarah Lee,Clinic,United States,Baltimore,Maryland,21201,East,DE-MD-10000023,Diagnostic Equipment,Monitoring Devices,Omron HEM-7320 Upper Arm Blood Pressure Monitor,379.242,2,0.1,131.4955
216,HC-2016-179721,10/8/2016,10/14/2016,Standard Class,BG-15229,Barbara Gonzalez,Health System,United States,Dallas,Texas,75201,South,P-OM-10000043,Pharmaceutical,OTC Medications,Pepcid AC Maximum Strength 20mg 50ct,71.932,4,0.3,5.3058
217,HC-2016-808640,6/27/2016,6/30/2016,Second Class,LR-14207,Linda Ramirez,Health System,United States,Seattle,Washington,98101,West,P-IS-10000049,Pharmaceutical,IV Solutions,Fresenius Kabi Sterile Water for Injection 1000mL,231.392,14,0.2,37.0786
218,HC-2018-886609,6/25/2018,6/27/2018,First Class,JC-82132,Joseph Clark,Health System,United States,Louisville,Kentucky,40201,South,P-OM-10000040,Pharmaceutical,OTC Medications,Tylenol Extra Strength Acetaminophen 500mg 100ct,139.7165,7,0.45,7.5773
219,HC-2015-709231,12/24/2015,12/29/2015,Second Class,WL-19099,William Lewis,Clinic,United States,New York,New York,10001,East,MS-S&-10000012,Medical Supplies,Syringes & Needles,Nipro 5mL Luer Slip Disposable Syringe,101.6,5,0,29.4348
220,HC-2018-393212,6/9/2018,6/14/2018,Second Class,MM-15817,Michael Martinez,Health System,United States,Portland,Oregon,97201,West,DE-TK-10000029,Diagnostic Equipment,Testing Kits,McKesson Blood Glucose Test Strips 100ct,362.64,10,0.2,96.3583
221,HC-2018-241003,2/11/2018,2/16/2018,Standard Class,WT-20155,William Thomas,Health System,United States,Los Angeles,California,90001,West,P-V&-10000054,Pharmaceutical,Vitamins & Supplements,Nature Made Fish Oil 1200mg 200 Softgels,348.166,13,0.3,-17.2607
222,HC-2015-571706,4/8/2015,4/13/2015,Standard Class,JR-86484,Jessica Robinson,Home Care,United States,Hartford,Connecticut,6101,East,P-IS-10000047,Pharmaceutical,IV Solutions,B. Braun Lactated Ringer's Injection 1000mL,328.185,9,0.35,-12.4367
223,HC-2015-472358,9/6/2015,9/14/2015,Standard Class,JT-91416,James Thomas,Health System,United States,Newark,New Jersey,7101,East,DE-LS-10000038,Diagnostic Equipment,Lab Supplies,Globe Scientific Disposable Transfer Pipettes 3mL,607.096,7,0.2,168.3506
224,HC-2015-339303,12/10/2015,12/11/2015,Same Day,BG-15229,Barbara Gonzalez,Health System,United States,Boston,Massachusetts,2101,East,DE-IS-10000032,Diagnostic Equipment,Imaging Supplies,Medline X-Ray Film Processing Chemical Kit,1490.4,10,0.2,-178.3061
225,HC-2017-794180,1/13/2017,1/20/2017,Standard Class,RS-61173,Richard Smith,Health System,United States,Houston,Texas,77001,South,DE-MD-10000021,Diagnostic Equipment,Monitoring Devices,Nonin Onyx Vantage 9590 Finger Pulse Oximeter,500.38,2,0,-46.5871
226,HC-2018-424398,1/28/2018,2/1/2018,Standard Class,EM-33405,Ethan Martinez,Health System,United States,Atlanta,Georgia,30301,South,MS-G&-10000007,Medical Supplies,Gloves & PPE,Medline SensiCare Ice Blue Nitrile Gloves Small,126.39,3,0,36.0652
227,HC-2015-566453,2/28/2015,3/7/2015,Standard Class,JW-94246,James Williams,Home Care,United States,Albuquerque,New Mexico,87101,West,MS-G&-10000009,Medical Supplies,Gloves & PPE,Dynarex SafeTouch Latex-Free Vinyl Gloves Medium,434.28,11,0.25,-80.0387
228,HC-2016-111068,12/12/2016,12/14/2016,Second Class,BW-96951,Barbara Walker,Health System,United States,San Francisco,California,94101,West,MS-G&-10000007,Medical Supplies,Gloves & PPE,Medline SensiCare Ice Blue Nitrile Gloves Small,283.5,9,0,-36.0106
229,HC-2017-531736,9/4/2017,9/12/2017,Standard Class,RM-41195,Robert Moore,Clinic,United States,Houston,Texas,77001,South,P-IS-10000048,Pharmaceutical,IV Solutions,ICU Medical Normal Saline 250mL IV Bag,269.94,12,0.5,-10.8693
230,HC-2016-398505,3/27/2016,4/4/2016,Standard Class,MM-36772,Mia Martinez,Home Care,United States,Columbus,Ohio,43004,East,P-V&-10000054,Pharmaceutical,Vitamins & Supplements,Nature Made Fish Oil 1200mg 200 Softgels,220.3425,7,0.25,16.2421
231,HC-2018-395818,12/5/2018,12/7/2018,Second Class,RS-16175,Robert Sanchez,Health System,United States,Louisville,Kentucky,40201,South,DE-TK-10000028,Diagnostic Equipment,Testing Kits,BD Veritor System Flu A+B Analyzer,550.8,4,0,-55.1101
232,HC-2016-158760,3/20/2016,3/26/2016,Standard Class,PW-57576,Patricia Walker,Health System,United States,Los Angeles,California,90001,West,DE-LS-10000035,Diagnostic Equipment,Lab Supplies,Thermo Scientific Nunc CryoTube Vials 1.8mL 100pk,216.12,3,0,86.2621
233,HC-2016-595793,5/24/2016,5/25/2016,Same Day,NP-94696,Noah Perez,Clinic,United States,Dallas,Texas,75201,South,DE-IS-10000032,Diagnostic Equipment,Imaging Supplies,Medline X-Ray Film Processing Chemical Kit,778.68,12,0,-172.374
234,HC-2017-218414,12/2/2017,12/7/2017,Standard Class,JG-46509,Jessica Garcia,Home Care,United States,Los Angeles,California,90001,West,MS-B&-10000017,Medical Supplies,Bandages & Tape,Covidien Curity Gauze Bandage Roll 4in,53.352,13,0.05,-6.3369
235,HC-2016-195841,5/12/2016,5/17/2016,Second Class,WT-20155,William Thomas,Health System,United States,Dallas,Texas,75201,South,P-V&-10000052,Pharmaceutical,Vitamins & Supplements,Garden of Life Vitamin C Organic 60 Capsules,489.84,13,0.2,28.2984
236,HC-2018-944654,12/7/2018,12/12/2018,Second Class,ND-97416,Noah Davis,Clinic,United States,Albuquerque,New Mexico,87101,West,DE-TK-10000025,Diagnostic Equipment,Testing Kits,Abbott BinaxNOW COVID-19 Antigen Rapid Test 2-Pack,632.784,6,0.2,156.2638
237,HC-2018-388698,2/18/2018,2/26/2018,Standard Class,ES-23970,Ethan Sanchez,Health System,United States,Charlotte,North Carolina,28201,South,P-V&-10000051,Pharmaceutical,Vitamins & Supplements,Centrum Silver Multivitamin Adults 50+ 250ct,22.869,3,0.3,-2.1477
238,HC-2017-436272,1/21/2017,1/26/2017,Standard Class,BA-82845,Barbara Anderson,Home Care,United States,Omaha,Nebraska,68101,Central,P-OM-10000044,Pharmaceutical,OTC Medications,Zyrtec Allergy 10mg Cetirizine Tablets 70ct,101.9,4,0.5,-7.0116
239,HC-2016-287316,8/2/2016,8/6/2016,Standard Class,TW-23947,Thomas Walker,Health System,United States,Seattle,Washington,98101,West,MS-G&-10000005,Medical Supplies,Gloves & PPE,Ansell TouchNTuff Nitrile Disposable Gloves Medium,90.02,2,0,-10.5936
240,HC-2018-318877,9/9/2018,9/13/2018,Standard Class,MD-76237,Michael Davis,Clinic,United States,Sacramento,California,95814,West,P-IS-10000045,Pharmaceutical,IV Solutions,Baxter 0.9% Sodium Chloride Injection 1000mL,514.437,11,0.3,-25.2162
241,HC-2017-326387,1/25/2017,1/29/2017,Second Class,MS-17331,Mason Sanchez,Home Care,United States,Dallas,Texas,75201,South,P-OM-10000040,Pharmaceutical,OTC Medications,Tylenol Extra Strength Acetaminophen 500mg 100ct,270.621,9,0.35,20.3251
242,HC-2016-209159,1/2/2016,1/10/2016,Standard Class,LR-32810,Liam Robinson,Clinic,United States,Salt Lake City,Utah,84101,West,MS-G&-10000009,Medical Supplies,Gloves & PPE,Dynarex SafeTouch Latex-Free Vinyl Gloves Medium,188.688,6,0.2,-23.9598
243,HC-2016-737967,10/7/2016,10/8/2016,Same Day,MM-15778,Mason Martinez,Home Care,United States,Buffalo,New York,14201,East,MS-G&-10000008,Medical Supplies,Gloves & PPE,Cardinal Health Flexal Nitrile Exam Gloves XL,730.398,12,0.05,-73.6246
244,HC-2015-325258,1/1/2015,1/2/2015,Same Day,JC-82132,Joseph Clark,Health System,United States,Nashville,Tennessee,37201,South,DE-MD-10000022,Diagnostic Equipment,Monitoring Devices,Masimo Rad-8 Pulse Oximeter Tabletop Unit,6025.752,9,0.2,-1208.0439
245,HC-2015-950472,11/13/2015,11/18/2015,Standard Class,RL-34356,Robert Lewis,Health System,United States,Birmingham,Alabama,35201,South,DE-MD-10000024,Diagnostic Equipment,Monitoring Devices,A&D Medical UA-767FAM Multi-User BP Monitor,1381.888,4,0.2,325.3521
246,HC-2017-500080,9/15/2017,9/17/2017,First Class,PM-38569,Patricia Martin,Clinic,United States,New York,New York,10001,East,MS-WC-10000002,Medical Supplies,Wound Care,Dynarex Non-Adherent Sterile Dressing Pads 3x4in,262.962,14,0.1,69.239
247,HC-2017-260639,2/22/2017,3/2/2017,Standard Class,JC-82132,Joseph Clark,Clinic,United States,Richmond,Virginia,23218,East,MS-B&-10000018,Medical Supplies,Bandages & Tape,Medline Non-Sterile Rolled Gauze 2in x 4.1yd,158.48,10,0.2,-12.5527
248,HC-2015-911414,10/31/2015,11/2/2015,Second Class,JC-86019,Jessica Clark,Health System,United States,Seattle,Washington,98101,West,P-OM-10000041,Pharmaceutical,OTC Medications,Ibuprofen USP 200mg Tablets 500ct Bulk,74.91,4,0.45,10.0973
249,HC-2018-193946,2/23/2018,2/28/2018,Standard Class,JT-97747,John Taylor,Health System,United States,New Orleans,Louisiana,70112,South,MS-B&-10000018,Medical Supplies,Bandages & Tape,Medline Non-Sterile Rolled Gauze 2in x 4.1yd,46.68,4,0,11.6189
250,HC-2016-309385,9/16/2016,9/24/2016,Standard Class,EJ-31579,Ethan Johnson,Home Care,United States,Houston,Texas,77001,South,P-IS-10000046,Pharmaceutical,IV Solutions,Hospira 5% Dextrose Injection USP 500mL,1005.585,14,0.25,146.9618
251,HC-2016-322167,8/12/2016,8/18/2016,Standard Class,NC-62994,Noah Clark,Health System,United States,Los Angeles,California,90001,West,MS-S&-10000014,Medical Supplies,Syringes & Needles,BD Eclipse Safety Needle 25G 1in,204.96,12,0,65.3852
252,HC-2017-155663,2/10/2017,2/16/2017,Standard Class,CM-51467,Charles Moore,Health System,United States,Nashville,Tennessee,37201,South,DE-MD-10000020,Diagnostic Equipment,Monitoring Devices,Welch Allyn Connex Spot Monitor with SpO2,1692.56,5,0.2,660.8035
253,HC-2015-430779,8/9/2015,8/11/2015,First Class,RG-38746,Richard Gonzalez,Home Care,United States,Cleveland,Ohio,44101,Central,DE-MD-10000021,Diagnostic Equipment,Monitoring Devices,Nonin Onyx Vantage 9590 Finger Pulse Oximeter,1430.624,8,0.35,-579.789
254,HC-2017-347678,12/20/2017,12/24/2017,Standard Class,JT-82692,James Thompson,Health System,United States,Portland,Oregon,97201,West,P-IS-10000045,Pharmaceutical,IV Solutions,Baxter 0.9% Sodium Chloride Injection 1000mL,462.448,7,0.2,79.8822
255,HC-2016-537605,4/6/2016,4/8/2016,First Class,RW-40982,Robert Walker,Home Care,United States,Newark,New Jersey,7101,East,MS-G&-10000008,Medical Supplies,Gloves & PPE,Cardinal Health Flexal Nitrile Exam Gloves XL,741.0,10,0.05,199.9469
256,HC-2016-907455,2/28/2016,3/4/2016,Standard Class,RJ-10053,Richard Jackson,Home Care,United States,Albuquerque,New Mexico,87101,West,MS-G&-10000007,Medical Supplies,Gloves & PPE,Medline SensiCare Ice Blue Nitrile Gloves Small,112.1175,9,0.25,22.8358
257,HC-2016-899484,9/13/2016,9/14/2016,Same Day,EA-54597,Emma Anderson,Health System,United States,Boston,Massachusetts,2101,East,P-V&-10000052,Pharmaceutical,Vitamins & Supplements,Garden of Life Vitamin C Organic 60 Capsules,183.92,10,0.45,14.7474
258,HC-2017-292913,1/5/2017,1/13/2017,Standard Class,SH-39831,Susan Hernandez,Clinic,United States,Cincinnati,Ohio,45201,Central,DE-LS-10000038,Diagnostic Equipment,Lab Supplies,Globe Scientific Disposable Transfer Pipettes 3mL,105.984,4,0.1,23.9996
259,HC-2017-821276,4/25/2017,4/30/2017,Standard Class,LL-72216,Liam Lewis,Home Care,United States,Memphis,Tennessee,38101,South,DE-LS-10000036,Diagnostic Equipment,Lab Supplies,BD Vacutainer EDTA Blood Collection Tubes 10mL,739.6415,13,0.05,-101.0605
260,HC-2016-357657,10/2/2016,10/3/2016,Same Day,RJ-48427,Robert Jackson,Home Care,United States,Memphis,Tennessee,38101,South,P-V&-10000053,Pharmaceutical,Vitamins & Supplements,Mason Natural Zinc 50mg Tablets 100ct,24.66,1,0.5,2.8876
261,HC-2016-823468,1/24/2016,1/30/2016,Standard Class,ID-23238,Isabella Davis,Health System,United States,San Francisco,California,94101,West,P-OM-10000043,Pharmaceutical,OTC Medications,Pepcid AC Maximum Strength 20mg 50ct,205.96,8,0.5,23.703
262,HC-2018-576769,11/26/2018,12/3/2018,Standard Class,NA-56438,Noah Anderson,Clinic,United States,Memphis,Tennessee,38101,South,MS-S&-10000012,Medical Supplies,Syringes & Needles,Nipro 5mL Luer Slip Disposable Syringe,187.236,12,0.3,39.8436
263,HC-2015-741804,7/6/2015,7/10/2015,Standard Class,EM-18418,Emma Miller,Clinic,United States,San Francisco,California,94101,West,MS-B&-10000019,Medical Supplies,Bandages & Tape,Dukal Elastic Stretch Bandage 6in,155.87,13,0,-33.8971
264,HC-2016-223264,1/2/2016,1/6/2016,Second Class,LM-38864,Linda Martin,Health System,United States,Hartford,Connecticut,6101,East,MS-G&-10000005,Medical Supplies,Gloves & PPE,Ansell TouchNTuff Nitrile Disposable Gloves Medium,271.65,5,0,-29.526
265,HC-2018-183262,1/18/2018,1/23/2018,Standard Class,SC-32241,Sarah Clark,Clinic,United States,Memphis,Tennessee,38101,South,P-V&-10000050,Pharmaceutical,Vitamins & Supplements,Nature's Bounty Vitamin D3 2000IU 240 Softgels,90.486,9,0.45,11.9191
266,HC-2015-447195,4/11/2015,4/15/2015,Second Class,EH-90173,Emma Hernandez,Clinic,United States,Houston,Texas,77001,South,MS-WC-10000000,Medical Supplies,Wound Care,3M Tegaderm Transparent Film Dressing 4x4.75in,70.29,3,0,-13.2603
267,HC-2018-960109,2/25/2018,3/1/2018,Standard Class,WL-19099,William Lewis,Health System,United States,Nashville,Tennessee,37201,South,MS-B&-10000019,Medical Supplies,Bandages & Tape,Dukal Elastic Stretch Bandage 6in,42.88,8,0,8.7649
268,HC-2016-191928,11/5/2016,11/13/2016,Standard Class,KH-81582,Karen Harris,Clinic,United States,Birmingham,Alabama,35201,South,DE-IS-10000033,Diagnostic Equipment,Imaging Supplies,3M Scotchcast Plus Fiberglass Casting Tape 2in,983.7,6,0,-191.8677
269,HC-2017-223949,11/30/2017,12/8/2017,Standard Class,OB-13278,Olivia Brown,Home Care,United States,Nashville,Tennessee,37201,South,MS-B&-10000015,Medical Supplies,Bandages & Tape,3M Micropore Surgical Tape 1in x 10yd,50.674,4,0.35,-6.1429
270,HC-2017-422722,4/27/2017,5/1/2017,Standard Class,OG-80010,Olivia Garcia,Health System,United States,Pittsburgh,Pennsylvania,15201,East,DE-IS-10000030,Diagnostic Equipment,Imaging Supplies,Covidien Kendall Ultrasound Gel 8.5oz,330.24,6,0,-59.2866
271,HC-2015-663051,12/26/2015,12/28/2015,First Class,JA-92544,Joseph Anderson,Clinic,United States,Philadelphia,Pennsylvania,19101,East,DE-LS-10000038,Diagnostic Equipment,Lab Supplies,Globe Scientific Disposable Transfer Pipettes 3mL,78.694,1,0.3,-15.3082
272,HC-2018-394083,10/20/2018,10/28/2018,Standard Class,LJ-41571,Linda Johnson,Health System,United States,Richmond,Virginia,23218,East,MS-S&-10000013,Medical Supplies,Syringes & Needles,Terumo 10mL Hypodermic Syringe with Needle,289.24,14,0,-34.0373
273,HC-2016-349185,1/19/2016,1/21/2016,First Class,SP-41358,Sarah Perez,Health System,United States,Pittsburgh,Pennsylvania,15201,East,DE-LS-10000037,Diagnostic Equipment,Lab Supplies,Corning 50mL Polypropylene Centrifuge Tubes 25pk,188.45,5,0,45.689
274,HC-2015-809589,11/12/2015,11/13/2015,Same Day,MM-65069,Mary Miller,Home Care,United States,Dallas,Texas,75201,South,MS-G&-10000005,Medical Supplies,Gloves & PPE,Ansell TouchNTuff Nitrile Disposable Gloves Medium,337.272,12,0.35,95.9434
275,HC-2015-769883,6/28/2015,6/30/2015,First Class,WH-89276,William Hernandez,Health System,United States,Pittsburgh,Pennsylvania,15201,East,MS-S&-10000011,Medical Supplies,Syringes & Needles,Covidien Monoject 1mL Insulin Syringe 28G,39.24,5,0.2,-3.8272
276,HC-2018-316612,10/6/2018,10/10/2018,Second Class,RS-16175,Robert Sanchez,Clinic,United States,Birmingham,Alabama,35201,South,P-IS-10000049,Pharmaceutical,IV Solutions,Fresenius Kabi Sterile Water for Injection 1000mL,108.885,3,0.3,13.5704
277,HC-2015-211072,5/26/2015,5/28/2015,First Class,MT-39871,Mary Thompson,Home Care,United States,Memphis,Tennessee,38101,South,DE-MD-10000020,Diagnostic Equipment,Monitoring Devices,Welch Allyn Connex Spot Monitor with SpO2,1018.44,3,0.25,-207.2877
278,HC-2018-695370,12/3/2018,12/8/2018,Standard Class,JP-10726,John Perez,Health System,United States,Newark,New Jersey,7101,East,MS-WC-10000003,Medical Supplies,Wound Care,Smith & Nephew ALLEVYN Gentle Border Foam Dressing,46.4,5,0.2,-5.7329
279,HC-2017-575301,8/21/2017,8/25/2017,Second Class,JL-27146,James Lopez,Clinic,United States,Portland,Oregon,97201,West,DE-MD-10000020,Diagnostic Equipment,Monitoring Devices,Welch Allyn Connex Spot Monitor with SpO2,2650.104,6,0.1,827.4906
280,HC-2017-583367,11/6/2017,11/8/2017,First Class,SD-45774,Sarah Davis,Clinic,United States,Seattle,Washington,98101,West,DE-LS-10000036,Diagnostic Equipment,Lab Supplies,BD Vacutainer EDTA Blood Collection Tubes 10mL,721.71,9,0,-119.7399
281,HC-2015-281493,5/16/2015,5/18/2015,First Class,RS-61173,Richard Smith,Clinic,United States,Richmond,Virginia,23218,East,P-V&-10000050,Pharmaceutical,Vitamins & Supplements,Nature's Bounty Vitamin D3 2000IU 240 Softgels,257.73,12,0.45,-10.0301
282,HC-2017-818807,8/6/2017,8/11/2017,Second Class,JL-18326,Jessica Lee,Health System,United States,San Francisco,California,94101,West,P-IS-10000047,Pharmaceutical,IV Solutions,B. Braun Lactated Ringer's Injection 1000mL,610.984,11,0.2,47.8337
283,HC-2015-414295,10/28/2015,11/4/2015,Standard Class,IM-76244,Isabella Martinez,Health System,United States,Hartford,Connecticut,6101,East,P-V&-10000052,Pharmaceutical,Vitamins & Supplements,Garden of Life Vitamin C Organic 60 Capsules,228.242,7,0.3,-24.4773
284,HC-2015-837520,1/17/2015,1/23/2015,Standard Class,OB-13278,Olivia Brown,Home Care,United States,Louisville,Kentucky,40201,South,P-IS-10000045,Pharmaceutical,IV Solutions,Baxter 0.9% Sodium Chloride Injection 1000mL,965.692,14,0.35,-61.4893
285,HC-2018-980764,12/28/2018,1/2/2019,Standard Class,JH-53540,Jennifer Harris,Clinic,United States,Denver,Colorado,80201,West,DE-TK-10000027,Diagnostic Equipment,Testing Kits,Quidel QuickVue Influenza A+B Test Kit 25ct,1975.71,11,0,487.7149
286,HC-2018-578180,8/20/2018,8/27/2018,Standard Class,IB-49363,Isabella Brown,Health System,United States,Kansas City,Missouri,64101,Central,P-V&-10000053,Pharmaceutical,Vitamins & Supplements,Mason Natural Zinc 50mg Tablets 100ct,136.72,8,0.5,-6.6592
287,HC-2016-704349,4/7/2016,4/12/2016,Standard Class,CM-96900,Charles Martin,Health System,United States,Pittsburgh,Pennsylvania,15201,East,DE-MD-10000020,Diagnostic Equipment,Monitoring Devices,Welch Allyn Connex Spot Monitor with SpO2,6757.92,12,0,-655.8774
288,HC-2018-357143,11/15/2018,11/22/2018,Standard Class,RR-94259,Richard Robinson,Home Care,United States,Albuquerque,New Mexico,87101,West,DE-MD-10000024,Diagnostic Equipment,Monitoring Devices,A&D Medical UA-767FAM Multi-User BP Monitor,2784.45,5,0.25,641.9685
289,HC-2017-403257,12/31/2017,1/8/2018,Standard Class,SH-30676,Susan Hernandez,Health System,United States,Buffalo,New York,14201,East,MS-WC-10000004,Medical Supplies,Wound Care,Covidien Kendall Hydrogel Dressing 4x4in,300.132,12,0.3,87.861
290,HC-2015-180595,12/13/2015,12/21/2015,Standard Class,EJ-20561,Ethan Jackson,Health System,United States,Memphis,Tennessee,38101,South,DE-IS-10000031,Diagnostic Equipment,Imaging Supplies,Parker Aquasonic 100 Ultrasound Transmission Gel,579.18,5,0.3,157.1843
291,HC-2018-608473,5/21/2018,5/28/2018,Standard Class,RS-61173,Richard Smith,Health System,United States,Phoenix,Arizona,85001,West,MS-WC-10000002,Medical Supplies,Wound Care,Dynarex Non-Adherent Sterile Dressing Pads 3x4in,106.584,3,0.2,39.0938
292,HC-2018-518114,7/29/2018,8/2/2018,Standard Class,SW-41979,Sarah Wilson,Health System,United States,Boston,Massachusetts,2101,East,DE-IS-10000033,Diagnostic Equipment,Imaging Supplies,3M Scotchcast Plus Fiberglass Casting Tape 2in,2019.16,13,0.2,-215.43
293,HC-2017-656011,8/29/2017,9/2/2017,Standard Class,MT-93130,Michael Thompson,Health System,United States,Salt Lake City,Utah,84101,West,P-OM-10000040,Pharmaceutical,OTC Medications,Tylenol Extra Strength Acetaminophen 500mg 100ct,338.1345,11,0.45,43.7421
294,HC-2016-645209,11/17/2016,11/19/2016,First Class,LW-84847,Liam Walker,Clinic,United States,Denver,Colorado,80201,West,DE-TK-10000027,Diagnostic Equipment,Testing Kits,Quidel QuickVue Influenza A+B Test Kit 25ct,1208.68,11,0,466.9589
295,HC-2017-124851,4/22/2017,4/27/2017,Second Class,SL-55082,Susan Lewis,Health System,United States,Nashville,Tennessee,37201,South,P-OM-10000040,Pharmaceutical,OTC Medications,Tylenol Extra Strength Acetaminophen 500mg 100ct,438.361,11,0.3,76.0835
296,HC-2015-769809,9/24/2015,9/28/2015,Standard Class,LT-52504,Linda Thompson,Health System,United States,Pittsburgh,Pennsylvania,15201,East,DE-IS-10000033,Diagnostic Equipment,Imaging Supplies,3M Scotchcast Plus Fiberglass Casting Tape 2in,1403.633,11,0.3,524.9923
297,HC-2017-739947,2/22/2017,2/23/2017,Same Day,MB-22704,Michael Brown,Clinic,United States,Dallas,Texas,75201,South,DE-TK-10000028,Diagnostic Equipment,Testing Kits,BD Veritor System Flu A+B Analyzer,263.403,9,0.3,-48.4004
298,HC-2018-914992,8/10/2018,8/14/2018,Standard Class,MM-72493,Mary Martin,Clinic,United States,Dallas,Texas,75201,South,DE-MD-10000023,Diagnostic Equipment,Monitoring Devices,Omron HEM-7320 Upper Arm Blood Pressure Monitor,2597.21,11,0,-422.3882
299,HC-2016-985049,6/29/2016,7/7/2016,Standard Class,EA-10221,Emma Anderson,Clinic,United States,Memphis,Tennessee,38101,South,P-OM-10000044,Pharmaceutical,OTC Medications,Zyrtec Allergy 10mg Cetirizine Tablets 70ct,81.9665,7,0.45,-3.2339
300,HC-2017-897392,1/5/2017,1/9/2017,Standard Class,JA-92544,Joseph Anderson,Health System,United States,Portland,Oregon,97201,West,DE-TK-10000026,Diagnostic Equipment,Testing Kits,Roche Accu-Chek Guide Blood Glucose Meter Kit,621.264,7,0.2,-64.1643
301,HC-2017-612997,1/5/2017,1/7/2017,First Class,BA-82845,Barbara Anderson,Health System,United States,Miami,Florida,33101,South,DE-MD-10000024,Diagnostic Equipment,Monitoring Devices,A&D Medical UA-767FAM Multi-User BP Monitor,3979.904,8,0.2,-657.4654
302,HC-2015-256189,2/3/2015,2/5/2015,Second Class,RL-97670,Richard Lopez,Clinic,United States,Louisville,Kentucky,40201,South,P-V&-10000051,Pharmaceutical,Vitamins & Supplements,Centrum Silver Multivitamin Adults 50+ 250ct,32.788,1,0.3,3.7233
303,HC-2018-578344,6/20/2018,6/24/2018,Standard Class,JR-86484,Jessica Robinson,Home Care,United States,Houston,Texas,77001,South,P-OM-10000044,Pharmaceutical,OTC Medications,Zyrtec Allergy 10mg Cetirizine Tablets 70ct,138.6,14,0.25,-9.5325
304,HC-2016-977057,3/27/2016,3/31/2016,Second Class,RP-65518,Robert Perez,Clinic,United States,Sacramento,California,95814,West,MS-WC-10000004,Medical Supplies,Wound Care,Covidien Kendall Hydrogel Dressing 4x4in,28.84,2,0,-2.7084
305,HC-2015-915437,12/11/2015,12/16/2015,Standard Class,LS-96511,Linda Smith,Health System,United States,Chicago,Illinois,60601,Central,MS-WC-10000003,Medical Supplies,Wound Care,Smith & Nephew ALLEVYN Gentle Border Foam Dressing,9.891,1,0.1,-2.1675
306,HC-2016-725236,2/27/2016,3/3/2016,Second Class,LT-80284,Liam Thomas,Clinic,United States,Atlanta,Georgia,30301,South,MS-B&-10000019,Medical Supplies,Bandages & Tape,Dukal Elastic Stretch Bandage 6in,184.492,11,0.3,62.0846
307,HC-2017-632195,5/7/2017,5/9/2017,Second Class,LG-71261,Liam Garcia,Health System,United States,Omaha,Nebraska,68101,Central,MS-B&-10000016,Medical Supplies,Bandages & Tape,Johnson & Johnson Elastikon Elastic Bandage 3in,35.28,4,0.1,-4.7885
308,HC-2015-145421,11/24/2015,11/28/2015,Second Class,SM-29313,Sophia Miller,Health System,United States,Nashville,Tennessee,37201,South,MS-WC-10000004,Medical Supplies,Wound Care,Covidien Kendall Hydrogel Dressing 4x4in,188.63,13,0,52.2528
309,HC-2016-873584,10/29/2016,11/3/2016,Standard Class,WW-69638,William Walker,Health System,United States,Richmond,Virginia,23218,East,DE-TK-10000028,Diagnostic Equipment,Testing Kits,BD Veritor System Flu A+B Analyzer,293.688,2,0.1,98.9783
310,HC-2017-762722,6/11/2017,6/12/2017,Same Day,LW-84847,Liam Walker,Clinic,United States,Phoenix,Arizona,85001,West,DE-IS-10000031,Diagnostic Equipment,Imaging Supplies,Parker Aquasonic 100 Ultrasound Transmission Gel,83.12,1,0.2,27.7399
311,HC-2015-927899,10/7/2015,10/12/2015,Standard Class,AJ-26828,Ava Jones,Home Care,United States,Baltimore,Maryland,21201,East,P-V&-10000051,Pharmaceutical,Vitamins & Supplements,Centrum Silver Multivitamin Adults 50+ 250ct,188.838,9,0.35,-6.9389
312,HC-2016-707615,3/19/2016,3/21/2016,First Class,JC-86019,Jessica Clark,Health System,United States,Baltimore,Maryland,21201,East,MS-G&-10000009,Medical Supplies,Gloves & PPE,Dynarex SafeTouch Latex-Free Vinyl Gloves Medium,511.56,7,0,-38.4717
313,HC-2017-826830,10/29/2017,11/2/2017,Standard Class,MD-76237,Michael Davis,Health System,United States,Denver,Colorado,80201,West,P-IS-10000046,Pharmaceutical,IV Solutions,Hospira 5% Dextrose Injection USP 500mL,83.175,5,0.5,14.9602
314,HC-2015-293929,11/28/2015,11/30/2015,First Class,TW-80575,Thomas Walker,Home Care,United States,Phoenix,Arizona,85001,West,DE-LS-10000035,Diagnostic Equipment,Lab Supplies,Thermo Scientific Nunc CryoTube Vials 1.8mL 100pk,179.078,2,0.15,71.3961
315,HC-2017-750594,12/23/2017,12/31/2017,Standard Class,SL-62581,Sophia Lopez,Clinic,United States,Denver,Colorado,80201,West,DE-MD-10000024,Diagnostic Equipment,Monitoring Devices,A&D Medical UA-767FAM Multi-User BP Monitor,9430.85,11,0,3749.6643
316,HC-2017-843793,2/23/2017,3/1/2017,Standard Class,WR-20735,William Ramirez,Clinic,United States,Louisville,Kentucky,40201,South,MS-G&-10000007,Medical Supplies,Gloves & PPE,Medline SensiCare Ice Blue Nitrile Gloves Small,45.168,2,0.2,-7.4717
317,HC-2018-390607,12/10/2018,12/16/2018,Standard Class,JM-65108,John Miller,Clinic,United States,Las Vegas,Nevada,89101,West,MS-WC-10000002,Medical Supplies,Wound Care,Dynarex Non-Adherent Sterile Dressing Pads 3x4in,132.928,8,0.2,37.9292
318,HC-2016-287497,8/21/2016,8/26/2016,Standard Class,CM-15014,Charles Martinez,Health System,United States,Cincinnati,Ohio,45201,Central,DE-MD-10000020,Diagnostic Equipment,Monitoring Devices,Welch Allyn Connex Spot Monitor with SpO2,347.928,2,0.3,86.8396
319,HC-2015-405677,2/16/2015,2/17/2015,Same Day,LT-87236,Linda Thomas,Clinic,United States,Salt Lake City,Utah,84101,West,MS-WC-10000000,Medical Supplies,Wound Care,3M Tegaderm Transparent Film Dressing 4x4.75in,112.728,4,0.3,41.6518
320,HC-2016-280079,10/30/2016,11/6/2016,Standard Class,PR-27601,Patricia Robinson,Home Care,United States,Phoenix,Arizona,85001,West,DE-TK-10000028,Diagnostic Equipment,Testing Kits,BD Veritor System Flu A+B Analyzer,268.58,5,0.35,104.5052
321,HC-2016-269087,12/24/2016,12/25/2016,Same Day,RH-73699,Robert Harris,Home Care,United States,Phoenix,Arizona,85001,West,MS-WC-10000000,Medical Supplies,Wound Care,3M Tegaderm Transparent Film Dressing 4x4.75in,425.315,10,0.05,114.06
322,HC-2016-659565,1/13/2016,1/19/2016,Standard Class,IL-65461,Isabella Lee,Clinic,United States,Memphis,Tennessee,38101,South,DE-MD-10000020,Diagnostic Equipment,Monitoring Devices,Welch Allyn Connex Spot Monitor with SpO2,2439.136,8,0.3,-243.0129
323,HC-2016-799282,10/17/2016,10/18/2016,Same Day,LJ-41266,Lisa Jones,Home Care,United States,Las Vegas,Nevada,89101,West,MS-B&-10000017,Medical Supplies,Bandages & Tape,Covidien Curity Gauze Bandage Roll 4in,188.394,12,0.15,67.8284
324,HC-2018-157706,10/20/2018,10/28/2018,Standard Class,OM-31178,Olivia Martinez,Health System,United States,Cincinnati,Ohio,45201,Central,P-V&-10000051,Pharmaceutical,Vitamins & Supplements,Centrum Silver Multivitamin Adults 50+ 250ct,78.0,4,0.4,5.8846
325,HC-2017-112782,3/18/2017,3/24/2017,Standard Class,MR-70332,Michael Ramirez,Health System,United States,San Francisco,California,94101,West,DE-IS-10000032,Diagnostic Equipment,Imaging Supplies,Medline X-Ray Film Processing Chemical Kit,547.568,8,0.3,181.9057
326,HC-2016-317877,8/14/2016,8/21/2016,Standard Class,DT-12552,David Taylor,Clinic,United States,Birmingham,Alabama,35201,South,DE-LS-10000039,Diagnostic Equipment,Lab Supplies,Fisherbrand Microcentrifuge Tubes 1.5mL 500pk,189.76,2,0.2,70.4432
327,HC-2015-308936,1/14/2015,1/16/2015,First Class,SS-31174,Susan Sanchez,Clinic,United States,Sacramento,California,95814,West,MS-B&-10000017,Medical Supplies,Bandages & Tape,Covidien Curity Gauze Bandage Roll 4in,10.941,1,0.3,-2.2664
328,HC-2016-230208,9/14/2016,9/18/2016,Standard Class,JC-77889,Jennifer Clark,Health System,United States,Philadelphia,Pennsylvania,19101,East,P-V&-10000052,Pharmaceutical,Vitamins & Supplements,Garden of Life Vitamin C Organic 60 Capsules,102.08,8,0.5,8.3519
329,HC-2017-118397,1/10/2017,1/17/2017,Standard Class,JT-97747,John Taylor,Health System,United States,Minneapolis,Minnesota,55401,Central,DE-TK-10000029,Diagnostic Equipment,Testing Kits,McKesson Blood Glucose Test Strips 100ct,163.536,6,0.2,64.7052
330,HC-2015-638828,4/19/2015,4/23/2015,Standard Class,MS-17331,Mason Sanchez,Clinic,United States,Albuquerque,New Mexico,87101,West,MS-G&-10000005,Medical Supplies,Gloves & PPE,Ansell TouchNTuff Nitrile Disposable Gloves Medium,126.528,3,0.2,30.9388
331,HC-2018-532007,11/10/2018,11/15/2018,Standard Class,JR-81810,Jessica Ramirez,Health System,United States,Louisville,Kentucky,40201,South,DE-TK-10000025,Diagnostic Equipment,Testing Kits,Abbott BinaxNOW COVID-19 Antigen Rapid Test 2-Pack,528.93,9,0,-122.6001
332,HC-2018-118223,12/30/2018,1/6/2019,Standard Class,IP-49117,Isabella Perez,Health System,United States,Seattle,Washington,98101,West,DE-IS-10000032,Diagnostic Equipment,Imaging Supplies,Medline X-Ray Film Processing Chemical Kit,382.263,3,0.3,-70.7311
333,HC-2017-821469,12/7/2017,12/11/2017,Standard Class,MS-88504,Mia Smith,Health System,United States,Boston,Massachusetts,2101,East,MS-S&-10000011,Medical Supplies,Syringes & Needles,Covidien Monoject 1mL Insulin Syringe 28G,18.45,2,0.1,5.8701
334,HC-2015-721990,6/9/2015,6/13/2015,Standard Class,JA-53369,Jessica Anderson,Clinic,United States,Houston,Texas,77001,South,MS-B&-10000015,Medical Supplies,Bandages & Tape,3M Micropore Surgical Tape 1in x 10yd,23.08,1,0,5.5468
335,HC-2018-707913,5/17/2018,5/19/2018,First Class,JT-94607,John Thompson,Home Care,United States,Atlanta,Georgia,30301,South,DE-IS-10000031,Diagnostic Equipment,Imaging Supplies,Parker Aquasonic 100 Ultrasound Transmission Gel,2126.7675,13,0.25,-437.1672
336,HC-2018-890645,3/13/2018,3/15/2018,First Class,NP-58944,Noah Perez,Home Care,United States,Miami,Florida,33101,South,P-OM-10000040,Pharmaceutical,OTC Medications,Tylenol Extra Strength Acetaminophen 500mg 100ct,252.945,9,0.5,-16.9543
337,HC-2016-527376,1/15/2016,1/16/2016,Same Day,RW-40982,Robert Walker,Health System,United States,St. Louis,Missouri,63101,Central,MS-S&-10000010,Medical Supplies,Syringes & Needles,BD 3mL Luer-Lok Syringe with 21G Needle,134.865,9,0.1,37.6493
338,HC-2018-820420,2/15/2018,2/20/2018,Second Class,WH-89276,William Hernandez,Clinic,United States,Salt Lake City,Utah,84101,West,DE-TK-10000029,Diagnostic Equipment,Testing Kits,McKesson Blood Glucose Test Strips 100ct,1110.438,14,0.1,286.2232
339,HC-2017-225008,1/22/2017,1/23/2017,Same Day,MM-51245,Mia Martin,Clinic,United States,Albuquerque,New Mexico,87101,West,MS-B&-10000018,Medical Supplies,Bandages & Tape,Medline Non-Sterile Rolled Gauze 2in x 4.1yd,29.76,2,0.2,10.8641
340,HC-2015-860427,5/13/2015,5/16/2015,Second Class,NW-98777,Noah Wilson,Health System,United States,St. Louis,Missouri,63101,Central,DE-IS-10000034,Diagnostic Equipment,Imaging Supplies,Carestream Health X-Omat Developer Solution,1252.68,13,0.4,-190.506
341,HC-2017-131167,11/13/2017,11/17/2017,Standard Class,MP-76540,Mason Perez,Health System,United States,Memphis,Tennessee,38101,South,MS-WC-10000000,Medical Supplies,Wound Care,3M Tegaderm Transparent Film Dressing 4x4.75in,26.43,1,0,6.78
342,HC-2015-614064,11/9/2015,11/17/2015,Standard Class,SP-41358,Sarah Perez,Health System,United States,Hartford,Connecticut,6101,East,P-IS-10000049,Pharmaceutical,IV Solutions,Fresenius Kabi Sterile Water for Injection 1000mL,418.572,14,0.45,21.8901
343,HC-2015-840356,9/1/2015,9/8/2015,Standard Class,BW-96951,Barbara Walker,Health System,United States,Los Angeles,California,90001,West,MS-B&-10000018,Medical Supplies,Bandages & Tape,Medline Non-Sterile Rolled Gauze 2in x 4.1yd,73.656,12,0.1,20.4389
344,HC-2018-376185,9/13/2018,9/20/2018,Standard Class,CM-15014,Charles Martinez,Clinic,United States,Philadelphia,Pennsylvania,19101,East,DE-LS-10000039,Diagnostic Equipment,Lab Supplies,Fisherbrand Microcentrifuge Tubes 1.5mL 500pk,1118.39,13,0,317.7307
345,HC-2018-461908,4/24/2018,4/26/2018,First Class,LM-49446,Lisa Martin,Health System,United States,Charlotte,North Carolina,28201,South,DE-LS-10000037,Diagnostic Equipment,Lab Supplies,Corning 50mL Polypropylene Centrifuge Tubes 25pk,83.72,4,0,22.3469
346,HC-2018-583298,4/28/2018,5/2/2018,Standard Class,LT-80284,Liam Thomas,Clinic,United States,Los Angeles,California,90001,West,P-IS-10000049,Pharmaceutical,IV Solutions,Fresenius Kabi Sterile Water for Injection 1000mL,400.288,7,0.2,-33.7382
347,HC-2017-950874,2/12/2017,2/19/2017,Standard Class,WL-51904,William Lopez,Health System,United States,Miami,Florida,33101,South,P-IS-10000046,Pharmaceutical,IV Solutions,Hospira 5% Dextrose Injection USP 500mL,342.216,6,0.3,39.2192
348,HC-2018-852570,1/2/2018,1/6/2018,Second Class,JD-83579,John Davis,Clinic,United States,Denver,Colorado,80201,West,P-OM-10000044,Pharmaceutical,OTC Medications,Zyrtec Allergy 10mg Cetirizine Tablets 70ct,29.524,2,0.45,3.3003
349,HC-2016-309795,12/12/2016,12/20/2016,Standard Class,MW-54942,Michael White,Clinic,United States,Buffalo,New York,14201,East,DE-LS-10000037,Diagnostic Equipment,Lab Supplies,Corning 50mL Polypropylene Centrifuge Tubes 25pk,515.968,8,0.2,192.2953
350,HC-2015-948228,2/8/2015,2/16/2015,Standard Class,SD-45774,Sarah Davis,Health System,United States,Salt Lake City,Utah,84101,West,P-IS-10000049,Pharmaceutical,IV Solutions,Fresenius Kabi Sterile Water for Injection 1000mL,64.862,1,0.3,6.3147
351,HC-2016-379901,5/7/2016,5/14/2016,Standard Class,LL-96951,Lisa Lopez,Clinic,United States,Seattle,Washington,98101,West,DE-TK-10000027,Diagnostic Equipment,Testing Kits,Quidel QuickVue Influenza A+B Test Kit 25ct,473.256,4,0.1,126.6891
352,HC-2016-311802,1/29/2016,2/5/2016,Standard Class,LM-15695,Lisa Martinez,Health System,United States,San Francisco,California,94101,West,MS-S&-10000011,Medical Supplies,Syringes & Needles,Covidien Monoject 1mL Insulin Syringe 28G,52.143,13,0.3,-7.3695
353,HC-2015-166670,12/27/2015,1/1/2016,Second Class,EH-90173,Emma Hernandez,Health System,United States,Dallas,Texas,75201,South,DE-IS-10000030,Diagnostic Equipment,Imaging Supplies,Covidien Kendall Ultrasound Gel 8.5oz,1313.984,14,0.2,510.5486
354,HC-2017-445281,12/4/2017,12/11/2017,Standard Class,MW-54942,Michael White,Clinic,United States,Indianapolis,Indiana,46201,Central,P-V&-10000053,Pharmaceutical,Vitamins & Supplements,Mason Natural Zinc 50mg Tablets 100ct,251.1,12,0.5,-19.6714
355,HC-2016-597920,7/16/2016,7/18/2016,Second Class,JM-65108,John Miller,Health System,United States,Seattle,Washington,98101,West,P-OM-10000042,Pharmaceutical,OTC Medications,Bayer Aspirin 325mg Enteric Coated 300ct,89.0505,3,0.45,12.7375
356,HC-2015-424291,2/13/2015,2/15/2015,First Class,OM-62386,Olivia Moore,Health System,United States,Baltimore,Maryland,21201,East,P-V&-10000052,Pharmaceutical,Vitamins & Supplements,Garden of Life Vitamin C Organic 60 Capsules,277.8765,11,0.45,-18.0846
357,HC-2017-560163,3/6/2017,3/7/2017,Same Day,JM-79163,Jennifer Martinez,Health System,United States,Miami,Florida,33101,South,P-IS-10000048,Pharmaceutical,IV Solutions,ICU Medical Normal Saline 250mL IV Bag,395.72,5,0.2,-24.8537
358,HC-2016-731364,11/12/2016,11/14/2016,First Class,EH-82667,Emma Hernandez,Health System,United States,Newark,New Jersey,7101,East,P-V&-10000052,Pharmaceutical,Vitamins & Supplements,Garden of Life Vitamin C Organic 60 Capsules,21.632,1,0.2,2.8852
359,HC-2018-216211,7/14/2018,7/21/2018,Standard Class,WW-37653,William Williams,Health System,United States,Nashville,Tennessee,37201,South,MS-G&-10000009,Medical Supplies,Gloves & PPE,Dynarex SafeTouch Latex-Free Vinyl Gloves Medium,550.732,13,0.3,170.6367
360,HC-2016-308314,10/16/2016,10/18/2016,First Class,MS-19508,Mia Sanchez,Home Care,United States,Birmingham,Alabama,35201,South,MS-B&-10000017,Medical Supplies,Bandages & Tape,Covidien Curity Gauze Bandage Roll 4in,35.581,7,0.35,12.6977
361,HC-2018-729557,2/17/2018,2/24/2018,Standard Class,LM-49446,Lisa Martin,Health System,United States,Atlanta,Georgia,30301,South,DE-TK-10000025,Diagnostic Equipment,Testing Kits,Abbott BinaxNOW COVID-19 Antigen Rapid Test 2-Pack,416.4,3,0.2,-60.8286
362,HC-2017-997935,10/9/2017,10/15/2017,Standard Class,RJ-10053,Richard Jackson,Health System,United States,Salt Lake City,Utah,84101,West,MS-G&-10000007,Medical Supplies,Gloves & PPE,Medline SensiCare Ice Blue Nitrile Gloves Small,221.112,4,0.1,47.7765
363,HC-2015-239675,2/28/2015,3/5/2015,Second Class,AA-38683,Ava Anderson,Health System,United States,Salt Lake City,Utah,84101,West,DE-LS-10000036,Diagnostic Equipment,Lab Supplies,BD Vacutainer EDTA Blood Collection Tubes 10mL,970.92,12,0.1,356.542
364,HC-2015-105621,5/30/2015,6/3/2015,Second Class,EL-57400,Ethan Lewis,Home Care,United States,Portland,Oregon,97201,West,DE-LS-10000037,Diagnostic Equipment,Lab Supplies,Corning 50mL Polypropylene Centrifuge Tubes 25pk,1229.338,11,0.05,-181.7805
365,HC-2015-553959,3/26/2015,3/31/2015,Second Class,SL-38906,Sophia Lee,Health System,United States,Kansas City,Missouri,64101,Central,MS-S&-10000010,Medical Supplies,Syringes & Needles,BD 3mL Luer-Lok Syringe with 21G Needle,30.792,3,0.2,10.9107
366,HC-2017-900771,5/30/2017,6/1/2017,First Class,JM-42406,Joseph Martinez,Health System,United States,Phoenix,Arizona,85001,West,MS-B&-10000015,Medical Supplies,Bandages & Tape,3M Micropore Surgical Tape 1in x 10yd,7.97,1,0,-0.6906
367,HC-2016-608768,6/16/2016,6/23/2016,Standard Class,WR-20735,William Ramirez,Home Care,United States,Charlotte,North Carolina,28201,South,DE-LS-10000035,Diagnostic Equipment,Lab Supplies,Thermo Scientific Nunc CryoTube Vials 1.8mL 100pk,1380.673,14,0.05,337.8933
368,HC-2016-651567,1/5/2016,1/13/2016,Standard Class,LJ-23434,Linda Jones,Health System,United States,Omaha,Nebraska,68101,Central,P-OM-10000043,Pharmaceutical,OTC Medications,Pepcid AC Maximum Strength 20mg 50ct,112.04,4,0.5,-15.4613
369,HC-2015-576111,9/7/2015,9/13/2015,Standard Class,NM-83259,Noah Moore,Clinic,United States,Dallas,Texas,75201,South,P-IS-10000049,Pharmaceutical,IV Solutions,Fresenius Kabi Sterile Water for Injection 1000mL,257.4,6,0.5,-13.4782
370,HC-2018-197046,3/11/2018,3/13/2018,First Class,AM-56025,Ava Martinez,Clinic,United States,Boston,Massachusetts,2101,East,DE-IS-10000031,Diagnostic Equipment,Imaging Supplies,Parker Aquasonic 100 Ultrasound Transmission Gel,753.662,13,0.3,225.9354
371,HC-2016-818234,3/2/2016,3/7/2016,Standard Class,LJ-30374,Liam Jackson,Home Care,United States,Memphis,Tennessee,38101,South,P-OM-10000042,Pharmaceutical,OTC Medications,Bayer Aspirin 325mg Enteric Coated 300ct,302.96,14,0.5,-9.208
372,HC-2017-761322,3/5/2017,3/9/2017,Standard Class,JC-86019,Jessica Clark,Clinic,United States,Richmond,Virginia,23218,East,DE-MD-10000020,Diagnostic Equipment,Monitoring Devices,Welch Allyn Connex Spot Monitor with SpO2,3330.624,8,0.2,882.1026
373,HC-2017-414985,10/11/2017,10/17/2017,Standard Class,JJ-70901,Joseph Jones,Home Care,United States,Seattle,Washington,98101,West,MS-G&-10000007,Medical Supplies,Gloves & PPE,Medline SensiCare Ice Blue Nitrile Gloves Small,529.533,9,0.15,126.6094
374,HC-2018-952308,2/2/2018,2/4/2018,Second Class,MS-14067,Mary Sanchez,Clinic,United States,Seattle,Washington,98101,West,DE-IS-10000032,Diagnostic Equipment,Imaging Supplies,Medline X-Ray Film Processing Chemical Kit,1651.728,13,0.2,-147.5018
375,HC-2016-894143,1/3/2016,1/5/2016,First Class,SM-29313,Sophia Miller,Health System,United States,Las Vegas,Nevada,89101,West,P-IS-10000049,Pharmaceutical,IV Solutions,Fresenius Kabi Sterile Water for Injection 1000mL,423.276,6,0.3,32.778
376,HC-2018-787657,5/22/2018,5/30/2018,Standard Class,NP-58944,Noah Perez,Health System,United States,New Orleans,Louisiana,70112,South,DE-LS-10000038,Diagnostic Equipment,Lab Supplies,Globe Scientific Disposable Transfer Pipettes 3mL,1019.712,12,0.2,372.3808
377,HC-2018-955604,6/17/2018,6/23/2018,Standard Class,JM-42953,Joseph Moore,Health System,United States,Atlanta,Georgia,30301,South,MS-G&-10000005,Medical Supplies,Gloves & PPE,Ansell TouchNTuff Nitrile Disposable Gloves Medium,288.53,11,0,-35.7717
378,HC-2018-874668,1/8/2018,1/13/2018,Standard Class,RH-73699,Robert Harris,Health System,United States,Los Angeles,California,90001,West,P-IS-10000048,Pharmaceutical,IV Solutions,ICU Medical Normal Saline 250mL IV Bag,517.055,14,0.45,42.1616
379,HC-2017-404899,3/13/2017,3/18/2017,Second Class,RL-37742,Richard Lopez,Clinic,United States,Omaha,Nebraska,68101,Central,MS-B&-10000018,Medical Supplies,Bandages & Tape,Medline Non-Sterile Rolled Gauze 2in x 4.1yd,99.47,10,0.3,-12.0279
380,HC-2018-570103,2/7/2018,2/9/2018,First Class,ND-97416,Noah Davis,Home Care,United States,Birmingham,Alabama,35201,South,P-IS-10000045,Pharmaceutical,IV Solutions,Baxter 0.9% Sodium Chloride Injection 1000mL,216.78,12,0.5,20.5291
381,HC-2017-858115,11/5/2017,11/7/2017,First Class,SH-30676,Susan Hernandez,Health System,United States,Cincinnati,Ohio,45201,Central,P-IS-10000048,Pharmaceutical,IV Solutions,ICU Medical Normal Saline 250mL IV Bag,568.205,11,0.5,-22.0084
382,HC-2015-205805,11/28/2015,11/30/2015,Second Class,JM-42406,Joseph Martinez,Health System,United States,Miami,Florida,33101,South,DE-LS-10000037,Diagnostic Equipment,Lab Supplies,Corning 50mL Polypropylene Centrifuge Tubes 25pk,356.85,9,0,149.8243
383,HC-2016-689280,6/18/2016,6/20/2016,Second Class,AM-94012,Ava Martinez,Clinic,United States,Seattle,Washington,98101,West,MS-B&-10000017,Medical Supplies,Bandages & Tape,Covidien Curity Gauze Bandage Roll 4in,323.31,13,0,-64.767
384,HC-2018-963617,12/17/2018,12/18/2018,Same Day,RS-16175,Robert Sanchez,Clinic,United States,Omaha,Nebraska,68101,Central,P-OM-10000044,Pharmaceutical,OTC Medications,Zyrtec Allergy 10mg Cetirizine Tablets 70ct,100.782,11,0.4,16.9745
385,HC-2018-989816,12/21/2018,12/26/2018,Standard Class,DB-48469,David Brown,Home Care,United States,Richmond,Virginia,23218,East,MS-B&-10000018,Medical Supplies,Bandages & Tape,Medline Non-Sterile Rolled Gauze 2in x 4.1yd,19.1425,1,0.05,-2.6567
386,HC-2016-258975,11/30/2016,12/4/2016,Second Class,MJ-85914,Michael Johnson,Health System,United States,Buffalo,New York,14201,East,P-IS-10000046,Pharmaceutical,IV Solutions,Hospira 5% Dextrose Injection USP 500mL,130.13,7,0.45,-13.0194
387,HC-2018-454737,10/29/2018,11/1/2018,Second Class,MM-51245,Mia Martin,Home Care,United States,Newark,New Jersey,7101,East,DE-LS-10000036,Diagnostic Equipment,Lab Supplies,BD Vacutainer EDTA Blood Collection Tubes 10mL,275.639,7,0.35,62.6855
388,HC-2018-460875,3/22/2018,3/29/2018,Standard Class,MW-54942,Michael White,Home Care,United States,Albuquerque,New Mexico,87101,West,MS-S&-10000014,Medical Supplies,Syringes & Needles,BD Eclipse Safety Needle 25G 1in,45.585,3,0.25,11.888
389,HC-2018-188374,1/19/2018,1/25/2018,Standard Class,JT-82692,James Thompson,Clinic,United States,St. Louis,Missouri,63101,Central,MS-S&-10000013,Medical Supplies,Syringes & Needles,Terumo 10mL Hypodermic Syringe with Needle,249.804,12,0.1,-42.5807
390,HC-2016-972655,10/1/2016,10/5/2016,Standard Class,NW-73788,Noah White,Clinic,United States,Louisville,Kentucky,40201,South,DE-LS-10000039,Diagnostic Equipment,Lab Supplies,Fisherbrand Microcentrifuge Tubes 1.5mL 500pk,18.62,1,0.3,-3.2912
391,HC-2016-944510,12/26/2016,1/2/2017,Standard Class,RS-61173,Richard Smith,Clinic,United States,Los Angeles,California,90001,West,P-V&-10000054,Pharmaceutical,Vitamins & Supplements,Nature Made Fish Oil 1200mg 200 Softgels,230.021,11,0.45,36.7538
392,HC-2016-710658,12/18/2016,12/25/2016,Standard Class,MM-65069,Mary Miller,Health System,United States,Denver,Colorado,80201,West,MS-S&-10000013,Medical Supplies,Syringes & Needles,Terumo 10mL Hypodermic Syringe with Needle,80.46,12,0.1,27.814
393,HC-2015-716813,7/8/2015,7/10/2015,First Class,EA-10221,Emma Anderson,Clinic,United States,Portland,Oregon,97201,West,P-V&-10000053,Pharmaceutical,Vitamins & Supplements,Mason Natural Zinc 50mg Tablets 100ct,223.1,10,0.5,-9.3742
394,HC-2015-828205,10/23/2015,10/28/2015,Standard Class,NR-80381,Noah Robinson,Home Care,United States,Cleveland,Ohio,44101,Central,MS-B&-10000018,Medical Supplies,Bandages & Tape,Medline Non-Sterile Rolled Gauze 2in x 4.1yd,9.126,3,0.35,2.3168
395,HC-2017-417991,4/16/2017,4/20/2017,Standard Class,SH-39831,Susan Hernandez,Health System,United States,Seattle,Washington,98101,West,DE-LS-10000035,Diagnostic Equipment,Lab Supplies,Thermo Scientific Nunc CryoTube Vials 1.8mL 100pk,205.968,3,0.3,69.6017
396,HC-2016-604550,3/17/2016,3/21/2016,Standard Class,TH-97410,Thomas Hernandez,Home Care,United States,Seattle,Washington,98101,West,P-IS-10000049,Pharmaceutical,IV Solutions,Fresenius Kabi Sterile Water for Injection 1000mL,195.72,6,0.5,-13.1265
397,HC-2017-506045,10/30/2017,11/4/2017,Standard Class,MG-66531,Michael Gonzalez,Health System,United States,Milwaukee,Wisconsin,53201,Central,MS-B&-10000017,Medical Supplies,Bandages & Tape,Covidien Curity Gauze Bandage Roll 4in,135.168,11,0.2,44.2246
398,HC-2018-704876,12/19/2018,12/27/2018,Standard Class,MJ-91560,Mia Jones,Health System,United States,Newark,New Jersey,7101,East,MS-G&-10000008,Medical Supplies,Gloves & PPE,Cardinal Health Flexal Nitrile Exam Gloves XL,46.18,1,0,-8.6352
399,HC-2018-456470,4/1/2018,4/3/2018,First Class,WC-10851,William Clark,Home Care,United States,Hartford,Connecticut,6101,East,DE-TK-10000028,Diagnostic Equipment,Testing Kits,BD Veritor System Flu A+B Analyzer,245.6415,9,0.05,72.8087
400,HC-2018-744324,1/14/2018,1/18/2018,Second Class,JG-56566,Jennifer Gonzalez,Clinic,United States,New Orleans,Louisiana,70112,South,DE-TK-10000025,Diagnostic Equipment,Testing Kits,Abbott BinaxNOW COVID-19 Antigen Rapid Test 2-Pack,610.02,5,0.1,146.2516
401,HC-2016-633328,6/12/2016,6/14/2016,First Class,MP-46347,Mason Perez,Clinic,United States,Birmingham,Alabama,35201,South,P-IS-10000045,Pharmaceutical,IV Solutions,Baxter 0.9% Sodium Chloride Injection 1000mL,154.869,6,0.45,-6.3756
402,HC-2015-900040,3/1/2015,3/3/2015,Second Class,LJ-17989,Liam Jackson,Clinic,United States,Sacramento,California,95814,West,P-V&-10000051,Pharmaceutical,Vitamins & Supplements,Centrum Silver Multivitamin Adults 50+ 250ct,116.424,7,0.2,-11.1778
403,HC-2015-952118,10/19/2015,10/20/2015,Same Day,OB-13278,Olivia Brown,Clinic,United States,Cleveland,Ohio,44101,Central,DE-IS-10000031,Diagnostic Equipment,Imaging Supplies,Parker Aquasonic 100 Ultrasound Transmission Gel,216.864,8,0.1,-29.4565
404,HC-2018-194073,7/18/2018,7/20/2018,First Class,SP-79329,Sophia Perez,Clinic,United States,Louisville,Kentucky,40201,South,DE-MD-10000021,Diagnostic Equipment,Monitoring Devices,Nonin Onyx Vantage 9590 Finger Pulse Oximeter,3085.02,5,0.1,-485.2799
405,HC-2016-728635,12/2/2016,12/3/2016,Same Day,JA-92544,Joseph Anderson,Health System,United States,Charlotte,North Carolina,28201,South,DE-MD-10000021,Diagnostic Equipment,Monitoring Devices,Nonin Onyx Vantage 9590 Finger Pulse Oximeter,499.384,1,0.2,157.4587
406,HC-2018-804900,10/9/2018,10/16/2018,Standard Class,NW-47196,Noah Williams,Clinic,United States,Seattle,Washington,98101,West,MS-S&-10000013,Medical Supplies,Syringes & Needles,Terumo 10mL Hypodermic Syringe with Needle,138.726,6,0.1,29.8868
407,HC-2015-300814,9/13/2015,9/14/2015,Same Day,EA-13248,Ethan Anderson,Clinic,United States,Houston,Texas,77001,South,MS-S&-10000011,Medical Supplies,Syringes & Needles,Covidien Monoject 1mL Insulin Syringe 28G,86.88,8,0,-6.5111
408,HC-2018-278758,12/12/2018,12/15/2018,Second Class,MP-46347,Mason Perez,Clinic,United States,Nashville,Tennessee,37201,South,P-OM-10000044,Pharmaceutical,OTC Medications,Zyrtec Allergy 10mg Cetirizine Tablets 70ct,305.27,10,0.3,17.8573
409,HC-2015-826648,5/14/2015,5/15/2015,Same Day,WC-10851,William Clark,Health System,United States,Pittsburgh,Pennsylvania,15201,East,P-V&-10000054,Pharmaceutical,Vitamins & Supplements,Nature Made Fish Oil 1200mg 200 Softgels,134.064,9,0.2,23.0491
410,HC-2016-895891,10/23/2016,10/24/2016,Same Day,MM-65069,Mary Miller,Clinic,United States,Hartford,Connecticut,6101,East,MS-G&-10000005,Medical Supplies,Gloves & PPE,Ansell TouchNTuff Nitrile Disposable Gloves Medium,173.04,7,0.2,46.6814
411,HC-2017-306440,3/13/2017,3/15/2017,Second Class,LL-17492,Liam Lopez,Home Care,United States,St. Louis,Missouri,63101,Central,MS-S&-10000012,Medical Supplies,Syringes & Needles,Nipro 5mL Luer Slip Disposable Syringe,61.4295,11,0.15,-4.5599
412,HC-2016-913432,5/21/2016,5/25/2016,Second Class,MP-83000,Mia Perez,Clinic,United States,Newark,New Jersey,7101,East,P-V&-10000053,Pharmaceutical,Vitamins & Supplements,Mason Natural Zinc 50mg Tablets 100ct,242.5445,11,0.45,16.0631
413,HC-2015-168986,3/10/2015,3/12/2015,First Class,BH-37549,Barbara Hernandez,Health System,United States,Memphis,Tennessee,38101,South,MS-WC-10000004,Medical Supplies,Wound Care,Covidien Kendall Hydrogel Dressing 4x4in,125.118,14,0.1,-19.5437
414,HC-2017-456113,4/21/2017,4/28/2017,Standard Class,JM-74686,John Moore,Home Care,United States,San Francisco,California,94101,West,P-V&-10000050,Pharmaceutical,Vitamins & Supplements,Nature's Bounty Vitamin D3 2000IU 240 Softgels,105.573,6,0.35,6.761
415,HC-2016-712916,6/8/2016,6/13/2016,Standard Class,WH-89276,William Hernandez,Health System,United States,Houston,Texas,77001,South,DE-IS-10000032,Diagnostic Equipment,Imaging Supplies,Medline X-Ray Film Processing Chemical Kit,997.983,9,0.3,-99.449
416,HC-2016-460517,8/19/2016,8/22/2016,Second Class,JM-65108,John Miller,Home Care,United States,Louisville,Kentucky,40201,South,MS-G&-10000006,Medical Supplies,Gloves & PPE,Kimberly-Clark Purple Nitrile Exam Gloves Large,372.78,6,0.05,-46.7574
417,HC-2018-620021,3/30/2018,4/6/2018,Standard Class,RJ-48427,Robert Jackson,Clinic,United States,Seattle,Washington,98101,West,MS-WC-10000001,Medical Supplies,Wound Care,Medline Bordered Gauze Island Dressing 4x4in,215.36,8,0.2,-19.178
418,HC-2017-249319,2/8/2017,2/10/2017,Second Class,KL-11504,Karen Lewis,Health System,United States,Charlotte,North Carolina,28201,South,DE-LS-10000036,Diagnostic Equipment,Lab Supplies,BD Vacutainer EDTA Blood Collection Tubes 10mL,1056.77,13,0,241.7689
419,HC-2016-122536,2/12/2016,2/16/2016,Second Class,CT-41850,Charles Taylor,Health System,United States,Albuquerque,New Mexico,87101,West,MS-S&-10000010,Medical Supplies,Syringes & Needles,BD 3mL Luer-Lok Syringe with 21G Needle,60.72,11,0,15.5312
420,HC-2016-224249,9/16/2016,9/21/2016,Standard Class,OW-89840,Olivia Williams,Home Care,United States,Omaha,Nebraska,68101,Central,MS-G&-10000006,Medical Supplies,Gloves & PPE,Kimberly-Clark Purple Nitrile Exam Gloves Large,113.8865,7,0.35,-17.4145
421,HC-2018-760035,7/26/2018,7/29/2018,Second Class,ID-23238,Isabella Davis,Health System,United States,Phoenix,Arizona,85001,West,DE-TK-10000029,Diagnostic Equipment,Testing Kits,McKesson Blood Glucose Test Strips 100ct,1400.8,8,0,-204.7744
422,HC-2015-651001,12/9/2015,12/16/2015,Standard Class,SH-39831,Susan Hernandez,Health System,United States,Phoenix,Arizona,85001,West,P-IS-10000048,Pharmaceutical,IV Solutions,ICU Medical Normal Saline 250mL IV Bag,336.9,10,0.5,-34.3141
423,HC-2018-495400,8/23/2018,8/26/2018,Second Class,NW-98777,Noah Wilson,Health System,United States,St. Louis,Missouri,63101,Central,P-OM-10000042,Pharmaceutical,OTC Medications,Bayer Aspirin 325mg Enteric Coated 300ct,31.822,2,0.3,-1.687
424,HC-2018-432420,4/10/2018,4/17/2018,Standard Class,SP-41358,Sarah Perez,Health System,United States,San Francisco,California,94101,West,DE-LS-10000035,Diagnostic Equipment,Lab Supplies,Thermo Scientific Nunc CryoTube Vials 1.8mL 100pk,135.4,4,0,47.2642
425,HC-2015-140140,6/18/2015,6/24/2015,Standard Class,JH-53540,Jennifer Harris,Health System,United States,Minneapolis,Minnesota,55401,Central,P-OM-10000042,Pharmaceutical,OTC Medications,Bayer Aspirin 325mg Enteric Coated 300ct,71.388,6,0.4,-10.4853
426,HC-2015-594932,1/18/2015,1/22/2015,Second Class,MD-76237,Michael Davis,Clinic,United States,Omaha,Nebraska,68101,Central,P-V&-10000051,Pharmaceutical,Vitamins & Supplements,Centrum Silver Multivitamin Adults 50+ 250ct,88.7,4,0.5,-5.2293
427,HC-2017-994376,8/2/2017,8/5/2017,Second Class,MS-40784,Mason Sanchez,Health System,United States,Buffalo,New York,14201,East,P-OM-10000042,Pharmaceutical,OTC Medications,Bayer Aspirin 325mg Enteric Coated 300ct,166.11,14,0.3,28.6766
428,HC-2016-245893,12/27/2016,1/4/2017,Standard Class,RW-22676,Robert Wilson,Health System,United States,Sacramento,California,95814,West,MS-S&-10000014,Medical Supplies,Syringes & Needles,BD Eclipse Safety Needle 25G 1in,166.0,10,0.2,-19.5731
429,HC-2017-770043,2/19/2017,2/24/2017,Standard Class,NH-39444,Noah Hernandez,Clinic,United States,Portland,Oregon,97201,West,DE-MD-10000021,Diagnostic Equipment,Monitoring Devices,Nonin Onyx Vantage 9590 Finger Pulse Oximeter,1812.24,9,0,-246.1875
430,HC-2017-576749,9/27/2017,10/2/2017,Second Class,LD-31417,Liam Davis,Clinic,United States,Nashville,Tennessee,37201,South,MS-S&-10000014,Medical Supplies,Syringes & Needles,BD Eclipse Safety Needle 25G 1in,22.176,6,0.3,-3.2108
431,HC-2015-424803,9/22/2015,9/29/2015,Standard Class,IH-17100,Isabella Harris,Health System,United States,Indianapolis,Indiana,46201,Central,DE-LS-10000036,Diagnostic Equipment,Lab Supplies,BD Vacutainer EDTA Blood Collection Tubes 10mL,274.365,5,0.3,-28.5992
432,HC-2017-585171,7/1/2017,7/9/2017,Standard Class,JA-92544,Joseph Anderson,Home Care,United States,Sacramento,California,95814,West,P-OM-10000040,Pharmaceutical,OTC Medications,Tylenol Extra Strength Acetaminophen 500mg 100ct,97.6,8,0.5,15.5714
433,HC-2015-512668,12/25/2015,12/30/2015,Second Class,KM-86622,Karen Martinez,Clinic,United States,Phoenix,Arizona,85001,West,P-OM-10000041,Pharmaceutical,OTC Medications,Ibuprofen USP 200mg Tablets 500ct Bulk,81.42,3,0.5,9.7627
434,HC-2018-180251,11/30/2018,12/2/2018,First Class,RL-15075,Richard Lewis,Health System,United States,Cleveland,Ohio,44101,Central,MS-S&-10000013,Medical Supplies,Syringes & Needles,Terumo 10mL Hypodermic Syringe with Needle,73.215,5,0.1,-8.2356
435,HC-2017-443000,8/3/2017,8/10/2017,Standard Class,LM-30032,Lisa Miller,Health System,United States,Nashville,Tennessee,37201,South,P-V&-10000053,Pharmaceutical,Vitamins & Supplements,Mason Natural Zinc 50mg Tablets 100ct,31.196,2,0.45,-1.6897
436,HC-2015-230182,10/15/2015,10/18/2015,Second Class,SH-30676,Susan Hernandez,Health System,United States,Omaha,Nebraska,68101,Central,P-V&-10000053,Pharmaceutical,Vitamins & Supplements,Mason Natural Zinc 50mg Tablets 100ct,116.116,11,0.3,16.031
437,HC-2015-509593,12/31/2015,1/3/2016,Second Class,RS-16175,Robert Sanchez,Clinic,United States,Newark,New Jersey,7101,East,P-IS-10000048,Pharmaceutical,IV Solutions,ICU Medical Normal Saline 250mL IV Bag,13.882,1,0.45,2.0785
438,HC-2016-935635,2/14/2016,2/20/2016,Standard Class,JR-86484,Jessica Robinson,Health System,United States,Boston,Massachusetts,2101,East,P-OM-10000041,Pharmaceutical,OTC Medications,Ibuprofen USP 200mg Tablets 500ct Bulk,76.86,9,0.3,7.0671
439,HC-2018-115722,7/3/2018,7/7/2018,Standard Class,JR-77839,Joseph Robinson,Health System,United States,Dallas,Texas,75201,South,DE-IS-10000030,Diagnostic Equipment,Imaging Supplies,Covidien Kendall Ultrasound Gel 8.5oz,924.96,8,0,215.7037
440,HC-2015-279787,3/31/2015,4/4/2015,Second Class,MS-14067,Mary Sanchez,Clinic,United States,Seattle,Washington,98101,West,DE-MD-10000024,Diagnostic Equipment,Monitoring Devices,A&D Medical UA-767FAM Multi-User BP Monitor,3282.4,11,0.2,977.2134
441,HC-2016-570717,11/11/2016,11/18/2016,Standard Class,AR-31465,Ava Ramirez,Clinic,United States,Houston,Texas,77001,South,DE-TK-10000029,Diagnostic Equipment,Testing Kits,McKesson Blood Glucose Test Strips 100ct,116.06,1,0,26.0256
442,HC-2016-311824,9/24/2016,10/2/2016,Standard Class,JR-81200,Joseph Ramirez,Health System,United States,Atlanta,Georgia,30301,South,MS-B&-10000016,Medical Supplies,Bandages & Tape,Johnson & Johnson Elastikon Elastic Bandage 3in,55.936,4,0.2,-6.7037
443,HC-2016-887009,11/4/2016,11/12/2016,Standard Class,KM-76307,Karen Miller,Clinic,United States,Buffalo,New York,14201,East,MS-G&-10000007,Medical Supplies,Gloves & PPE,Medline SensiCare Ice Blue Nitrile Gloves Small,112.992,4,0.2,21.5605
444,HC-2018-615524,11/8/2018,11/13/2018,Second Class,OW-89840,Olivia Williams,Clinic,United States,Salt Lake City,Utah,84101,West,MS-G&-10000005,Medical Supplies,Gloves & PPE,Ansell TouchNTuff Nitrile Disposable Gloves Medium,165.42,3,0,33.9297
445,HC-2016-735281,2/23/2016,2/28/2016,Second Class,LW-54313,Linda Williams,Health System,United States,Miami,Florida,33101,South,MS-S&-10000012,Medical Supplies,Syringes & Needles,Nipro 5mL Luer Slip Disposable Syringe,213.51,11,0,-20.0163
446,HC-2017-120773,1/6/2017,1/11/2017,Second Class,LL-68008,Lisa Lopez,Clinic,United States,San Francisco,California,94101,West,DE-LS-10000035,Diagnostic Equipment,Lab Supplies,Thermo Scientific Nunc CryoTube Vials 1.8mL 100pk,378.72,5,0.2,-74.4047
447,HC-2015-243294,12/26/2015,1/1/2016,Standard Class,JB-19862,James Brown,Clinic,United States,Sacramento,California,95814,West,P-IS-10000046,Pharmaceutical,IV Solutions,Hospira 5% Dextrose Injection USP 500mL,113.504,4,0.2,18.3894
448,HC-2017-528644,10/3/2017,10/9/2017,Standard Class,JW-45382,Joseph Wilson,Clinic,United States,Las Vegas,Nevada,89101,West,MS-WC-10000003,Medical Supplies,Wound Care,Smith & Nephew ALLEVYN Gentle Border Foam Dressing,127.47,3,0,42.3953
449,HC-2016-600931,12/14/2016,12/18/2016,Standard Class,JM-48890,John Miller,Clinic,United States,Buffalo,New York,14201,East,MS-S&-10000010,Medical Supplies,Syringes & Needles,BD 3mL Luer-Lok Syringe with 21G Needle,246.84,11,0,-22.933
450,HC-2018-516983,10/26/2018,10/29/2018,Second Class,OM-62386,Olivia Moore,Clinic,United States,Dallas,Texas,75201,South,P-V&-10000050,Pharmaceutical,Vitamins & Supplements,Nature's Bounty Vitamin D3 2000IU 240 Softgels,83.384,4,0.3,13.1636
451,HC-2018-214582,11/17/2018,11/18/2018,Same Day,RR-94259,Richard Robinson,Clinic,United States,San Francisco,California,94101,West,P-V&-10000052,Pharmaceutical,Vitamins & Supplements,Garden of Life Vitamin C Organic 60 Capsules,147.7,5,0.3,-10.0969
452,HC-2018-868650,12/2/2018,12/3/2018,Same Day,KM-76307,Karen Miller,Clinic,United States,New Orleans,Louisiana,70112,South,DE-TK-10000026,Diagnostic Equipment,Testing Kits,Roche Accu-Chek Guide Blood Glucose Meter Kit,996.84,12,0,258.7838
453,HC-2016-767349,3/11/2016,3/14/2016,Second Class,JL-18326,Jessica Lee,Health System,United States,New Orleans,Louisiana,70112,South,MS-WC-10000002,Medical Supplies,Wound Care,Dynarex Non-Adherent Sterile Dressing Pads 3x4in,22.34,2,0,4.3083
454,HC-2018-201546,4/14/2018,4/18/2018,Standard Class,RJ-48427,Robert Jackson,Clinic,United States,Houston,Texas,77001,South,MS-WC-10000003,Medical Supplies,Wound Care,Smith & Nephew ALLEVYN Gentle Border Foam Dressing,394.03,13,0,-57.7531
455,HC-2016-740479,11/21/2016,11/27/2016,Standard Class,MW-53025,Michael Wilson,Clinic,United States,Richmond,Virginia,23218,East,MS-S&-10000012,Medical Supplies,Syringes & Needles,Nipro 5mL Luer Slip Disposable Syringe,22.644,1,0.1,-3.2074
456,HC-2015-639926,10/12/2015,10/16/2015,Second Class,LW-25906,Linda Walker,Clinic,United States,Sacramento,California,95814,West,DE-TK-10000025,Diagnostic Equipment,Testing Kits,Abbott BinaxNOW COVID-19 Antigen Rapid Test 2-Pack,2490.04,14,0,556.0908
457,HC-2015-645316,6/16/2015,6/17/2015,Same Day,DT-12552,David Taylor,Clinic,United States,Pittsburgh,Pennsylvania,15201,East,P-V&-10000054,Pharmaceutical,Vitamins & Supplements,Nature Made Fish Oil 1200mg 200 Softgels,59.712,8,0.2,-3.1949
458,HC-2017-889842,8/14/2017,8/21/2017,Standard Class,NP-58944,Noah Perez,Health System,United States,Baltimore,Maryland,21201,East,P-V&-10000050,Pharmaceutical,Vitamins & Supplements,Nature's Bounty Vitamin D3 2000IU 240 Softgels,104.412,12,0.3,17.8305
459,HC-2018-334677,9/25/2018,9/27/2018,First Class,JB-19862,James Brown,Health System,United States,Cincinnati,Ohio,45201,Central,P-V&-10000050,Pharmaceutical,Vitamins & Supplements,Nature's Bounty Vitamin D3 2000IU 240 Softgels,122.675,7,0.5,-7.1485
460,HC-2016-700665,4/2/2016,4/4/2016,Second Class,NH-25014,Noah Harris,Home Care,United States,Sacramento,California,95814,West,DE-TK-10000027,Diagnostic Equipment,Testing Kits,Quidel QuickVue Influenza A+B Test Kit 25ct,1296.6,10,0.25,285.6873
461,HC-2015-251729,9/16/2015,9/20/2015,Standard Class,MT-93130,Michael Thompson,Home Care,United States,Albuquerque,New Mexico,87101,West,DE-TK-10000028,Diagnostic Equipment,Testing Kits,BD Veritor System Flu A+B Analyzer,293.4,3,0.25,81.1775
462,HC-2018-619071,5/11/2018,5/17/2018,Standard Class,KT-28373,Karen Thomas,Clinic,United States,Omaha,Nebraska,68101,Central,DE-LS-10000035,Diagnostic Equipment,Lab Supplies,Thermo Scientific Nunc CryoTube Vials 1.8mL 100pk,637.308,6,0.1,245.7313
463,HC-2016-810828,1/2/2016,1/7/2016,Standard Class,JM-65108,John Miller,Health System,United States,Cleveland,Ohio,44101,Central,DE-IS-10000033,Diagnostic Equipment,Imaging Supplies,3M Scotchcast Plus Fiberglass Casting Tape 2in,730.989,9,0.3,202.1974
464,HC-2018-829762,1/27/2018,1/29/2018,Second Class,SC-32241,Sarah Clark,Clinic,United States,Phoenix,Arizona,85001,West,DE-IS-10000031,Diagnostic Equipment,Imaging Supplies,Parker Aquasonic 100 Ultrasound Transmission Gel,791.96,13,0.2,205.2214
465,HC-2017-159067,1/11/2017,1/18/2017,Standard Class,EH-62296,Emma Hernandez,Clinic,United States,St. Louis,Missouri,63101,Central,MS-S&-10000013,Medical Supplies,Syringes & Needles,Terumo 10mL Hypodermic Syringe with Needle,8.541,1,0.1,3.2119
466,HC-2015-784507,11/1/2015,11/5/2015,Standard Class,JR-77839,Joseph Robinson,Health System,United States,Memphis,Tennessee,38101,South,P-IS-10000045,Pharmaceutical,IV Solutions,Baxter 0.9% Sodium Chloride Injection 1000mL,684.39,14,0.5,-27.2861
467,HC-2017-700446,1/22/2017,1/24/2017,Second Class,LJ-41266,Lisa Jones,Health System,United States,Newark,New Jersey,7101,East,DE-IS-10000030,Diagnostic Equipment,Imaging Supplies,Covidien Kendall Ultrasound Gel 8.5oz,552.852,3,0.1,-70.0659
468,HC-2015-921532,7/23/2015,7/30/2015,Standard Class,RL-97670,Richard Lopez,Health System,United States,New York,New York,10001,East,P-IS-10000045,Pharmaceutical,IV Solutions,Baxter 0.9% Sodium Chloride Injection 1000mL,359.45,10,0.5,56.2351
469,HC-2015-703016,8/29/2015,9/2/2015,Standard Class,TS-33416,Thomas Sanchez,Health System,United States,Portland,Oregon,97201,West,MS-G&-10000005,Medical Supplies,Gloves & PPE,Ansell TouchNTuff Nitrile Disposable Gloves Medium,492.45,14,0.3,92.0887
470,HC-2017-644675,11/2/2017,11/3/2017,Same Day,EL-57400,Ethan Lewis,Health System,United States,Chicago,Illinois,60601,Central,DE-LS-10000036,Diagnostic Equipment,Lab Supplies,BD Vacutainer EDTA Blood Collection Tubes 10mL,816.372,12,0.1,264.9399
471,HC-2017-240727,11/11/2017,11/13/2017,Second Class,KT-28373,Karen Thomas,Health System,United States,Atlanta,Georgia,30301,South,P-V&-10000051,Pharmaceutical,Vitamins & Supplements,Centrum Silver Multivitamin Adults 50+ 250ct,82.125,5,0.5,10.7502
472,HC-2018-661936,1/31/2018,2/7/2018,Standard Class,DT-12552,David Taylor,Clinic,United States,Las Vegas,Nevada,89101,West,MS-WC-10000002,Medical Supplies,Wound Care,Dynarex Non-Adherent Sterile Dressing Pads 3x4in,430.368,12,0.2,94.0464
473,HC-2018-497349,2/28/2018,3/2/2018,First Class,JC-86019,Jessica Clark,Home Care,United States,Richmond,Virginia,23218,East,MS-G&-10000005,Medical Supplies,Gloves & PPE,Ansell TouchNTuff Nitrile Disposable Gloves Medium,259.6635,9,0.05,-32.9041
474,HC-2015-495476,5/16/2015,5/20/2015,Second Class,RG-38746,Richard Gonzalez,Health System,United States,Miami,Florida,33101,South,MS-B&-10000015,Medical Supplies,Bandages & Tape,3M Micropore Surgical Tape 1in x 10yd,40.88,2,0,11.6629
475,HC-2017-433443,9/29/2017,10/7/2017,Standard Class,NP-58944,Noah Perez,Home Care,United States,Dallas,Texas,75201,South,DE-TK-10000027,Diagnostic Equipment,Testing Kits,Quidel QuickVue Influenza A+B Test Kit 25ct,1072.071,11,0.35,-209.9135
476,HC-2017-871146,4/4/2017,4/6/2017,Second Class,OW-95426,Olivia Williams,Health System,United States,Philadelphia,Pennsylvania,19101,East,DE-MD-10000022,Diagnostic Equipment,Monitoring Devices,Masimo Rad-8 Pulse Oximeter Tabletop Unit,2149.92,4,0.2,-293.886
477,HC-2016-420012,1/10/2016,1/18/2016,Standard Class,JA-73653,Jennifer Anderson,Clinic,United States,San Francisco,California,94101,West,P-OM-10000042,Pharmaceutical,OTC Medications,Bayer Aspirin 325mg Enteric Coated 300ct,145.584,6,0.2,19.291
478,HC-2015-809920,12/5/2015,12/9/2015,Second Class,NW-98777,Noah Wilson,Home Care,United States,Chicago,Illinois,60601,Central,P-V&-10000051,Pharmaceutical,Vitamins & Supplements,Centrum Silver Multivitamin Adults 50+ 250ct,126.675,9,0.5,20.9584
479,HC-2018-817307,6/16/2018,6/18/2018,First Class,KH-81582,Karen Harris,Health System,United States,Richmond,Virginia,23218,East,P-OM-10000044,Pharmaceutical,OTC Medications,Zyrtec Allergy 10mg Cetirizine Tablets 70ct,53.5095,3,0.45,8.9625
480,HC-2015-454375,6/3/2015,6/7/2015,Second Class,JM-42953,Joseph Moore,Health System,United States,San Francisco,California,94101,West,P-OM-10000044,Pharmaceutical,OTC Medications,Zyrtec Allergy 10mg Cetirizine Tablets 70ct,514.892,14,0.3,45.7704
481,HC-2016-585550,6/26/2016,7/1/2016,Standard Class,LM-15695,Lisa Martinez,Home Care,United States,Cleveland,Ohio,44101,Central,P-IS-10000045,Pharmaceutical,IV Solutions,Baxter 0.9% Sodium Chloride Injection 1000mL,305.635,10,0.45,-27.136
482,HC-2016-530670,1/17/2016,1/22/2016,Second Class,RH-73699,Robert Harris,Clinic,United States,Louisville,Kentucky,40201,South,MS-B&-10000015,Medical Supplies,Bandages & Tape,3M Micropore Surgical Tape 1in x 10yd,79.97,11,0,-7.2043
483,HC-2017-269695,2/5/2017,2/13/2017,Standard Class,JT-67954,Joseph Thomas,Home Care,United States,Boston,Massachusetts,2101,East,MS-S&-10000013,Medical Supplies,Syringes & Needles,Terumo 10mL Hypodermic Syringe with Needle,54.075,14,0.25,11.8799
484,HC-2016-224562,8/6/2016,8/10/2016,Standard Class,ML-20745,Mary Lee,Home Care,United States,Miami,Florida,33101,South,DE-LS-10000039,Diagnostic Equipment,Lab Supplies,Fisherbrand Microcentrifuge Tubes 1.5mL 500pk,552.9975,11,0.25,-54.3014
485,HC-2017-154567,3/7/2017,3/8/2017,Same Day,WW-69638,William Walker,Health System,United States,Louisville,Kentucky,40201,South,P-IS-10000048,Pharmaceutical,IV Solutions,ICU Medical Normal Saline 250mL IV Bag,776.424,12,0.45,87.2895
486,HC-2017-835005,9/22/2017,9/30/2017,Standard Class,RB-84668,Richard Brown,Clinic,United States,Nashville,Tennessee,37201,South,MS-B&-10000016,Medical Supplies,Bandages & Tape,Johnson & Johnson Elastikon Elastic Bandage 3in,126.945,13,0.3,-15.2801
487,HC-2018-253311,6/5/2018,6/6/2018,Same Day,MJ-27342,Michael Jackson,Health System,United States,New Orleans,Louisiana,70112,South,DE-MD-10000024,Diagnostic Equipment,Monitoring Devices,A&D Medical UA-767FAM Multi-User BP Monitor,3860.08,14,0,-685.7136
488,HC-2016-481237,4/18/2016,4/26/2016,Standard Class,JT-86503,Jessica Thompson,Health System,United States,Los Angeles,California,90001,West,DE-IS-10000033,Diagnostic Equipment,Imaging Supplies,3M Scotchcast Plus Fiberglass Casting Tape 2in,84.33,1,0,19.2422
489,HC-2016-216946,3/10/2016,3/12/2016,Second Class,BW-96951,Barbara Walker,Health System,United States,Memphis,Tennessee,38101,South,MS-WC-10000004,Medical Supplies,Wound Care,Covidien Kendall Hydrogel Dressing 4x4in,109.53,3,0,27.614
490,HC-2017-143032,1/31/2017,2/5/2017,Second Class,AM-94012,Ava Martinez,Clinic,United States,Kansas City,Missouri,64101,Central,P-V&-10000051,Pharmaceutical,Vitamins & Supplements,Centrum Silver Multivitamin Adults 50+ 250ct,90.16,8,0.3,-9.3281
491,HC-2016-464211,2/18/2016,2/21/2016,Second Class,WS-65255,William Sanchez,Home Care,United States,Las Vegas,Nevada,89101,West,DE-LS-10000035,Diagnostic Equipment,Lab Supplies,Thermo Scientific Nunc CryoTube Vials 1.8mL 100pk,188.088,2,0.15,-34.2848
492,HC-2015-876696,2/14/2015,2/17/2015,Second Class,WT-73624,William Thompson,Health System,United States,Birmingham,Alabama,35201,South,DE-LS-10000039,Diagnostic Equipment,Lab Supplies,Fisherbrand Microcentrifuge Tubes 1.5mL 500pk,212.76,2,0,-39.2605
493,HC-2017-929053,2/25/2017,3/2/2017,Standard Class,RM-65302,Robert Martin,Clinic,United States,Atlanta,Georgia,30301,South,P-IS-10000049,Pharmaceutical,IV Solutions,Fresenius Kabi Sterile Water for Injection 1000mL,571.914,9,0.3,91.9762
494,HC-2018-391248,12/21/2018,12/24/2018,Second Class,ER-50306,Ethan Ramirez,Health System,United States,Las Vegas,Nevada,89101,West,MS-S&-10000010,Medical Supplies,Syringes & Needles,BD 3mL Luer-Lok Syringe with 21G Needle,58.968,4,0.3,13.0906
495,HC-2015-528178,1/3/2015,1/9/2015,Standard Class,MP-76540,Mason Perez,Health System,United States,Louisville,Kentucky,40201,South,P-IS-10000047,Pharmaceutical,IV Solutions,B. Braun Lactated Ringer's Injection 1000mL,1043.064,11,0.2,163.877
496,HC-2016-316173,7/26/2016,7/27/2016,Same Day,JJ-44099,Jennifer Johnson,Home Care,United States,Detroit,Michigan,48201,Central,DE-TK-10000027,Diagnostic Equipment,Testing Kits,Quidel QuickVue Influenza A+B Test Kit 25ct,433.29,10,0.35,-66.1281
497,HC-2017-298033,6/7/2017,6/9/2017,First Class,LW-54313,Linda Williams,Home Care,United States,Atlanta,Georgia,30301,South,P-IS-10000046,Pharmaceutical,IV Solutions,Hospira 5% Dextrose Injection USP 500mL,55.094,1,0.35,-3.638
498,HC-2018-243960,11/8/2018,11/10/2018,Second Class,IR-64921,Isabella Robinson,Health System,United States,New Orleans,Louisiana,70112,South,P-OM-10000044,Pharmaceutical,OTC Medications,Zyrtec Allergy 10mg Cetirizine Tablets 70ct,83.944,7,0.2,13.2172
499,HC-2015-668716,9/28/2015,10/1/2015,Second Class,OG-99192,Olivia Garcia,Home Care,United States,Houston,Texas,77001,South,P-IS-10000045,Pharmaceutical,IV Solutions,Baxter 0.9% Sodium Chloride Injection 1000mL,160.92,8,0.5,26.7144
500,HC-2016-207809,9/21/2016,9/23/2016,Second Class,MP-91070,Mason Perez,Health System,United States,Newark,New Jersey,7101,East,P-IS-10000045,Pharmaceutical,IV Solutions,Baxter 0.9% Sodium Chloride Injection 1000mL,697.27,14,0.3,34.9732
501,HC-2015-615711,2/19/2015,2/25/2015,Standard Class,JM-42953,Joseph Moore,Clinic,United States,New Orleans,Louisiana,70112,South,MS-WC-10000001,Medical Supplies,Wound Care,Medline Bordered Gauze Island Dressing 4x4in,58.8,5,0,11.4812
502,HC-2015-728738,8/31/2015,9/1/2015,Same Day,EW-29536,Ethan White,Health System,United States,Philadelphia,Pennsylvania,19101,East,MS-B&-10000016,Medical Supplies,Bandages & Tape,Johnson & Johnson Elastikon Elastic Bandage 3in,250.36,11,0,76.3477
503,HC-2018-435812,9/17/2018,9/19/2018,Second Class,ER-50306,Ethan Ramirez,Clinic,United States,Kansas City,Missouri,64101,Central,MS-B&-10000018,Medical Supplies,Bandages & Tape,Medline Non-Sterile Rolled Gauze 2in x 4.1yd,199.16,13,0.2,68.2979
504,HC-2016-604667,7/24/2016,7/29/2016,Standard Class,NW-98777,Noah Wilson,Health System,United States,Richmond,Virginia,23218,East,P-IS-10000049,Pharmaceutical,IV Solutions,Fresenius Kabi Sterile Water for Injection 1000mL,298.05,6,0.5,-20.2446
505,HC-2018-837246,1/8/2018,1/15/2018,Standard Class,JD-19880,Joseph Davis,Clinic,United States,New Orleans,Louisiana,70112,South,MS-G&-10000007,Medical Supplies,Gloves & PPE,Medline SensiCare Ice Blue Nitrile Gloves Small,170.66,14,0,-17.2353
506,HC-2017-354276,1/9/2017,1/11/2017,First Class,EH-82667,Emma Hernandez,Home Care,United States,Albuquerque,New Mexico,87101,West,MS-G&-10000005,Medical Supplies,Gloves & PPE,Ansell TouchNTuff Nitrile Disposable Gloves Medium,94.2,2,0.25,-12.0875
507,HC-2015-131652,2/23/2015,2/27/2015,Standard Class,AJ-26828,Ava Jones,Clinic,United States,Boston,Massachusetts,2101,East,MS-S&-10000011,Medical Supplies,Syringes & Needles,Covidien Monoject 1mL Insulin Syringe 28G,13.94,2,0,-1.6384
508,HC-2015-565540,11/3/2015,11/11/2015,Standard Class,KJ-58393,Karen Johnson,Clinic,United States,Pittsburgh,Pennsylvania,15201,East,P-V&-10000050,Pharmaceutical,Vitamins & Supplements,Nature's Bounty Vitamin D3 2000IU 240 Softgels,30.06,3,0.5,1.6285
509,HC-2017-420899,10/27/2017,11/3/2017,Standard Class,EH-40735,Emma Hernandez,Home Care,United States,Las Vegas,Nevada,89101,West,P-OM-10000043,Pharmaceutical,OTC Medications,Pepcid AC Maximum Strength 20mg 50ct,141.425,5,0.5,14.0128
510,HC-2016-956223,3/9/2016,3/14/2016,Second Class,MS-17331,Mason Sanchez,Clinic,United States,Newark,New Jersey,7101,East,P-IS-10000048,Pharmaceutical,IV Solutions,ICU Medical Normal Saline 250mL IV Bag,310.486,11,0.45,22.1771
511,HC-2018-270666,8/17/2018,8/19/2018,Second Class,MS-19508,Mia Sanchez,Health System,United States,Portland,Oregon,97201,West,P-OM-10000040,Pharmaceutical,OTC Medications,Tylenol Extra Strength Acetaminophen 500mg 100ct,14.42,1,0.3,1.0729
512,HC-2016-197738,5/7/2016,5/8/2016,Same Day,MT-93130,Michael Thompson,Health System,United States,Cincinnati,Ohio,45201,Central,DE-MD-10000022,Diagnostic Equipment,Monitoring Devices,Masimo Rad-8 Pulse Oximeter Tabletop Unit,3460.919,7,0.3,-358.519
513,HC-2015-600121,7/19/2015,7/21/2015,First Class,AM-56025,Ava Martinez,Health System,United States,Philadelphia,Pennsylvania,19101,East,P-OM-10000042,Pharmaceutical,OTC Medications,Bayer Aspirin 325mg Enteric Coated 300ct,158.928,11,0.2,26.2353
514,HC-2018-569217,10/27/2018,11/4/2018,Standard Class,JJ-15482,Jessica Jones,Clinic,United States,Sacramento,California,95814,West,MS-S&-10000012,Medical Supplies,Syringes & Needles,Nipro 5mL Luer Slip Disposable Syringe,176.526,14,0.1,-13.2749
515,HC-2016-249550,5/4/2016,5/9/2016,Standard Class,LS-83563,Lisa Smith,Health System,United States,Hartford,Connecticut,6101,East,DE-MD-10000023,Diagnostic Equipment,Monitoring Devices,Omron HEM-7320 Upper Arm Blood Pressure Monitor,1160.46,6,0,472.0881
516,HC-2015-368463,5/20/2015,5/24/2015,Standard Class,JJ-83060,Joseph Johnson,Health System,United States,Memphis,Tennessee,38101,South,DE-TK-10000025,Diagnostic Equipment,Testing Kits,Abbott BinaxNOW COVID-19 Antigen Rapid Test 2-Pack,1404.88,8,0,411.2005
517,HC-2017-187546,4/1/2017,4/8/2017,Standard Class,SH-39831,Susan Hernandez,Home Care,United States,Sacramento,California,95814,West,P-IS-10000049,Pharmaceutical,IV Solutions,Fresenius Kabi Sterile Water for Injection 1000mL,357.555,11,0.5,63.3109
518,HC-2018-507081,2/22/2018,2/24/2018,First Class,PJ-95477,Patricia Johnson,Home Care,United States,New Orleans,Louisiana,70112,South,DE-MD-10000022,Diagnostic Equipment,Monitoring Devices,Masimo Rad-8 Pulse Oximeter Tabletop Unit,3987.885,11,0.25,-638.102
519,HC-2015-733727,8/12/2015,8/19/2015,Standard Class,BG-15229,Barbara Gonzalez,Health System,United States,Charlotte,North Carolina,28201,South,DE-TK-10000028,Diagnostic Equipment,Testing Kits,BD Veritor System Flu A+B Analyzer,341.76,8,0,-44.9778
520,HC-2015-927912,10/26/2015,11/3/2015,Standard Class,SW-63964,Sophia Walker,Home Care,United States,New York,New York,10001,East,DE-LS-10000036,Diagnostic Equipment,Lab Supplies,BD Vacutainer EDTA Blood Collection Tubes 10mL,275.044,14,0.05,-45.1654
521,HC-2016-540110,7/6/2016,7/9/2016,Second Class,NH-39444,Noah Hernandez,Health System,United States,Dallas,Texas,75201,South,P-OM-10000042,Pharmaceutical,OTC Medications,Bayer Aspirin 325mg Enteric Coated 300ct,10.56,1,0.45,0.9975
522,HC-2015-471921,12/3/2015,12/4/2015,Same Day,LP-52237,Lisa Perez,Home Care,United States,Phoenix,Arizona,85001,West,P-V&-10000053,Pharmaceutical,Vitamins & Supplements,Mason Natural Zinc 50mg Tablets 100ct,191.565,9,0.5,-8.7138
523,HC-2018-431777,6/16/2018,6/20/2018,Standard Class,WT-20155,William Thomas,Home Care,United States,Memphis,Tennessee,38101,South,MS-B&-10000017,Medical Supplies,Bandages & Tape,Covidien Curity Gauze Bandage Roll 4in,12.6905,1,0.15,4.6785
524,HC-2018-464994,3/30/2018,4/2/2018,Second Class,KT-28373,Karen Thomas,Clinic,United States,Philadelphia,Pennsylvania,19101,East,MS-G&-10000009,Medical Supplies,Gloves & PPE,Dynarex SafeTouch Latex-Free Vinyl Gloves Medium,323.19,6,0.3,81.6891
525,HC-2016-546535,9/20/2016,9/22/2016,First Class,MJ-91560,Mia Jones,Health System,United States,Portland,Oregon,97201,West,P-IS-10000045,Pharmaceutical,IV Solutions,Baxter 0.9% Sodium Chloride Injection 1000mL,630.728,8,0.3,-27.6245
526,HC-2015-193992,11/30/2015,12/6/2015,Standard Class,IB-30033,Isabella Brown,Home Care,United States,Boston,Massachusetts,2101,East,P-OM-10000044,Pharmaceutical,OTC Medications,Zyrtec Allergy 10mg Cetirizine Tablets 70ct,56.62,2,0.5,-5.0185
527,HC-2017-305059,10/27/2017,10/31/2017,Second Class,KL-11504,Karen Lewis,Clinic,United States,Memphis,Tennessee,38101,South,DE-MD-10000022,Diagnostic Equipment,Monitoring Devices,Masimo Rad-8 Pulse Oximeter Tabletop Unit,6298.128,8,0.1,-1011.728
528,HC-2016-260825,6/25/2016,6/27/2016,First Class,EA-54597,Emma Anderson,Health System,United States,New Orleans,Louisiana,70112,South,DE-IS-10000032,Diagnostic Equipment,Imaging Supplies,Medline X-Ray Film Processing Chemical Kit,607.41,10,0.1,-65.2033
529,HC-2016-522700,1/30/2016,2/7/2016,Standard Class,JR-77839,Joseph Robinson,Home Care,United States,San Francisco,California,94101,West,DE-TK-10000028,Diagnostic Equipment,Testing Kits,BD Veritor System Flu A+B Analyzer,474.24,12,0.35,116.315
530,HC-2018-129169,2/6/2018,2/10/2018,Standard Class,RH-73699,Robert Harris,Clinic,United States,Houston,Texas,77001,South,P-V&-10000054,Pharmaceutical,Vitamins & Supplements,Nature Made Fish Oil 1200mg 200 Softgels,51.326,2,0.45,2.735
531,HC-2017-907814,1/3/2017,1/9/2017,Standard Class,MW-53025,Michael Wilson,Clinic,United States,Miami,Florida,33101,South,DE-MD-10000022,Diagnostic Equipment,Monitoring Devices,Masimo Rad-8 Pulse Oximeter Tabletop Unit,443.304,3,0.2,-59.7471
532,HC-2015-181140,7/31/2015,8/1/2015,Same Day,JD-83579,John Davis,Home Care,United States,Nashville,Tennessee,37201,South,DE-IS-10000031,Diagnostic Equipment,Imaging Supplies,Parker Aquasonic 100 Ultrasound Transmission Gel,603.096,8,0.35,135.3296
533,HC-2015-791710,6/6/2015,6/13/2015,Standard Class,JM-82603,James Martin,Health System,United States,Philadelphia,Pennsylvania,19101,East,P-V&-10000054,Pharmaceutical,Vitamins & Supplements,Nature Made Fish Oil 1200mg 200 Softgels,61.46,2,0.3,-4.1636
534,HC-2015-897925,11/21/2015,11/23/2015,Second Class,JA-53369,Jessica Anderson,Health System,United States,Newark,New Jersey,7101,East,MS-G&-10000007,Medical Supplies,Gloves & PPE,Medline SensiCare Ice Blue Nitrile Gloves Small,79.24,4,0,19.454
535,HC-2015-557244,9/17/2015,9/23/2015,Standard Class,AS-78327,Ava Sanchez,Clinic,United States,Pittsburgh,Pennsylvania,15201,East,P-IS-10000046,Pharmaceutical,IV Solutions,Hospira 5% Dextrose Injection USP 500mL,90.02,4,0.5,-3.1162
536,HC-2018-955524,4/18/2018,4/25/2018,Standard Class,MM-36772,Mia Martinez,Clinic,United States,St. Louis,Missouri,63101,Central,DE-MD-10000024,Diagnostic Equipment,Monitoring Devices,A&D Medical UA-767FAM Multi-User BP Monitor,1172.584,4,0.3,340.7331
537,HC-2017-325636,12/22/2017,12/25/2017,Second Class,MP-83000,Mia Perez,Health System,United States,Phoenix,Arizona,85001,West,P-IS-10000047,Pharmaceutical,IV Solutions,B. Braun Lactated Ringer's Injection 1000mL,165.6,6,0.2,15.1386
538,HC-2016-652874,11/4/2016,11/9/2016,Standard Class,LL-24322,Liam Lopez,Health System,United States,Buffalo,New York,14201,East,MS-WC-10000004,Medical Supplies,Wound Care,Covidien Kendall Hydrogel Dressing 4x4in,128.03,10,0.3,45.0643
539,HC-2017-541699,6/10/2017,6/14/2017,Standard Class,NW-51180,Noah White,Health System,United States,Hartford,Connecticut,6101,East,MS-WC-10000003,Medical Supplies,Wound Care,Smith & Nephew ALLEVYN Gentle Border Foam Dressing,68.784,6,0.2,-10.5888
540,HC-2015-653138,2/13/2015,2/20/2015,Standard Class,JT-13804,Jessica Taylor,Health System,United States,San Francisco,California,94101,West,MS-S&-10000010,Medical Supplies,Syringes & Needles,BD 3mL Luer-Lok Syringe with 21G Needle,9.436,2,0.3,3.213
541,HC-2016-412941,7/16/2016,7/24/2016,Standard Class,PL-66959,Patricia Lee,Clinic,United States,Hartford,Connecticut,6101,East,P-IS-10000048,Pharmaceutical,IV Solutions,ICU Medical Normal Saline 250mL IV Bag,146.818,2,0.3,25.2382
542,HC-2015-300445,3/1/2015,3/3/2015,First Class,RR-94259,Richard Robinson,Health System,United States,St. Louis,Missouri,63101,Central,P-IS-10000049,Pharmaceutical,IV Solutions,Fresenius Kabi Sterile Water for Injection 1000mL,999.264,12,0.3,-83.6978
543,HC-2016-232423,9/15/2016,9/21/2016,Standard Class,AM-94012,Ava Martinez,Clinic,United States,Philadelphia,Pennsylvania,19101,East,DE-TK-10000029,Diagnostic Equipment,Testing Kits,McKesson Blood Glucose Test Strips 100ct,910.616,7,0.2,281.7045
544,HC-2017-903421,12/4/2017,12/10/2017,Standard Class,LM-87924,Linda Martin,Health System,United States,Salt Lake City,Utah,84101,West,DE-MD-10000022,Diagnostic Equipment,Monitoring Devices,Masimo Rad-8 Pulse Oximeter Tabletop Unit,7778.96,14,0,2737.3861
545,HC-2018-297045,11/24/2018,11/25/2018,Same Day,NR-80282,Noah Ramirez,Clinic,United States,Miami,Florida,33101,South,DE-MD-10000022,Diagnostic Equipment,Monitoring Devices,Masimo Rad-8 Pulse Oximeter Tabletop Unit,1979.32,10,0.3,644.3259
546,HC-2018-312882,9/4/2018,9/9/2018,Standard Class,JA-53369,Jessica Anderson,Home Care,United States,St. Louis,Missouri,63101,Central,DE-TK-10000025,Diagnostic Equipment,Testing Kits,Abbott BinaxNOW COVID-19 Antigen Rapid Test 2-Pack,132.717,3,0.35,-22.4103
547,HC-2015-599374,10/29/2015,10/31/2015,Second Class,WJ-38221,William Jones,Health System,United States,Memphis,Tennessee,38101,South,P-V&-10000053,Pharmaceutical,Vitamins & Supplements,Mason Natural Zinc 50mg Tablets 100ct,36.448,2,0.2,3.5018
548,HC-2015-867559,11/5/2015,11/9/2015,Standard Class,AM-56025,Ava Martinez,Health System,United States,Portland,Oregon,97201,West,DE-TK-10000027,Diagnostic Equipment,Testing Kits,Quidel QuickVue Influenza A+B Test Kit 25ct,130.464,3,0.2,-21.5411
549,HC-2017-703172,10/7/2017,10/9/2017,Second Class,LM-15695,Lisa Martinez,Health System,United States,Indianapolis,Indiana,46201,Central,DE-TK-10000025,Diagnostic Equipment,Testing Kits,Abbott BinaxNOW COVID-19 Antigen Rapid Test 2-Pack,483.66,5,0.1,-76.7124
550,HC-2015-840140,7/27/2015,7/29/2015,First Class,KM-76307,Karen Miller,Health System,United States,Miami,Florida,33101,South,P-IS-10000045,Pharmaceutical,IV Solutions,Baxter 0.9% Sodium Chloride Injection 1000mL,145.629,9,0.45,16.3073
551,HC-2018-798384,11/9/2018,11/14/2018,Standard Class,MD-76237,Michael Davis,Health System,United States,Memphis,Tennessee,38101,South,DE-LS-10000037,Diagnostic Equipment,Lab Supplies,Corning 50mL Polypropylene Centrifuge Tubes 25pk,85.95,5,0,21.8438
552,HC-2018-694822,5/1/2018,5/8/2018,Standard Class,MW-95181,Michael White,Health System,United States,Cincinnati,Ohio,45201,Central,P-IS-10000046,Pharmaceutical,IV Solutions,Hospira 5% Dextrose Injection USP 500mL,130.554,3,0.4,19.6854
553,HC-2016-415761,11/18/2016,11/25/2016,Standard Class,LH-30257,Lisa Harris,Health System,United States,Memphis,Tennessee,38101,South,P-IS-10000049,Pharmaceutical,IV Solutions,Fresenius Kabi Sterile Water for Injection 1000mL,750.365,14,0.45,84.7658
554,HC-2018-356238,11/5/2018,11/12/2018,Standard Class,AL-23396,Ava Lopez,Health System,United States,Kansas City,Missouri,64101,Central,P-V&-10000053,Pharmaceutical,Vitamins & Supplements,Mason Natural Zinc 50mg Tablets 100ct,166.32,12,0.4,-11.2887
555,HC-2018-717766,10/22/2018,10/24/2018,First Class,CM-15014,Charles Martinez,Home Care,United States,Milwaukee,Wisconsin,53201,Central,DE-IS-10000032,Diagnostic Equipment,Imaging Supplies,Medline X-Ray Film Processing Chemical Kit,467.545,10,0.35,-101.0927
556,HC-2016-754096,12/11/2016,12/12/2016,Same Day,WJ-55745,William Jones,Clinic,United States,Phoenix,Arizona,85001,West,P-V&-10000051,Pharmaceutical,Vitamins & Supplements,Centrum Silver Multivitamin Adults 50+ 250ct,72.625,5,0.3,3.7785
557,HC-2016-152326,3/21/2016,3/28/2016,Standard Class,OB-13278,Olivia Brown,Health System,United States,San Francisco,California,94101,West,DE-TK-10000027,Diagnostic Equipment,Testing Kits,Quidel QuickVue Influenza A+B Test Kit 25ct,1466.92,13,0.3,-281.9995
558,HC-2018-596162,12/31/2018,1/1/2019,Same Day,RW-22676,Robert Wilson,Health System,United States,Boston,Massachusetts,2101,East,DE-TK-10000028,Diagnostic Equipment,Testing Kits,BD Veritor System Flu A+B Analyzer,181.0,2,0,-43.8786
559,HC-2016-681208,9/28/2016,10/6/2016,Standard Class,TH-97410,Thomas Hernandez,Health System,United States,Miami,Florida,33101,South,MS-S&-10000012,Medical Supplies,Syringes & Needles,Nipro 5mL Luer Slip Disposable Syringe,57.12,10,0.2,15.5498
560,HC-2017-589215,6/13/2017,6/21/2017,Standard Class,LR-32810,Liam Robinson,Clinic,United States,Milwaukee,Wisconsin,53201,Central,DE-LS-10000038,Diagnostic Equipment,Lab Supplies,Globe Scientific Disposable Transfer Pipettes 3mL,145.071,9,0.1,-23.8786
561,HC-2015-407592,10/15/2015,10/23/2015,Standard Class,MG-39389,Mary Gonzalez,Clinic,United States,Phoenix,Arizona,85001,West,MS-B&-10000016,Medical Supplies,Bandages & Tape,Johnson & Johnson Elastikon Elastic Bandage 3in,11.214,1,0.1,-2.2977
562,HC-2015-163821,6/23/2015,6/25/2015,First Class,EA-83519,Emma Anderson,Clinic,United States,Pittsburgh,Pennsylvania,15201,East,MS-WC-10000001,Medical Supplies,Wound Care,Medline Bordered Gauze Island Dressing 4x4in,195.12,9,0.2,72.8687
563,HC-2015-645073,1/14/2015,1/18/2015,Standard Class,AM-94012,Ava Martinez,Clinic,United States,Atlanta,Georgia,30301,South,MS-G&-10000006,Medical Supplies,Gloves & PPE,Kimberly-Clark Purple Nitrile Exam Gloves Large,13.335,1,0.3,-1.4997
564,HC-2016-553355,9/6/2016,9/7/2016,Same Day,JG-69470,Jessica Garcia,Clinic,United States,Birmingham,Alabama,35201,South,MS-WC-10000001,Medical Supplies,Wound Care,Medline Bordered Gauze Island Dressing 4x4in,127.104,12,0.2,-17.3982
565,HC-2018-510191,12/3/2018,12/9/2018,Standard Class,NW-51180,Noah White,Clinic,United States,Columbus,Ohio,43004,East,DE-MD-10000023,Diagnostic Equipment,Monitoring Devices,Omron HEM-7320 Upper Arm Blood Pressure Monitor,3116.26,7,0,-281.204
566,HC-2015-858188,1/23/2015,1/28/2015,Second Class,ES-23970,Ethan Sanchez,Home Care,United States,Milwaukee,Wisconsin,53201,Central,DE-IS-10000030,Diagnostic Equipment,Imaging Supplies,Covidien Kendall Ultrasound Gel 8.5oz,959.361,6,0.35,-225.1627
567,HC-2018-391860,12/17/2018,12/22/2018,Standard Class,KS-79514,Karen Sanchez,Health System,United States,Sacramento,California,95814,West,P-IS-10000048,Pharmaceutical,IV Solutions,ICU Medical Normal Saline 250mL IV Bag,206.514,14,0.45,-8.1737
568,HC-2017-170852,11/4/2017,11/10/2017,Standard Class,EA-10221,Emma Anderson,Health System,United States,Columbus,Ohio,43004,East,MS-WC-10000001,Medical Supplies,Wound Care,Medline Bordered Gauze Island Dressing 4x4in,182.27,11,0,-20.406
569,HC-2016-139235,4/29/2016,5/1/2016,First Class,KL-11504,Karen Lewis,Clinic,United States,Chicago,Illinois,60601,Central,P-OM-10000043,Pharmaceutical,OTC Medications,Pepcid AC Maximum Strength 20mg 50ct,337.19,10,0.3,-57.3431
570,HC-2017-310965,7/9/2017,7/10/2017,Same Day,KR-11934,Karen Ramirez,Clinic,United States,Memphis,Tennessee,38101,South,P-OM-10000043,Pharmaceutical,OTC Medications,Pepcid AC Maximum Strength 20mg 50ct,461.279,13,0.3,28.2221
571,HC-2015-457261,7/17/2015,7/19/2015,First Class,JW-45382,Joseph Wilson,Clinic,United States,Columbus,Ohio,43004,East,MS-B&-10000016,Medical Supplies,Bandages & Tape,Johnson & Johnson Elastikon Elastic Bandage 3in,150.36,10,0.3,41.3109
572,HC-2016-181939,12/31/2016,1/4/2017,Standard Class,MS-14067,Mary Sanchez,Home Care,United States,San Francisco,California,94101,West,MS-S&-10000010,Medical Supplies,Syringes & Needles,BD 3mL Luer-Lok Syringe with 21G Needle,30.21,4,0.05,9.072
573,HC-2015-402062,2/16/2015,2/17/2015,Same Day,AJ-26828,Ava Jones,Home Care,United States,Boston,Massachusetts,2101,East,MS-G&-10000009,Medical Supplies,Gloves & PPE,Dynarex SafeTouch Latex-Free Vinyl Gloves Medium,644.328,9,0.05,167.4247
574,HC-2018-310251,1/23/2018,1/28/2018,Second Class,NL-40828,Noah Lewis,Health System,United States,New York,New York,10001,East,DE-MD-10000021,Diagnostic Equipment,Monitoring Devices,Nonin Onyx Vantage 9590 Finger Pulse Oximeter,3128.16,14,0.2,894.4092
575,HC-2016-678211,4/27/2016,4/29/2016,First Class,SL-62581,Sophia Lopez,Clinic,United States,St. Louis,Missouri,63101,Central,DE-TK-10000027,Diagnostic Equipment,Testing Kits,Quidel QuickVue Influenza A+B Test Kit 25ct,246.816,2,0.1,78.8131
576,HC-2016-679334,4/11/2016,4/14/2016,Second Class,EJ-64987,Emma Jackson,Clinic,United States,Buffalo,New York,14201,East,DE-MD-10000023,Diagnostic Equipment,Monitoring Devices,Omron HEM-7320 Upper Arm Blood Pressure Monitor,8606.76,12,0,-1053.2737
577,HC-2018-343304,1/30/2018,2/5/2018,Standard Class,WW-69638,William Walker,Home Care,United States,New Orleans,Louisiana,70112,South,MS-WC-10000001,Medical Supplies,Wound Care,Medline Bordered Gauze Island Dressing 4x4in,196.716,13,0.35,-39.9691
578,HC-2015-429384,1/31/2015,2/2/2015,Second Class,MP-91070,Mason Perez,Health System,United States,Memphis,Tennessee,38101,South,DE-TK-10000027,Diagnostic Equipment,Testing Kits,Quidel QuickVue Influenza A+B Test Kit 25ct,284.193,7,0.1,99.8985
579,HC-2015-484757,6/6/2015,6/12/2015,Standard Class,JT-82692,James Thompson,Health System,United States,Indianapolis,Indiana,46201,Central,P-IS-10000046,Pharmaceutical,IV Solutions,Hospira 5% Dextrose Injection USP 500mL,181.7,5,0.5,-21.8739
580,HC-2015-137609,6/10/2015,6/13/2015,Second Class,MS-88504,Mia Smith,Health System,United States,Baltimore,Maryland,21201,East,MS-B&-10000018,Medical Supplies,Bandages & Tape,Medline Non-Sterile Rolled Gauze 2in x 4.1yd,21.609,1,0.1,7.5041
581,HC-2015-335351,6/23/2015,6/25/2015,First Class,MP-91070,Mason Perez,Health System,United States,New Orleans,Louisiana,70112,South,MS-B&-10000016,Medical Supplies,Bandages & Tape,Johnson & Johnson Elastikon Elastic Bandage 3in,160.74,9,0,50.1638
582,HC-2018-457506,1/14/2018,1/15/2018,Same Day,WJ-38221,William Jones,Health System,United States,Columbus,Ohio,43004,East,P-V&-10000053,Pharmaceutical,Vitamins & Supplements,Mason Natural Zinc 50mg Tablets 100ct,288.34,13,0.5,42.6201
583,HC-2018-372735,2/7/2018,2/15/2018,Standard Class,RR-86556,Richard Robinson,Clinic,United States,Sacramento,California,95814,West,MS-B&-10000018,Medical Supplies,Bandages & Tape,Medline Non-Sterile Rolled Gauze 2in x 4.1yd,78.64,4,0,28.4317
584,HC-2018-230344,1/16/2018,1/24/2018,Standard Class,MD-76237,Michael Davis,Clinic,United States,Nashville,Tennessee,37201,South,DE-IS-10000032,Diagnostic Equipment,Imaging Supplies,Medline X-Ray Film Processing Chemical Kit,1558.584,8,0.1,348.2708
585,HC-2017-429280,8/13/2017,8/20/2017,Standard Class,JJ-44099,Jennifer Johnson,Health System,United States,Dallas,Texas,75201,South,MS-B&-10000016,Medical Supplies,Bandages & Tape,Johnson & Johnson Elastikon Elastic Bandage 3in,122.46,13,0,-11.3598
586,HC-2015-561697,9/18/2015,9/20/2015,Second Class,JJ-40311,John Jones,Health System,United States,Houston,Texas,77001,South,P-IS-10000045,Pharmaceutical,IV Solutions,Baxter 0.9% Sodium Chloride Injection 1000mL,150.68,4,0.5,26.9651
587,HC-2015-181242,2/3/2015,2/5/2015,First Class,JL-18326,Jessica Lee,Health System,United States,Columbus,Ohio,43004,East,P-IS-10000045,Pharmaceutical,IV Solutions,Baxter 0.9% Sodium Chloride Injection 1000mL,199.08,4,0.3,-9.8861
588,HC-2016-752126,8/2/2016,8/8/2016,Standard Class,SH-30676,Susan Hernandez,Clinic,United States,Milwaukee,Wisconsin,53201,Central,MS-G&-10000007,Medical Supplies,Gloves & PPE,Medline SensiCare Ice Blue Nitrile Gloves Small,31.563,3,0.3,-3.5055
589,HC-2016-499601,10/3/2016,10/8/2016,Standard Class,LJ-41571,Linda Johnson,Health System,United States,Sacramento,California,95814,West,P-OM-10000040,Pharmaceutical,OTC Medications,Tylenol Extra Strength Acetaminophen 500mg 100ct,127.446,4,0.45,-13.7424
590,HC-2017-444650,12/16/2017,12/22/2017,Standard Class,JM-48890,John Miller,Health System,United States,Birmingham,Alabama,35201,South,MS-S&-10000011,Medical Supplies,Syringes & Needles,Covidien Monoject 1mL Insulin Syringe 28G,196.8,12,0,-25.0813
591,HC-2017-340924,4/19/2017,4/25/2017,Standard Class,JL-62743,Jessica Lopez,Health System,United States,Columbus,Ohio,43004,East,P-OM-10000044,Pharmaceutical,OTC Medications,Zyrtec Allergy 10mg Cetirizine Tablets 70ct,85.6625,7,0.45,-7.0192
592,HC-2016-288655,11/30/2016,12/5/2016,Second Class,ST-63354,Sophia Taylor,Clinic,United States,Omaha,Nebraska,68101,Central,DE-MD-10000021,Diagnostic Equipment,Monitoring Devices,Nonin Onyx Vantage 9590 Finger Pulse Oximeter,642.66,5,0.4,-85.0665
593,HC-2017-471581,6/2/2017,6/4/2017,Second Class,JM-65108,John Miller,Home Care,United States,Albuquerque,New Mexico,87101,West,MS-B&-10000019,Medical Supplies,Bandages & Tape,Dukal Elastic Stretch Bandage 6in,43.0825,5,0.05,10.657
594,HC-2015-834122,4/3/2015,4/4/2015,Same Day,JJ-70901,Joseph Jones,Health System,United States,Buffalo,New York,14201,East,MS-G&-10000009,Medical Supplies,Gloves & PPE,Dynarex SafeTouch Latex-Free Vinyl Gloves Medium,668.79,9,0,140.7477
595,HC-2018-343545,10/12/2018,10/17/2018,Standard Class,JR-86484,Jessica Robinson,Health System,United States,Sacramento,California,95814,West,DE-LS-10000037,Diagnostic Equipment,Lab Supplies,Corning 50mL Polypropylene Centrifuge Tubes 25pk,144.504,9,0.2,-19.4194
596,HC-2016-703075,8/7/2016,8/12/2016,Standard Class,JT-94607,John Thompson,Health System,United States,Miami,Florida,33101,South,P-IS-10000045,Pharmaceutical,IV Solutions,Baxter 0.9% Sodium Chloride Injection 1000mL,114.933,3,0.3,-3.9353
597,HC-2018-664045,9/26/2018,9/29/2018,Second Class,LG-71261,Liam Garcia,Home Care,United States,New York,New York,10001,East,MS-WC-10000003,Medical Supplies,Wound Care,Smith & Nephew ALLEVYN Gentle Border Foam Dressing,36.86,1,0.05,-4.8794
598,HC-2017-243464,12/2/2017,12/6/2017,Standard Class,MP-75435,Michael Perez,Clinic,United States,San Francisco,California,94101,West,DE-MD-10000022,Diagnostic Equipment,Monitoring Devices,Masimo Rad-8 Pulse Oximeter Tabletop Unit,6273.456,12,0.3,1659.2561
599,HC-2016-140220,10/31/2016,11/8/2016,Standard Class,MT-93130,Michael Thompson,Clinic,United States,Boston,Massachusetts,2101,East,DE-MD-10000024,Diagnostic Equipment,Monitoring Devices,A&D Medical UA-767FAM Multi-User BP Monitor,4117.904,14,0.2,1450.4332
600,HC-2016-869194,5/18/2016,5/23/2016,Standard Class,EJ-53309,Ethan Johnson,Clinic,United States,Atlanta,Georgia,30301,South,DE-IS-10000031,Diagnostic Equipment,Imaging Supplies,Parker Aquasonic 100 Ultrasound Transmission Gel,117.904,2,0.2,46.1513
601,HC-2015-346117,1/7/2015,1/12/2015,Standard Class,LL-25012,Lisa Lee,Clinic,United States,Nashville,Tennessee,37201,South,P-IS-10000048,Pharmaceutical,IV Solutions,ICU Medical Normal Saline 250mL IV Bag,153.405,3,0.3,-10.0483
602,HC-2017-441203,3/14/2017,3/18/2017,Standard Class,TT-92960,Thomas Thompson,Health System,United States,Nashville,Tennessee,37201,South,MS-B&-10000015,Medical Supplies,Bandages & Tape,3M Micropore Surgical Tape 1in x 10yd,36.96,6,0.2,-2.9968
603,HC-2018-632139,12/14/2018,12/16/2018,First Class,JT-86503,Jessica Thompson,Health System,United States,Denver,Colorado,80201,West,MS-B&-10000015,Medical Supplies,Bandages & Tape,3M Micropore Surgical Tape 1in x 10yd,94.86,6,0,-11.9523
604,HC-2017-423496,5/20/2017,5/22/2017,First Class,EL-57400,Ethan Lewis,Clinic,United States,Richmond,Virginia,23218,East,DE-LS-10000036,Diagnostic Equipment,Lab Supplies,BD Vacutainer EDTA Blood Collection Tubes 10mL,180.264,3,0.2,47.0922
605,HC-2018-852689,2/6/2018,2/9/2018,Second Class,SH-51114,Susan Harris,Home Care,United States,Phoenix,Arizona,85001,West,MS-S&-10000011,Medical Supplies,Syringes & Needles,Covidien Monoject 1mL Insulin Syringe 28G,141.627,6,0.15,31.6002
606,HC-2015-416110,1/28/2015,1/30/2015,Second Class,MS-19508,Mia Sanchez,Health System,United States,Salt Lake City,Utah,84101,West,MS-G&-10000006,Medical Supplies,Gloves & PPE,Kimberly-Clark Purple Nitrile Exam Gloves Large,171.6,12,0,-23.516
607,HC-2018-121133,9/4/2018,9/6/2018,First Class,IB-49363,Isabella Brown,Clinic,United States,Louisville,Kentucky,40201,South,MS-G&-10000005,Medical Supplies,Gloves & PPE,Ansell TouchNTuff Nitrile Disposable Gloves Medium,725.868,13,0.1,-95.3167
608,HC-2015-550399,2/17/2015,2/23/2015,Standard Class,EW-42018,Ethan Williams,Clinic,United States,Omaha,Nebraska,68101,Central,MS-G&-10000008,Medical Supplies,Gloves & PPE,Cardinal Health Flexal Nitrile Exam Gloves XL,361.08,8,0.1,-78.3254
609,HC-2017-126101,2/22/2017,2/28/2017,Standard Class,PM-38569,Patricia Martin,Clinic,United States,Boston,Massachusetts,2101,East,DE-TK-10000028,Diagnostic Equipment,Testing Kits,BD Veritor System Flu A+B Analyzer,823.2,10,0,286.9376
610,HC-2015-648830,6/21/2015,6/26/2015,Second Class,JJ-83060,Joseph Johnson,Health System,United States,Atlanta,Georgia,30301,South,P-V&-10000051,Pharmaceutical,Vitamins & Supplements,Centrum Silver Multivitamin Adults 50+ 250ct,46.112,8,0.45,4.1726
611,HC-2015-672091,11/5/2015,11/9/2015,Standard Class,LL-72216,Liam Lewis,Clinic,United States,Miami,Florida,33101,South,DE-IS-10000031,Diagnostic Equipment,Imaging Supplies,Parker Aquasonic 100 Ultrasound Transmission Gel,1088.64,12,0.1,351.5069
612,HC-2015-219185,8/4/2015,8/7/2015,Second Class,JT-67954,Joseph Thomas,Health System,United States,Dallas,Texas,75201,South,MS-B&-10000018,Medical Supplies,Bandages & Tape,Medline Non-Sterile Rolled Gauze 2in x 4.1yd,78.936,13,0.2,-13.1399
613,HC-2017-691198,5/6/2017,5/11/2017,Second Class,MR-70332,Michael Ramirez,Clinic,United States,Pittsburgh,Pennsylvania,15201,East,P-OM-10000041,Pharmaceutical,OTC Medications,Ibuprofen USP 200mg Tablets 500ct Bulk,148.2855,11,0.45,25.766
614,HC-2017-110298,11/29/2017,12/5/2017,Standard Class,JJ-83060,Joseph Johnson,Health System,United States,Kansas City,Missouri,64101,Central,DE-LS-10000036,Diagnostic Equipment,Lab Supplies,BD Vacutainer EDTA Blood Collection Tubes 10mL,55.422,2,0.1,-15.6494
615,HC-2016-759367,11/8/2016,11/12/2016,Standard Class,EG-37535,Ethan Gonzalez,Home Care,United States,Albuquerque,New Mexico,87101,West,MS-G&-10000007,Medical Supplies,Gloves & PPE,Medline SensiCare Ice Blue Nitrile Gloves Small,372.708,14,0.15,110.6546
616,HC-2017-207978,1/22/2017,1/30/2017,Standard Class,RH-73699,Robert Harris,Health System,United States,Denver,Colorado,80201,West,P-OM-10000042,Pharmaceutical,OTC Medications,Bayer Aspirin 325mg Enteric Coated 300ct,132.44,10,0.3,-12.2053
617,HC-2016-921417,11/7/2016,11/9/2016,First Class,LM-42098,Liam Martinez,Health System,United States,Hartford,Connecticut,6101,East,MS-G&-10000005,Medical Supplies,Gloves & PPE,Ansell TouchNTuff Nitrile Disposable Gloves Medium,752.1,10,0,-62.7753
618,HC-2015-442978,1/1/2015,1/3/2015,First Class,JC-77889,Jennifer Clark,Health System,United States,Salt Lake City,Utah,84101,West,DE-MD-10000021,Diagnostic Equipment,Monitoring Devices,Nonin Onyx Vantage 9590 Finger Pulse Oximeter,2728.859,7,0.3,-324.3041
619,HC-2016-845902,12/28/2016,1/5/2017,Standard Class,JT-94607,John Thompson,Home Care,United States,Kansas City,Missouri,64101,Central,MS-B&-10000019,Medical Supplies,Bandages & Tape,Dukal Elastic Stretch Bandage 6in,87.582,12,0.45,20.1533
620,HC-2015-501035,12/31/2015,1/6/2016,Standard Class,WT-73624,William Thompson,Clinic,United States,Baltimore,Maryland,21201,East,DE-TK-10000025,Diagnostic Equipment,Testing Kits,Abbott BinaxNOW COVID-19 Antigen Rapid Test 2-Pack,265.68,6,0.2,-41.2831
621,HC-2016-772844,9/27/2016,9/29/2016,First Class,NW-51180,Noah White,Health System,United States,Omaha,Nebraska,68101,Central,DE-LS-10000035,Diagnostic Equipment,Lab Supplies,Thermo Scientific Nunc CryoTube Vials 1.8mL 100pk,1291.14,12,0.1,354.8502
622,HC-2015-839916,12/22/2015,12/24/2015,First Class,RH-73699,Robert Harris,Home Care,United States,Sacramento,California,95814,West,P-OM-10000041,Pharmaceutical,OTC Medications,Ibuprofen USP 200mg Tablets 500ct Bulk,148.47,14,0.25,8.5053
623,HC-2016-843764,10/5/2016,10/13/2016,Standard Class,IM-76244,Isabella Martinez,Home Care,United States,Richmond,Virginia,23218,East,MS-S&-10000014,Medical Supplies,Syringes & Needles,BD Eclipse Safety Needle 25G 1in,50.0225,11,0.15,13.1697
624,HC-2015-822171,5/14/2015,5/20/2015,Standard Class,ST-63354,Sophia Taylor,Health System,United States,Memphis,Tennessee,38101,South,P-IS-10000046,Pharmaceutical,IV Solutions,Hospira 5% Dextrose Injection USP 500mL,935.536,14,0.2,-50.7723
625,HC-2016-291366,12/19/2016,12/27/2016,Standard Class,JJ-44718,Joseph Jones,Health System,United States,Minneapolis,Minnesota,55401,Central,P-OM-10000041,Pharmaceutical,OTC Medications,Ibuprofen USP 200mg Tablets 500ct Bulk,170.808,11,0.4,26.0543
626,HC-2017-425569,7/31/2017,8/6/2017,Standard Class,IP-49117,Isabella Perez,Clinic,United States,Indianapolis,Indiana,46201,Central,MS-B&-10000017,Medical Supplies,Bandages & Tape,Covidien Curity Gauze Bandage Roll 4in,16.254,3,0.3,3.9515
627,HC-2016-138515,6/25/2016,7/1/2016,Standard Class,NP-58944,Noah Perez,Health System,United States,Newark,New Jersey,7101,East,P-IS-10000046,Pharmaceutical,IV Solutions,Hospira 5% Dextrose Injection USP 500mL,162.338,4,0.45,15.4383
628,HC-2016-373516,2/29/2016,3/1/2016,Same Day,ES-23970,Ethan Sanchez,Health System,United States,Denver,Colorado,80201,West,MS-WC-10000004,Medical Supplies,Wound Care,Covidien Kendall Hydrogel Dressing 4x4in,87.372,3,0.1,-10.9021
629,HC-2016-266461,10/23/2016,10/29/2016,Standard Class,RM-65302,Robert Martin,Home Care,United States,Richmond,Virginia,23218,East,DE-LS-10000037,Diagnostic Equipment,Lab Supplies,Corning 50mL Polypropylene Centrifuge Tubes 25pk,95.665,2,0.05,38.5176
630,HC-2015-866461,11/30/2015,12/2/2015,Second Class,JC-86019,Jessica Clark,Clinic,United States,Hartford,Connecticut,6101,East,DE-LS-10000036,Diagnostic Equipment,Lab Supplies,BD Vacutainer EDTA Blood Collection Tubes 10mL,199.296,6,0.2,-22.9251
631,HC-2016-520216,9/6/2016,9/7/2016,Same Day,PM-38569,Patricia Martin,Clinic,United States,New Orleans,Louisiana,70112,South,P-OM-10000041,Pharmaceutical,OTC Medications,Ibuprofen USP 200mg Tablets 500ct Bulk,89.025,5,0.5,15.363
632,HC-2017-347656,7/28/2017,8/2/2017,Standard Class,MD-18834,Mary Davis,Health System,United States,Detroit,Michigan,48201,Central,MS-B&-10000015,Medical Supplies,Bandages & Tape,3M Micropore Surgical Tape 1in x 10yd,40.341,3,0.3,-11.742
633,HC-2015-900122,11/23/2015,11/28/2015,Standard Class,JM-48890,John Miller,Home Care,United States,St. Louis,Missouri,63101,Central,MS-B&-10000016,Medical Supplies,Bandages & Tape,Johnson & Johnson Elastikon Elastic Bandage 3in,24.0525,3,0.25,8.0492
634,HC-2017-479878,12/29/2017,1/3/2018,Standard Class,RL-15075,Richard Lewis,Clinic,United States,Kansas City,Missouri,64101,Central,DE-MD-10000024,Diagnostic Equipment,Monitoring Devices,A&D Medical UA-767FAM Multi-User BP Monitor,3700.305,7,0.1,1291.8337
635,HC-2015-505605,4/1/2015,4/8/2015,Standard Class,WH-89276,William Hernandez,Health System,United States,Buffalo,New York,14201,East,P-IS-10000045,Pharmaceutical,IV Solutions,Baxter 0.9% Sodium Chloride Injection 1000mL,225.89,7,0.3,-13.793
636,HC-2015-702597,8/6/2015,8/8/2015,Second Class,TS-33416,Thomas Sanchez,Health System,United States,New York,New York,10001,East,P-IS-10000048,Pharmaceutical,IV Solutions,ICU Medical Normal Saline 250mL IV Bag,128.018,11,0.45,13.4316
637,HC-2016-846610,9/12/2016,9/20/2016,Standard Class,JJ-83060,Joseph Johnson,Clinic,United States,Hartford,Connecticut,6101,East,DE-IS-10000030,Diagnostic Equipment,Imaging Supplies,Covidien Kendall Ultrasound Gel 8.5oz,1135.736,7,0.2,422.4054
638,HC-2015-556013,11/4/2015,11/5/2015,Same Day,SM-29313,Sophia Miller,Clinic,United States,Sacramento,California,95814,West,MS-B&-10000017,Medical Supplies,Bandages & Tape,Covidien Curity Gauze Bandage Roll 4in,60.984,14,0.1,16.5907
639,HC-2016-568472,5/31/2016,6/8/2016,Standard Class,MW-95181,Michael White,Health System,United States,Nashville,Tennessee,37201,South,DE-IS-10000030,Diagnostic Equipment,Imaging Supplies,Covidien Kendall Ultrasound Gel 8.5oz,773.136,6,0.2,-70.3005
640,HC-2016-580280,5/24/2016,5/29/2016,Standard Class,EG-37535,Ethan Gonzalez,Home Care,United States,Buffalo,New York,14201,East,P-V&-10000051,Pharmaceutical,Vitamins & Supplements,Centrum Silver Multivitamin Adults 50+ 250ct,326.13,14,0.5,40.4332
641,HC-2015-543054,6/6/2015,6/8/2015,Second Class,JT-82692,James Thompson,Health System,United States,Seattle,Washington,98101,West,DE-MD-10000021,Diagnostic Equipment,Monitoring Devices,Nonin Onyx Vantage 9590 Finger Pulse Oximeter,3445.12,5,0.2,1207.787
642,HC-2016-388134,1/28/2016,1/29/2016,Same Day,LP-52237,Lisa Perez,Health System,United States,Salt Lake City,Utah,84101,West,P-V&-10000051,Pharmaceutical,Vitamins & Supplements,Centrum Silver Multivitamin Adults 50+ 250ct,118.7615,11,0.45,12.0931
643,HC-2018-728180,10/20/2018,10/23/2018,Second Class,CM-60328,Charles Miller,Health System,United States,Philadelphia,Pennsylvania,19101,East,P-IS-10000045,Pharmaceutical,IV Solutions,Baxter 0.9% Sodium Chloride Injection 1000mL,29.491,1,0.3,-1.3932
644,HC-2018-463191,4/19/2018,4/26/2018,Standard Class,SM-16658,Sarah Martinez,Health System,United States,Chicago,Illinois,60601,Central,DE-TK-10000028,Diagnostic Equipment,Testing Kits,BD Veritor System Flu A+B Analyzer,1133.496,8,0.1,370.0276
645,HC-2016-487125,6/7/2016,6/14/2016,Standard Class,SL-38906,Sophia Lee,Health System,United States,Richmond,Virginia,23218,East,DE-IS-10000032,Diagnostic Equipment,Imaging Supplies,Medline X-Ray Film Processing Chemical Kit,1034.64,8,0,-155.9286
646,HC-2015-346120,12/8/2015,12/12/2015,Standard Class,JM-42406,Joseph Martinez,Clinic,United States,Pittsburgh,Pennsylvania,15201,East,DE-TK-10000028,Diagnostic Equipment,Testing Kits,BD Veritor System Flu A+B Analyzer,1667.4,14,0,399.1688
647,HC-2018-434918,3/14/2018,3/16/2018,First Class,JT-94607,John Thompson,Health System,United States,Denver,Colorado,80201,West,DE-MD-10000022,Diagnostic Equipment,Monitoring Devices,Masimo Rad-8 Pulse Oximeter Tabletop Unit,4145.58,9,0.1,-439.4644
648,HC-2017-816546,7/9/2017,7/11/2017,First Class,JR-77839,Joseph Robinson,Clinic,United States,Charlotte,North Carolina,28201,South,MS-B&-10000019,Medical Supplies,Bandages & Tape,Dukal Elastic Stretch Bandage 6in,111.636,7,0.1,24.3115
649,HC-2018-739434,6/21/2018,6/29/2018,Standard Class,JL-27146,James Lopez,Home Care,United States,Buffalo,New York,14201,East,MS-G&-10000009,Medical Supplies,Gloves & PPE,Dynarex SafeTouch Latex-Free Vinyl Gloves Medium,569.8385,11,0.05,211.0506
650,HC-2018-438400,9/1/2018,9/6/2018,Standard Class,MB-22704,Michael Brown,Health System,United States,Denver,Colorado,80201,West,MS-S&-10000010,Medical Supplies,Syringes & Needles,BD 3mL Luer-Lok Syringe with 21G Needle,87.552,4,0.2,23.8348
651,HC-2018-267003,11/1/2018,11/2/2018,Same Day,EA-83519,Emma Anderson,Home Care,United States,Seattle,Washington,98101,West,MS-B&-10000015,Medical Supplies,Bandages & Tape,3M Micropore Surgical Tape 1in x 10yd,3.105,1,0.25,-0.5875
652,HC-2018-968543,1/5/2018,1/12/2018,Standard Class,JL-77033,Jessica Lee,Health System,United States,Los Angeles,California,90001,West,P-OM-10000042,Pharmaceutical,OTC Medications,Bayer Aspirin 325mg Enteric Coated 300ct,134.865,9,0.5,14.4583
653,HC-2015-934197,8/1/2015,8/3/2015,Second Class,JM-48890,John Miller,Health System,United States,Portland,Oregon,97201,West,DE-TK-10000027,Diagnostic Equipment,Testing Kits,Quidel QuickVue Influenza A+B Test Kit 25ct,352.44,11,0.2,-33.1031
654,HC-2016-255214,12/2/2016,12/8/2016,Standard Class,KS-79514,Karen Sanchez,Health System,United States,Columbus,Ohio,43004,East,P-IS-10000045,Pharmaceutical,IV Solutions,Baxter 0.9% Sodium Chloride Injection 1000mL,176.82,6,0.3,25.2489
655,HC-2015-502890,11/21/2015,11/27/2015,Standard Class,EW-42018,Ethan Williams,Health System,United States,Atlanta,Georgia,30301,South,DE-TK-10000025,Diagnostic Equipment,Testing Kits,Abbott BinaxNOW COVID-19 Antigen Rapid Test 2-Pack,1568.9,10,0,391.7115
656,HC-2016-715656,6/15/2016,6/22/2016,Standard Class,MW-79822,Mason Williams,Home Care,United States,Philadelphia,Pennsylvania,19101,East,P-IS-10000049,Pharmaceutical,IV Solutions,Fresenius Kabi Sterile Water for Injection 1000mL,402.08,14,0.5,-17.3664
657,HC-2017-391835,9/14/2017,9/16/2017,First Class,LJ-41571,Linda Johnson,Health System,United States,Las Vegas,Nevada,89101,West,P-V&-10000050,Pharmaceutical,Vitamins & Supplements,Nature's Bounty Vitamin D3 2000IU 240 Softgels,116.49,6,0.45,14.4474
658,HC-2016-987730,2/19/2016,2/21/2016,Second Class,JT-13804,Jessica Taylor,Clinic,United States,Las Vegas,Nevada,89101,West,P-V&-10000050,Pharmaceutical,Vitamins & Supplements,Nature's Bounty Vitamin D3 2000IU 240 Softgels,26.818,1,0.45,3.1641
659,HC-2016-678788,1/10/2016,1/15/2016,Standard Class,ML-20745,Mary Lee,Health System,United States,Hartford,Connecticut,6101,East,DE-MD-10000021,Diagnostic Equipment,Monitoring Devices,Nonin Onyx Vantage 9590 Finger Pulse Oximeter,1384.0,2,0,449.124
660,HC-2016-305967,3/1/2016,3/8/2016,Standard Class,MP-83000,Mia Perez,Health System,United States,Houston,Texas,77001,South,DE-MD-10000023,Diagnostic Equipment,Monitoring Devices,Omron HEM-7320 Upper Arm Blood Pressure Monitor,740.16,4,0,243.1231
661,HC-2018-100519,3/11/2018,3/18/2018,Standard Class,JJ-42092,James Johnson,Clinic,United States,Baltimore,Maryland,21201,East,DE-LS-10000039,Diagnostic Equipment,Lab Supplies,Fisherbrand Microcentrifuge Tubes 1.5mL 500pk,477.73,11,0,-54.6003
662,HC-2017-423804,11/19/2017,11/27/2017,Standard Class,WL-51904,William Lopez,Clinic,United States,Nashville,Tennessee,37201,South,P-IS-10000045,Pharmaceutical,IV Solutions,Baxter 0.9% Sodium Chloride Injection 1000mL,282.528,3,0.2,-15.5103
663,HC-2017-962514,8/21/2017,8/26/2017,Second Class,NC-62994,Noah Clark,Health System,United States,Memphis,Tennessee,38101,South,MS-G&-10000005,Medical Supplies,Gloves & PPE,Ansell TouchNTuff Nitrile Disposable Gloves Medium,255.48,4,0,71.6253
664,HC-2017-923982,12/22/2017,12/30/2017,Standard Class,SH-51114,Susan Harris,Health System,United States,Richmond,Virginia,23218,East,MS-G&-10000009,Medical Supplies,Gloves & PPE,Dynarex SafeTouch Latex-Free Vinyl Gloves Medium,273.888,6,0.2,-61.8271
665,HC-2016-571552,7/5/2016,7/9/2016,Second Class,MT-93130,Michael Thompson,Clinic,United States,Charlotte,North Carolina,28201,South,DE-LS-10000039,Diagnostic Equipment,Lab Supplies,Fisherbrand Microcentrifuge Tubes 1.5mL 500pk,394.24,7,0,-58.733
666,HC-2016-409116,12/25/2016,12/30/2016,Second Class,RL-34356,Robert Lewis,Health System,United States,Miami,Florida,33101,South,DE-MD-10000022,Diagnostic Equipment,Monitoring Devices,Masimo Rad-8 Pulse Oximeter Tabletop Unit,3174.15,7,0,1052.5914
667,HC-2015-821211,8/7/2015,8/12/2015,Second Class,EM-33405,Ethan Martinez,Clinic,United States,Los Angeles,California,90001,West,P-IS-10000046,Pharmaceutical,IV Solutions,Hospira 5% Dextrose Injection USP 500mL,264.055,10,0.45,15.2389
668,HC-2018-440310,8/2/2018,8/8/2018,Standard Class,MP-83000,Mia Perez,Home Care,United States,Atlanta,Georgia,30301,South,P-IS-10000046,Pharmaceutical,IV Solutions,Hospira 5% Dextrose Injection USP 500mL,537.0,10,0.5,40.8116
669,HC-2017-909606,6/16/2017,6/24/2017,Standard Class,KS-79514,Karen Sanchez,Clinic,United States,Las Vegas,Nevada,89101,West,MS-S&-10000012,Medical Supplies,Syringes & Needles,Nipro 5mL Luer Slip Disposable Syringe,176.832,8,0.2,63.1144
670,HC-2016-247083,10/19/2016,10/24/2016,Standard Class,WC-10851,William Clark,Health System,United States,Pittsburgh,Pennsylvania,15201,East,MS-B&-10000018,Medical Supplies,Bandages & Tape,Medline Non-Sterile Rolled Gauze 2in x 4.1yd,68.992,8,0.3,-7.8488
671,HC-2017-396376,11/15/2017,11/23/2017,Standard Class,JM-42406,Joseph Martinez,Clinic,United States,Milwaukee,Wisconsin,53201,Central,P-IS-10000045,Pharmaceutical,IV Solutions,Baxter 0.9% Sodium Chloride Injection 1000mL,467.2,10,0.5,-42.4619
672,HC-2016-290498,1/26/2016,2/1/2016,Standard Class,MP-83000,Mia Perez,Clinic,United States,Phoenix,Arizona,85001,West,P-V&-10000052,Pharmaceutical,Vitamins & Supplements,Garden of Life Vitamin C Organic 60 Capsules,175.955,13,0.5,-11.0237
673,HC-2015-997135,2/13/2015,2/18/2015,Second Class,RL-18907,Robert Lee,Health System,United States,Charlotte,North Carolina,28201,South,MS-S&-10000014,Medical Supplies,Syringes & Needles,BD Eclipse Safety Needle 25G 1in,180.84,11,0,-36.2388
674,HC-2018-917326,3/27/2018,4/2/2018,Standard Class,PW-59615,Patricia Walker,Clinic,United States,Houston,Texas,77001,South,MS-S&-10000010,Medical Supplies,Syringes & Needles,BD 3mL Luer-Lok Syringe with 21G Needle,79.14,6,0,24.6627
675,HC-2016-229090,9/12/2016,9/13/2016,Same Day,NM-77000,Noah Miller,Health System,United States,New York,New York,10001,East,DE-MD-10000023,Diagnostic Equipment,Monitoring Devices,Omron HEM-7320 Upper Arm Blood Pressure Monitor,8922.816,14,0.2,2335.2515
676,HC-2017-706395,7/4/2017,7/9/2017,Second Class,JJ-40311,John Jones,Home Care,United States,Boston,Massachusetts,2101,East,P-V&-10000050,Pharmaceutical,Vitamins & Supplements,Nature's Bounty Vitamin D3 2000IU 240 Softgels,29.68,4,0.5,4.3417
677,HC-2016-116929,10/10/2016,10/12/2016,Second Class,JJ-42092,James Johnson,Clinic,United States,Las Vegas,Nevada,89101,West,MS-B&-10000018,Medical Supplies,Bandages & Tape,Medline Non-Sterile Rolled Gauze 2in x 4.1yd,173.74,14,0,43.5977
678,HC-2015-594258,5/14/2015,5/16/2015,First Class,EM-33405,Ethan Martinez,Clinic,United States,Minneapolis,Minnesota,55401,Central,MS-S&-10000012,Medical Supplies,Syringes & Needles,Nipro 5mL Luer Slip Disposable Syringe,77.238,14,0.1,-16.6426
679,HC-2015-489759,11/15/2015,11/19/2015,Standard Class,SH-30676,Susan Hernandez,Home Care,United States,Baltimore,Maryland,21201,East,P-IS-10000046,Pharmaceutical,IV Solutions,Hospira 5% Dextrose Injection USP 500mL,120.744,3,0.35,17.6836
680,HC-2017-982298,1/17/2017,1/20/2017,Second Class,SH-39831,Susan Hernandez,Health System,United States,Las Vegas,Nevada,89101,West,DE-IS-10000030,Diagnostic Equipment,Imaging Supplies,Covidien Kendall Ultrasound Gel 8.5oz,1213.92,6,0,482.8538
681,HC-2015-586993,12/14/2015,12/17/2015,Second Class,LW-25906,Linda Walker,Health System,United States,Seattle,Washington,98101,West,DE-LS-10000036,Diagnostic Equipment,Lab Supplies,BD Vacutainer EDTA Blood Collection Tubes 10mL,1091.792,13,0.2,-96.1407
682,HC-2016-305821,6/10/2016,6/18/2016,Standard Class,LM-12671,Linda Miller,Clinic,United States,Boston,Massachusetts,2101,East,MS-G&-10000009,Medical Supplies,Gloves & PPE,Dynarex SafeTouch Latex-Free Vinyl Gloves Medium,62.49,3,0,19.487
683,HC-2017-800822,4/7/2017,4/12/2017,Standard Class,CM-60328,Charles Miller,Health System,United States,Nashville,Tennessee,37201,South,P-V&-10000054,Pharmaceutical,Vitamins & Supplements,Nature Made Fish Oil 1200mg 200 Softgels,112.84,5,0.3,10.4527
684,HC-2018-249898,9/16/2018,9/23/2018,Standard Class,LS-83563,Lisa Smith,Home Care,United States,Baltimore,Maryland,21201,East,P-OM-10000041,Pharmaceutical,OTC Medications,Ibuprofen USP 200mg Tablets 500ct Bulk,54.27,6,0.5,6.1054
685,HC-2016-561229,1/20/2016,1/22/2016,First Class,CM-96900,Charles Martin,Clinic,United States,Cincinnati,Ohio,45201,Central,MS-S&-10000014,Medical Supplies,Syringes & Needles,BD Eclipse Safety Needle 25G 1in,151.74,6,0.1,-14.0242
686,HC-2017-970399,11/29/2017,12/3/2017,Standard Class,SL-19545,Sarah Lee,Health System,United States,Kansas City,Missouri,64101,Central,MS-WC-10000004,Medical Supplies,Wound Care,Covidien Kendall Hydrogel Dressing 4x4in,61.866,3,0.4,-6.1748
687,HC-2017-869038,10/30/2017,11/1/2017,First Class,ST-63354,Sophia Taylor,Clinic,United States,Indianapolis,Indiana,46201,Central,P-IS-10000049,Pharmaceutical,IV Solutions,Fresenius Kabi Sterile Water for Injection 1000mL,120.135,3,0.5,-8.524
688,HC-2017-999987,12/23/2017,12/26/2017,Second Class,NW-98777,Noah Wilson,Clinic,United States,Atlanta,Georgia,30301,South,MS-S&-10000010,Medical Supplies,Syringes & Needles,BD 3mL Luer-Lok Syringe with 21G Needle,202.86,7,0,-31.3972
689,HC-2017-869089,8/16/2017,8/20/2017,Standard Class,NP-94696,Noah Perez,Clinic,United States,Louisville,Kentucky,40201,South,P-V&-10000050,Pharmaceutical,Vitamins & Supplements,Nature's Bounty Vitamin D3 2000IU 240 Softgels,51.401,7,0.3,5.7837
690,HC-2016-337298,5/11/2016,5/16/2016,Second Class,JW-45382,Joseph Wilson,Home Care,United States,Baltimore,Maryland,21201,East,DE-TK-10000028,Diagnostic Equipment,Testing Kits,BD Veritor System Flu A+B Analyzer,397.26,12,0.25,162.427
691,HC-2016-909142,2/26/2016,3/1/2016,Standard Class,RS-16175,Robert Sanchez,Health System,United States,Newark,New Jersey,7101,East,P-V&-10000053,Pharmaceutical,Vitamins & Supplements,Mason Natural Zinc 50mg Tablets 100ct,113.6,8,0.2,-8.204
692,HC-2017-218318,7/19/2017,7/21/2017,First Class,JJ-76562,Jennifer Johnson,Health System,United States,Chicago,Illinois,60601,Central,P-IS-10000048,Pharmaceutical,IV Solutions,ICU Medical Normal Saline 250mL IV Bag,471.0,12,0.5,69.9905
693,HC-2017-983241,1/12/2017,1/14/2017,First Class,BT-51441,Barbara Thomas,Home Care,United States,Seattle,Washington,98101,West,P-V&-10000052,Pharmaceutical,Vitamins & Supplements,Garden of Life Vitamin C Organic 60 Capsules,328.9,11,0.35,34.3878
694,HC-2016-209015,12/31/2016,1/5/2017,Second Class,ML-20745,Mary Lee,Clinic,United States,Baltimore,Maryland,21201,East,P-IS-10000049,Pharmaceutical,IV Solutions,Fresenius Kabi Sterile Water for Injection 1000mL,443.63,10,0.45,-20.8445
695,HC-2015-954886,3/28/2015,4/5/2015,Standard Class,EH-82667,Emma Hernandez,Health System,United States,Miami,Florida,33101,South,DE-MD-10000022,Diagnostic Equipment,Monitoring Devices,Masimo Rad-8 Pulse Oximeter Tabletop Unit,3498.488,8,0.3,-655.2289
696,HC-2015-990691,2/22/2015,2/26/2015,Second Class,JJ-42092,James Johnson,Home Care,United States,San Francisco,California,94101,West,DE-IS-10000032,Diagnostic Equipment,Imaging Supplies,Medline X-Ray Film Processing Chemical Kit,408.576,4,0.05,126.3323
697,HC-2016-889912,10/26/2016,10/27/2016,Same Day,MM-15817,Michael Martinez,Clinic,United States,Louisville,Kentucky,40201,South,DE-TK-10000028,Diagnostic Equipment,Testing Kits,BD Veritor System Flu A+B Analyzer,946.68,6,0,324.9768
698,HC-2016-479021,10/2/2016,10/7/2016,Standard Class,JT-67954,Joseph Thomas,Health System,United States,Memphis,Tennessee,38101,South,MS-G&-10000007,Medical Supplies,Gloves & PPE,Medline SensiCare Ice Blue Nitrile Gloves Small,41.856,4,0.2,-6.0801
699,HC-2018-846235,12/5/2018,12/8/2018,Second Class,JJ-44718,Joseph Jones,Health System,United States,Boston,Massachusetts,2101,East,P-V&-10000053,Pharmaceutical,Vitamins & Supplements,Mason Natural Zinc 50mg Tablets 100ct,91.959,3,0.3,-4.3871
700,HC-2015-973723,6/18/2015,6/20/2015,Second Class,PJ-95477,Patricia Johnson,Health System,United States,Las Vegas,Nevada,89101,West,P-OM-10000041,Pharmaceutical,OTC Medications,Ibuprofen USP 200mg Tablets 500ct Bulk,301.056,8,0.3,20.7424
701,HC-2017-505907,6/17/2017,6/24/2017,Standard Class,JT-97747,John Taylor,Clinic,United States,Louisville,Kentucky,40201,South,P-IS-10000047,Pharmaceutical,IV Solutions,B. Braun Lactated Ringer's Injection 1000mL,351.19,5,0.3,34.2013
702,HC-2016-235019,10/17/2016,10/20/2016,Second Class,JW-43586,Joseph White,Clinic,United States,Indianapolis,Indiana,46201,Central,MS-B&-10000019,Medical Supplies,Bandages & Tape,Dukal Elastic Stretch Bandage 6in,82.524,13,0.4,24.8247
703,HC-2016-279664,4/3/2016,4/10/2016,Standard Class,OW-89840,Olivia Williams,Clinic,United States,Hartford,Connecticut,6101,East,MS-B&-10000019,Medical Supplies,Bandages & Tape,Dukal Elastic Stretch Bandage 6in,95.364,6,0.1,33.7126
704,HC-2015-446589,2/26/2015,3/5/2015,Standard Class,BW-96951,Barbara Walker,Health System,United States,Memphis,Tennessee,38101,South,MS-B&-10000016,Medical Supplies,Bandages & Tape,Johnson & Johnson Elastikon Elastic Bandage 3in,176.792,11,0.2,42.9413
705,HC-2018-868140,6/2/2018,6/6/2018,Standard Class,JM-79163,Jennifer Martinez,Health System,United States,Newark,New Jersey,7101,East,MS-G&-10000009,Medical Supplies,Gloves & PPE,Dynarex SafeTouch Latex-Free Vinyl Gloves Medium,135.681,3,0.3,-11.7363
706,HC-2015-830244,9/2/2015,9/7/2015,Second Class,AM-56025,Ava Martinez,Home Care,United States,Buffalo,New York,14201,East,DE-TK-10000027,Diagnostic Equipment,Testing Kits,Quidel QuickVue Influenza A+B Test Kit 25ct,253.46,5,0.05,-25.9018
707,HC-2016-735604,1/13/2016,1/17/2016,Second Class,LT-87236,Linda Thomas,Clinic,United States,Seattle,Washington,98101,West,MS-WC-10000002,Medical Supplies,Wound Care,Dynarex Non-Adherent Sterile Dressing Pads 3x4in,9.224,1,0.2,1.6835
708,HC-2017-290617,2/26/2017,2/28/2017,First Class,WT-20155,William Thomas,Clinic,United States,Indianapolis,Indiana,46201,Central,P-OM-10000042,Pharmaceutical,OTC Medications,Bayer Aspirin 325mg Enteric Coated 300ct,81.675,11,0.5,8.0566
709,HC-2015-946415,12/30/2015,1/1/2016,First Class,AM-94012,Ava Martinez,Home Care,United States,Newark,New Jersey,7101,East,DE-IS-10000030,Diagnostic Equipment,Imaging Supplies,Covidien Kendall Ultrasound Gel 8.5oz,240.2775,3,0.25,77.7773
710,HC-2017-222034,10/16/2017,10/20/2017,Second Class,LL-22240,Lisa Lopez,Home Care,United States,Cleveland,Ohio,44101,Central,P-V&-10000050,Pharmaceutical,Vitamins & Supplements,Nature's Bounty Vitamin D3 2000IU 240 Softgels,73.293,6,0.45,-5.1261
711,HC-2017-652953,4/7/2017,4/12/2017,Second Class,RP-65518,Robert Perez,Health System,United States,Louisville,Kentucky,40201,South,P-V&-10000054,Pharmaceutical,Vitamins & Supplements,Nature Made Fish Oil 1200mg 200 Softgels,194.415,13,0.5,14.7991
712,HC-2015-209385,10/5/2015,10/10/2015,Second Class,JM-42406,Joseph Martinez,Clinic,United States,Seattle,Washington,98101,West,DE-LS-10000039,Diagnostic Equipment,Lab Supplies,Fisherbrand Microcentrifuge Tubes 1.5mL 500pk,312.592,8,0.3,116.9557
713,HC-2017-875167,12/16/2017,12/18/2017,Second Class,MW-54942,Michael White,Clinic,United States,Omaha,Nebraska,68101,Central,MS-WC-10000000,Medical Supplies,Wound Care,3M Tegaderm Transparent Film Dressing 4x4.75in,275.751,7,0.1,-41.4211
714,HC-2017-332329,11/7/2017,11/11/2017,Second Class,EJ-53309,Ethan Johnson,Clinic,United States,Minneapolis,Minnesota,55401,Central,P-IS-10000045,Pharmaceutical,IV Solutions,Baxter 0.9% Sodium Chloride Injection 1000mL,365.6,8,0.5,-48.7179
715,HC-2017-966723,2/20/2017,2/24/2017,Standard Class,EM-33405,Ethan Martinez,Home Care,United States,Milwaukee,Wisconsin,53201,Central,MS-S&-10000013,Medical Supplies,Syringes & Needles,Terumo 10mL Hypodermic Syringe with Needle,11.934,3,0.35,2.7357
716,HC-2018-391595,7/6/2018,7/7/2018,Same Day,MW-53025,Michael Wilson,Home Care,United States,Buffalo,New York,14201,East,MS-B&-10000017,Medical Supplies,Bandages & Tape,Covidien Curity Gauze Bandage Roll 4in,136.95,11,0.25,-14.1932
717,HC-2016-813981,4/1/2016,4/4/2016,Second Class,RL-34356,Robert Lewis,Health System,United States,Louisville,Kentucky,40201,South,P-V&-10000053,Pharmaceutical,Vitamins & Supplements,Mason Natural Zinc 50mg Tablets 100ct,54.89,5,0.45,4.6105
718,HC-2016-293439,2/16/2016,2/17/2016,Same Day,DS-25118,David Smith,Health System,United States,Miami,Florida,33101,South,MS-WC-10000001,Medical Supplies,Wound Care,Medline Bordered Gauze Island Dressing 4x4in,130.302,6,0.1,-17.0784
719,HC-2016-284055,1/23/2016,1/31/2016,Standard Class,MM-72493,Mary Martin,Health System,United States,Atlanta,Georgia,30301,South,DE-LS-10000036,Diagnostic Equipment,Lab Supplies,BD Vacutainer EDTA Blood Collection Tubes 10mL,98.694,1,0.1,29.2141
720,HC-2017-172753,11/1/2017,11/4/2017,Second Class,NM-77000,Noah Miller,Health System,United States,Hartford,Connecticut,6101,East,MS-S&-10000014,Medical Supplies,Syringes & Needles,BD Eclipse Safety Needle 25G 1in,81.27,9,0,15.5504
721,HC-2015-499731,2/5/2015,2/9/2015,Second Class,NH-81482,Noah Harris,Clinic,United States,Dallas,Texas,75201,South,MS-WC-10000003,Medical Supplies,Wound Care,Smith & Nephew ALLEVYN Gentle Border Foam Dressing,51.016,2,0.3,11.4737
722,HC-2018-571514,2/28/2018,3/5/2018,Second Class,DS-25118,David Smith,Clinic,United States,Pittsburgh,Pennsylvania,15201,East,P-OM-10000043,Pharmaceutical,OTC Medications,Pepcid AC Maximum Strength 20mg 50ct,134.079,6,0.45,15.0553
723,HC-2017-552708,1/7/2017,1/10/2017,Second Class,LT-87236,Linda Thomas,Health System,United States,Kansas City,Missouri,64101,Central,DE-TK-10000025,Diagnostic Equipment,Testing Kits,Abbott BinaxNOW COVID-19 Antigen Rapid Test 2-Pack,808.836,12,0.3,-126.2874
724,HC-2018-586032,7/7/2018,7/8/2018,Same Day,DS-25118,David Smith,Health System,United States,Salt Lake City,Utah,84101,West,DE-IS-10000032,Diagnostic Equipment,Imaging Supplies,Medline X-Ray Film Processing Chemical Kit,423.312,3,0.2,137.9944
725,HC-2018-323885,3/10/2018,3/12/2018,First Class,WB-24029,William Brown,Health System,United States,San Francisco,California,94101,West,DE-TK-10000028,Diagnostic Equipment,Testing Kits,BD Veritor System Flu A+B Analyzer,414.216,11,0.1,-69.6042
726,HC-2017-124993,4/24/2017,4/27/2017,Second Class,SC-32241,Sarah Clark,Health System,United States,St. Louis,Missouri,63101,Central,P-OM-10000043,Pharmaceutical,OTC Medications,Pepcid AC Maximum Strength 20mg 50ct,57.555,3,0.5,7.9703
727,HC-2016-871036,2/10/2016,2/15/2016,Standard Class,SL-38906,Sophia Lee,Health System,United States,Hartford,Connecticut,6101,East,P-OM-10000040,Pharmaceutical,OTC Medications,Tylenol Extra Strength Acetaminophen 500mg 100ct,78.96,2,0.2,13.3934
728,HC-2016-711790,12/31/2016,1/3/2017,Second Class,MT-93130,Michael Thompson,Clinic,United States,Milwaukee,Wisconsin,53201,Central,DE-LS-10000037,Diagnostic Equipment,Lab Supplies,Corning 50mL Polypropylene Centrifuge Tubes 25pk,399.96,5,0.1,-57.6662
729,HC-2015-823479,11/8/2015,11/13/2015,Second Class,BT-51441,Barbara Thomas,Clinic,United States,Hartford,Connecticut,6101,East,MS-WC-10000001,Medical Supplies,Wound Care,Medline Bordered Gauze Island Dressing 4x4in,58.296,2,0.3,-4.381
730,HC-2017-699691,8/26/2017,8/28/2017,Second Class,AR-31465,Ava Ramirez,Home Care,United States,Richmond,Virginia,23218,East,MS-B&-10000015,Medical Supplies,Bandages & Tape,3M Micropore Surgical Tape 1in x 10yd,201.135,11,0.25,50.0355
731,HC-2015-406550,5/22/2015,5/27/2015,Standard Class,RP-65518,Robert Perez,Home Care,United States,Miami,Florida,33101,South,P-OM-10000042,Pharmaceutical,OTC Medications,Bayer Aspirin 325mg Enteric Coated 300ct,391.365,13,0.25,-30.7242
732,HC-2017-154537,1/17/2017,1/21/2017,Second Class,AH-36365,Ava Harris,Clinic,United States,Chicago,Illinois,60601,Central,P-OM-10000042,Pharmaceutical,OTC Medications,Bayer Aspirin 325mg Enteric Coated 300ct,113.484,7,0.3,-3.8797
733,HC-2016-498476,11/12/2016,11/14/2016,Second Class,AA-38683,Ava Anderson,Health System,United States,New Orleans,Louisiana,70112,South,DE-MD-10000022,Diagnostic Equipment,Monitoring Devices,Masimo Rad-8 Pulse Oximeter Tabletop Unit,3981.3,6,0,-606.1596
734,HC-2017-124125,9/28/2017,10/3/2017,Second Class,KL-11504,Karen Lewis,Home Care,United States,Richmond,Virginia,23218,East,MS-WC-10000001,Medical Supplies,Wound Care,Medline Bordered Gauze Island Dressing 4x4in,61.275,6,0.05,12.9168
735,HC-2015-761654,1/20/2015,1/28/2015,Standard Class,JA-92544,Joseph Anderson,Clinic,United States,Birmingham,Alabama,35201,South,DE-MD-10000024,Diagnostic Equipment,Monitoring Devices,A&D Medical UA-767FAM Multi-User BP Monitor,2581.68,12,0,670.9896
736,HC-2016-505695,1/16/2016,1/17/2016,Same Day,LR-14207,Linda Ramirez,Health System,United States,Baltimore,Maryland,21201,East,DE-TK-10000028,Diagnostic Equipment,Testing Kits,BD Veritor System Flu A+B Analyzer,1638.576,12,0.1,558.9045
737,HC-2017-376049,8/18/2017,8/25/2017,Standard Class,ST-63354,Sophia Taylor,Health System,United States,Houston,Texas,77001,South,MS-G&-10000005,Medical Supplies,Gloves & PPE,Ansell TouchNTuff Nitrile Disposable Gloves Medium,119.6,2,0,26.0022
738,HC-2016-964517,4/11/2016,4/19/2016,Standard Class,MM-72493,Mary Martin,Health System,United States,Las Vegas,Nevada,89101,West,DE-TK-10000029,Diagnostic Equipment,Testing Kits,McKesson Blood Glucose Test Strips 100ct,286.88,11,0,79.262
739,HC-2015-112581,5/13/2015,5/21/2015,Standard Class,TT-92960,Thomas Thompson,Health System,United States,Buffalo,New York,14201,East,P-V&-10000050,Pharmaceutical,Vitamins & Supplements,Nature's Bounty Vitamin D3 2000IU 240 Softgels,138.905,13,0.5,19.244
740,HC-2018-900496,3/11/2018,3/13/2018,First Class,SP-79329,Sophia Perez,Health System,United States,Hartford,Connecticut,6101,East,DE-IS-10000034,Diagnostic Equipment,Imaging Supplies,Carestream Health X-Omat Developer Solution,999.2,4,0,337.1759
741,HC-2018-574141,11/15/2018,11/21/2018,Standard Class,SW-41979,Sarah Wilson,Clinic,United States,St. Louis,Missouri,63101,Central,MS-G&-10000008,Medical Supplies,Gloves & PPE,Cardinal Health Flexal Nitrile Exam Gloves XL,24.318,1,0.4,5.0554
742,HC-2018-510299,7/18/2018,7/23/2018,Standard Class,MW-95181,Michael White,Health System,United States,Atlanta,Georgia,30301,South,DE-TK-10000027,Diagnostic Equipment,Testing Kits,Quidel QuickVue Influenza A+B Test Kit 25ct,69.552,1,0.1,20.7575
743,HC-2018-470534,1/30/2018,2/4/2018,Second Class,JG-56566,Jennifer Gonzalez,Clinic,United States,Phoenix,Arizona,85001,West,MS-WC-10000002,Medical Supplies,Wound Care,Dynarex Non-Adherent Sterile Dressing Pads 3x4in,341.2,10,0,-42.6423
744,HC-2016-859962,11/24/2016,12/2/2016,Standard Class,JJ-15482,Jessica Jones,Clinic,United States,Atlanta,Georgia,30301,South,DE-TK-10000027,Diagnostic Equipment,Testing Kits,Quidel QuickVue Influenza A+B Test Kit 25ct,901.04,8,0,201.4202
745,HC-2017-457309,5/4/2017,5/5/2017,Same Day,JL-54236,Joseph Lopez,Clinic,United States,Hartford,Connecticut,6101,East,P-IS-10000046,Pharmaceutical,IV Solutions,Hospira 5% Dextrose Injection USP 500mL,330.57,6,0.5,41.1215
746,HC-2018-502803,12/21/2018,12/24/2018,Second Class,KM-86622,Karen Martinez,Health System,United States,New York,New York,10001,East,MS-S&-10000010,Medical Supplies,Syringes & Needles,BD 3mL Luer-Lok Syringe with 21G Needle,116.672,8,0.2,42.012
747,HC-2015-763821,5/18/2015,5/23/2015,Standard Class,PJ-95477,Patricia Johnson,Clinic,United States,Los Angeles,California,90001,West,MS-S&-10000012,Medical Supplies,Syringes & Needles,Nipro 5mL Luer Slip Disposable Syringe,163.968,8,0.2,34.306
748,HC-2016-869046,10/17/2016,10/22/2016,Standard Class,JR-81200,Joseph Ramirez,Clinic,United States,Omaha,Nebraska,68101,Central,MS-G&-10000009,Medical Supplies,Gloves & PPE,Dynarex SafeTouch Latex-Free Vinyl Gloves Medium,298.44,5,0.1,-40.366
749,HC-2015-913482,1/23/2015,1/27/2015,Second Class,JP-10726,John Perez,Health System,United States,New Orleans,Louisiana,70112,South,MS-B&-10000018,Medical Supplies,Bandages & Tape,Medline Non-Sterile Rolled Gauze 2in x 4.1yd,140.94,10,0.1,46.7487
750,HC-2016-679417,2/10/2016,2/18/2016,Standard Class,OM-31178,Olivia Martinez,Health System,United States,Houston,Texas,77001,South,DE-IS-10000031,Diagnostic Equipment,Imaging Supplies,Parker Aquasonic 100 Ultrasound Transmission Gel,1073.088,12,0.1,-141.6585
751,HC-2018-158572,8/16/2018,8/18/2018,Second Class,EM-18418,Emma Miller,Health System,United States,Sacramento,California,95814,West,P-V&-10000051,Pharmaceutical,Vitamins & Supplements,Centrum Silver Multivitamin Adults 50+ 250ct,40.404,2,0.3,2.5573
752,HC-2016-520017,4/26/2016,5/2/2016,Standard Class,MP-46347,Mason Perez,Clinic,United States,Charlotte,North Carolina,28201,South,P-OM-10000044,Pharmaceutical,OTC Medications,Zyrtec Allergy 10mg Cetirizine Tablets 70ct,200.33,13,0.5,14.0527
753,HC-2016-601946,2/29/2016,3/4/2016,Second Class,KR-11934,Karen Ramirez,Health System,United States,Louisville,Kentucky,40201,South,MS-WC-10000001,Medical Supplies,Wound Care,Medline Bordered Gauze Island Dressing 4x4in,75.747,3,0.3,15.7201
754,HC-2016-676749,10/23/2016,10/27/2016,Standard Class,IB-49363,Isabella Brown,Clinic,United States,Las Vegas,Nevada,89101,West,MS-WC-10000001,Medical Supplies,Wound Care,Medline Bordered Gauze Island Dressing 4x4in,119.28,4,0,35.3722
755,HC-2016-662277,12/16/2016,12/24/2016,Standard Class,EM-20322,Ethan Martin,Health System,United States,Kansas City,Missouri,64101,Central,MS-S&-10000012,Medical Supplies,Syringes & Needles,Nipro 5mL Luer Slip Disposable Syringe,136.152,9,0.2,28.8605
756,HC-2016-732677,6/8/2016,6/15/2016,Standard Class,TT-92960,Thomas Thompson,Clinic,United States,Nashville,Tennessee,37201,South,P-V&-10000054,Pharmaceutical,Vitamins & Supplements,Nature Made Fish Oil 1200mg 200 Softgels,129.088,4,0.2,7.1535
757,HC-2016-779299,2/26/2016,3/2/2016,Standard Class,ID-23238,Isabella Davis,Health System,United States,Detroit,Michigan,48201,Central,P-OM-10000044,Pharmaceutical,OTC Medications,Zyrtec Allergy 10mg Cetirizine Tablets 70ct,457.884,14,0.4,-53.3173
758,HC-2016-615566,1/6/2016,1/11/2016,Second Class,MW-80686,Michael Walker,Clinic,United States,San Francisco,California,94101,West,DE-IS-10000031,Diagnostic Equipment,Imaging Supplies,Parker Aquasonic 100 Ultrasound Transmission Gel,94.18,2,0,-22.0684
759,HC-2016-877882,9/13/2016,9/17/2016,Standard Class,JM-65108,John Miller,Clinic,United States,Miami,Florida,33101,South,DE-MD-10000022,Diagnostic Equipment,Monitoring Devices,Masimo Rad-8 Pulse Oximeter Tabletop Unit,445.64,1,0,166.7089
760,HC-2016-283061,9/10/2016,9/14/2016,Standard Class,LW-25906,Linda Walker,Home Care,United States,Chicago,Illinois,60601,Central,MS-WC-10000000,Medical Supplies,Wound Care,3M Tegaderm Transparent Film Dressing 4x4.75in,153.208,8,0.45,-32.8436
761,HC-2015-553496,2/16/2015,2/21/2015,Standard Class,SP-41358,Sarah Perez,Health System,United States,New Orleans,Louisiana,70112,South,DE-LS-10000036,Diagnostic Equipment,Lab Supplies,BD Vacutainer EDTA Blood Collection Tubes 10mL,1171.6,10,0,411.6089
762,HC-2018-949717,12/24/2018,12/28/2018,Standard Class,LL-22240,Lisa Lopez,Health System,United States,Baltimore,Maryland,21201,East,MS-WC-10000004,Medical Supplies,Wound Care,Covidien Kendall Hydrogel Dressing 4x4in,217.896,7,0.2,-32.286
763,HC-2015-861474,4/7/2015,4/11/2015,Second Class,MR-70332,Michael Ramirez,Health System,United States,Newark,New Jersey,7101,East,P-V&-10000051,Pharmaceutical,Vitamins & Supplements,Centrum Silver Multivitamin Adults 50+ 250ct,129.8935,11,0.45,-3.7729
764,HC-2017-477832,2/1/2017,2/6/2017,Standard Class,NH-97900,Noah Harris,Clinic,United States,Hartford,Connecticut,6101,East,DE-MD-10000024,Diagnostic Equipment,Monitoring Devices,A&D Medical UA-767FAM Multi-User BP Monitor,952.5,3,0,-154.2836
765,HC-2018-246298,10/25/2018,10/28/2018,Second Class,LJ-41266,Lisa Jones,Home Care,United States,Phoenix,Arizona,85001,West,MS-B&-10000015,Medical Supplies,Bandages & Tape,3M Micropore Surgical Tape 1in x 10yd,31.935,2,0.25,-5.5337
766,HC-2016-329713,11/16/2016,11/24/2016,Standard Class,PL-66959,Patricia Lee,Clinic,United States,Cleveland,Ohio,44101,Central,P-IS-10000048,Pharmaceutical,IV Solutions,ICU Medical Normal Saline 250mL IV Bag,88.78,2,0.5,11.8705
767,HC-2016-353580,1/21/2016,1/23/2016,First Class,PR-27601,Patricia Robinson,Clinic,United States,Dallas,Texas,75201,South,DE-IS-10000031,Diagnostic Equipment,Imaging Supplies,Parker Aquasonic 100 Ultrasound Transmission Gel,208.922,2,0.3,53.9439
768,HC-2015-793722,3/5/2015,3/7/2015,Second Class,EA-13248,Ethan Anderson,Health System,United States,Dallas,Texas,75201,South,DE-MD-10000024,Diagnostic Equipment,Monitoring Devices,A&D Medical UA-767FAM Multi-User BP Monitor,2479.19,7,0,-259.5114
769,HC-2018-936587,4/30/2018,5/7/2018,Standard Class,JJ-83060,Joseph Johnson,Health System,United States,Los Angeles,California,90001,West,DE-MD-10000023,Diagnostic Equipment,Monitoring Devices,Omron HEM-7320 Upper Arm Blood Pressure Monitor,6571.0,10,0,-1077.1826
770,HC-2015-576773,2/25/2015,2/26/2015,Same Day,KM-86622,Karen Martinez,Health System,United States,Dallas,Texas,75201,South,DE-IS-10000031,Diagnostic Equipment,Imaging Supplies,Parker Aquasonic 100 Ultrasound Transmission Gel,1302.32,8,0,-222.3642
771,HC-2015-830994,7/14/2015,7/16/2015,Second Class,NW-51180,Noah White,Health System,United States,Albuquerque,New Mexico,87101,West,P-IS-10000049,Pharmaceutical,IV Solutions,Fresenius Kabi Sterile Water for Injection 1000mL,46.9535,1,0.45,-1.8396
772,HC-2017-978050,10/2/2017,10/6/2017,Standard Class,MW-79822,Mason Williams,Health System,United States,Portland,Oregon,97201,West,MS-G&-10000008,Medical Supplies,Gloves & PPE,Cardinal Health Flexal Nitrile Exam Gloves XL,40.554,1,0.1,13.5916
773,HC-2017-206470,2/10/2017,2/14/2017,Second Class,NH-25014,Noah Harris,Clinic,United States,Indianapolis,Indiana,46201,Central,MS-G&-10000006,Medical Supplies,Gloves & PPE,Kimberly-Clark Purple Nitrile Exam Gloves Large,436.38,10,0.3,-32.246
774,HC-2018-684352,12/2/2018,12/10/2018,Standard Class,LP-52237,Lisa Perez,Health System,United States,Memphis,Tennessee,38101,South,P-IS-10000045,Pharmaceutical,IV Solutions,Baxter 0.9% Sodium Chloride Injection 1000mL,92.82,5,0.3,-6.2209
775,HC-2015-601093,10/9/2015,10/12/2015,Second Class,RB-84668,Richard Brown,Health System,United States,Albuquerque,New Mexico,87101,West,MS-G&-10000009,Medical Supplies,Gloves & PPE,Dynarex SafeTouch Latex-Free Vinyl Gloves Medium,360.9,9,0,81.7257
776,HC-2016-714017,9/7/2016,9/13/2016,Standard Class,ML-20745,Mary Lee,Health System,United States,Houston,Texas,77001,South,P-OM-10000042,Pharmaceutical,OTC Medications,Bayer Aspirin 325mg Enteric Coated 300ct,113.442,3,0.3,18.3636
777,HC-2016-942918,1/22/2016,1/26/2016,Standard Class,MJ-91560,Mia Jones,Clinic,United States,Louisville,Kentucky,40201,South,MS-G&-10000006,Medical Supplies,Gloves & PPE,Kimberly-Clark Purple Nitrile Exam Gloves Large,147.693,3,0.3,-19.6198
778,HC-2016-509758,6/21/2016,6/27/2016,Standard Class,SH-39831,Susan Hernandez,Health System,United States,New York,New York,10001,East,DE-TK-10000026,Diagnostic Equipment,Testing Kits,Roche Accu-Chek Guide Blood Glucose Meter Kit,1032.72,13,0.2,410.7632
779,HC-2016-910463,8/12/2016,8/14/2016,Second Class,PW-57576,Patricia Walker,Clinic,United States,Dallas,Texas,75201,South,P-OM-10000042,Pharmaceutical,OTC Medications,Bayer Aspirin 325mg Enteric Coated 300ct,59.675,5,0.5,9.2428
780,HC-2018-243935,5/24/2018,6/1/2018,Standard Class,LJ-41266,Lisa Jones,Clinic,United States,Sacramento,California,95814,West,DE-IS-10000030,Diagnostic Equipment,Imaging Supplies,Covidien Kendall Ultrasound Gel 8.5oz,874.128,6,0.2,282.6926
781,HC-2018-802215,3/5/2018,3/6/2018,Same Day,NW-98777,Noah Wilson,Health System,United States,San Francisco,California,94101,West,P-OM-10000044,Pharmaceutical,OTC Medications,Zyrtec Allergy 10mg Cetirizine Tablets 70ct,81.795,3,0.5,7.2268
782,HC-2018-769615,12/30/2018,1/7/2019,Standard Class,EW-42018,Ethan Williams,Clinic,United States,Seattle,Washington,98101,West,MS-G&-10000009,Medical Supplies,Gloves & PPE,Dynarex SafeTouch Latex-Free Vinyl Gloves Medium,920.08,14,0,-79.7215
783,HC-2017-364802,2/6/2017,2/14/2017,Standard Class,JW-45382,Joseph Wilson,Health System,United States,Portland,Oregon,97201,West,MS-B&-10000019,Medical Supplies,Bandages & Tape,Dukal Elastic Stretch Bandage 6in,24.66,1,0,5.3706
784,HC-2017-758623,10/10/2017,10/11/2017,Same Day,LR-32810,Liam Robinson,Health System,United States,Baltimore,Maryland,21201,East,DE-MD-10000023,Diagnostic Equipment,Monitoring Devices,Omron HEM-7320 Upper Arm Blood Pressure Monitor,2765.94,6,0,685.8023
785,HC-2017-921947,1/10/2017,1/11/2017,Same Day,TS-33416,Thomas Sanchez,Clinic,United States,Louisville,Kentucky,40201,South,MS-B&-10000016,Medical Supplies,Bandages & Tape,Johnson & Johnson Elastikon Elastic Bandage 3in,42.592,11,0.2,8.1766
786,HC-2016-981609,7/21/2016,7/24/2016,Second Class,MW-41029,Mia Walker,Home Care,United States,Pittsburgh,Pennsylvania,15201,East,MS-G&-10000005,Medical Supplies,Gloves & PPE,Ansell TouchNTuff Nitrile Disposable Gloves Medium,193.635,6,0.35,-17.3477
787,HC-2016-948875,2/21/2016,2/24/2016,Second Class,CM-51467,Charles Moore,Home Care,United States,Columbus,Ohio,43004,East,DE-MD-10000020,Diagnostic Equipment,Monitoring Devices,Welch Allyn Connex Spot Monitor with SpO2,2074.9995,7,0.05,-334.164
788,HC-2016-323753,3/27/2016,3/31/2016,Second Class,TT-92960,Thomas Thompson,Home Care,United States,Columbus,Ohio,43004,East,MS-WC-10000000,Medical Supplies,Wound Care,3M Tegaderm Transparent Film Dressing 4x4.75in,157.216,8,0.15,-13.211
789,HC-2015-623273,2/17/2015,2/22/2015,Second Class,LT-87236,Linda Thomas,Health System,United States,Newark,New Jersey,7101,East,P-V&-10000053,Pharmaceutical,Vitamins & Supplements,Mason Natural Zinc 50mg Tablets 100ct,302.47,10,0.3,20.806
790,HC-2018-342111,10/31/2018,11/5/2018,Standard Class,WJ-55745,William Jones,Health System,United States,San Francisco,California,94101,West,DE-LS-10000035,Diagnostic Equipment,Lab Supplies,Thermo Scientific Nunc CryoTube Vials 1.8mL 100pk,870.8,10,0,303.9923
791,HC-2015-558607,2/14/2015,2/18/2015,Standard Class,RR-94259,Richard Robinson,Home Care,United States,Salt Lake City,Utah,84101,West,DE-IS-10000031,Diagnostic Equipment,Imaging Supplies,Parker Aquasonic 100 Ultrasound Transmission Gel,379.1425,5,0.15,95.3997
792,HC-2017-650768,2/20/2017,2/25/2017,Standard Class,LR-14207,Linda Ramirez,Health System,United States,Louisville,Kentucky,40201,South,DE-LS-10000036,Diagnostic Equipment,Lab Supplies,BD Vacutainer EDTA Blood Collection Tubes 10mL,576.828,14,0.1,159.033
793,HC-2016-402244,4/14/2016,4/16/2016,Second Class,LW-54313,Linda Williams,Health System,United States,Omaha,Nebraska,68101,Central,P-IS-10000048,Pharmaceutical,IV Solutions,ICU Medical Normal Saline 250mL IV Bag,262.776,4,0.4,-33.7253
794,HC-2015-659580,7/27/2015,8/3/2015,Standard Class,RH-73699,Robert Harris,Clinic,United States,Portland,Oregon,97201,West,MS-G&-10000005,Medical Supplies,Gloves & PPE,Ansell TouchNTuff Nitrile Disposable Gloves Medium,71.673,3,0.3,16.805
795,HC-2017-738550,10/22/2017,10/25/2017,Second Class,NW-73788,Noah White,Home Care,United States,Atlanta,Georgia,30301,South,DE-IS-10000033,Diagnostic Equipment,Imaging Supplies,3M Scotchcast Plus Fiberglass Casting Tape 2in,189.1575,3,0.25,45.7714
796,HC-2015-810436,11/28/2015,12/5/2015,Standard Class,LL-72216,Liam Lewis,Clinic,United States,Nashville,Tennessee,37201,South,DE-LS-10000039,Diagnostic Equipment,Lab Supplies,Fisherbrand Microcentrifuge Tubes 1.5mL 500pk,563.2,11,0.2,-98.2628
797,HC-2015-733754,12/8/2015,12/13/2015,Standard Class,NH-25014,Noah Harris,Home Care,United States,Charlotte,North Carolina,28201,South,DE-LS-10000038,Diagnostic Equipment,Lab Supplies,Globe Scientific Disposable Transfer Pipettes 3mL,44.1275,1,0.05,14.008
798,HC-2016-515614,3/17/2016,3/24/2016,Standard Class,JT-82692,James Thompson,Clinic,United States,Kansas City,Missouri,64101,Central,MS-G&-10000005,Medical Supplies,Gloves & PPE,Ansell TouchNTuff Nitrile Disposable Gloves Medium,527.256,8,0.1,-58.4949
799,HC-2017-409768,1/30/2017,2/3/2017,Standard Class,JM-74686,John Moore,Home Care,United States,Atlanta,Georgia,30301,South,DE-MD-10000022,Diagnostic Equipment,Monitoring Devices,Masimo Rad-8 Pulse Oximeter Tabletop Unit,2534.5425,7,0.25,999.6808
800,HC-2018-302877,5/10/2018,5/12/2018,First Class,EA-83519,Emma Anderson,Health System,United States,Cincinnati,Ohio,45201,Central,DE-TK-10000025,Diagnostic Equipment,Testing Kits,Abbott BinaxNOW COVID-19 Antigen Rapid Test 2-Pack,375.438,3,0.3,-135.9915
801,HC-2017-398767,11/9/2017,11/16/2017,Standard Class,OM-31178,Olivia Martinez,Clinic,United States,Sacramento,California,95814,West,DE-MD-10000024,Diagnostic Equipment,Monitoring Devices,A&D Medical UA-767FAM Multi-User BP Monitor,3229.968,8,0.3,-615.3154
802,HC-2018-866980,1/27/2018,2/1/2018,Standard Class,NM-77000,Noah Miller,Health System,United States,St. Louis,Missouri,63101,Central,P-V&-10000052,Pharmaceutical,Vitamins & Supplements,Garden of Life Vitamin C Organic 60 Capsules,127.855,13,0.3,16.6459
803,HC-2015-547649,3/27/2015,3/30/2015,Second Class,EM-20322,Ethan Martin,Health System,United States,Denver,Colorado,80201,West,P-V&-10000052,Pharmaceutical,Vitamins & Supplements,Garden of Life Vitamin C Organic 60 Capsules,158.72,4,0.2,11.3074
804,HC-2015-746759,5/16/2015,5/18/2015,First Class,BG-15229,Barbara Gonzalez,Home Care,United States,Memphis,Tennessee,38101,South,P-IS-10000048,Pharmaceutical,IV Solutions,ICU Medical Normal Saline 250mL IV Bag,288.925,5,0.5,35.0265
805,HC-2017-554949,12/14/2017,12/22/2017,Standard Class,WC-10851,William Clark,Health System,United States,Baltimore,Maryland,21201,East,DE-IS-10000032,Diagnostic Equipment,Imaging Supplies,Medline X-Ray Film Processing Chemical Kit,1065.555,5,0.1,-176.6913
806,HC-2016-203386,6/11/2016,6/14/2016,Second Class,RH-73699,Robert Harris,Clinic,United States,Indianapolis,Indiana,46201,Central,P-V&-10000054,Pharmaceutical,Vitamins & Supplements,Nature Made Fish Oil 1200mg 200 Softgels,139.5,12,0.5,-17.2498
807,HC-2015-261528,11/29/2015,11/30/2015,Same Day,BH-37549,Barbara Hernandez,Health System,United States,Chicago,Illinois,60601,Central,DE-LS-10000035,Diagnostic Equipment,Lab Supplies,Thermo Scientific Nunc CryoTube Vials 1.8mL 100pk,270.27,6,0.1,-30.4434
808,HC-2017-722273,3/22/2017,3/28/2017,Standard Class,OM-31178,Olivia Martinez,Health System,United States,Atlanta,Georgia,30301,South,DE-MD-10000020,Diagnostic Equipment,Monitoring Devices,Welch Allyn Connex Spot Monitor with SpO2,1913.912,13,0.2,-254.5862
809,HC-2018-811710,11/29/2018,11/30/2018,Same Day,WG-24168,William Garcia,Health System,United States,Atlanta,Georgia,30301,South,P-V&-10000052,Pharmaceutical,Vitamins & Supplements,Garden of Life Vitamin C Organic 60 Capsules,50.358,2,0.3,8.3632
810,HC-2015-964226,7/24/2015,8/1/2015,Standard Class,CM-15014,Charles Martinez,Clinic,United States,Miami,Florida,33101,South,DE-MD-10000022,Diagnostic Equipment,Monitoring Devices,Masimo Rad-8 Pulse Oximeter Tabletop Unit,4079.81,10,0.3,-796.0954
811,HC-2016-822502,8/5/2016,8/10/2016,Standard Class,PJ-95477,Patricia Johnson,Health System,United States,Newark,New Jersey,7101,East,DE-MD-10000023,Diagnostic Equipment,Monitoring Devices,Omron HEM-7320 Upper Arm Blood Pressure Monitor,8631.48,11,0,-1239.4175
812,HC-2016-798619,9/19/2016,9/26/2016,Standard Class,LJ-30374,Liam Jackson,Clinic,United States,Baltimore,Maryland,21201,East,DE-TK-10000026,Diagnostic Equipment,Testing Kits,Roche Accu-Chek Guide Blood Glucose Meter Kit,1158.0,12,0,263.2823
813,HC-2015-350876,10/30/2015,11/3/2015,Standard Class,JW-43586,Joseph White,Clinic,United States,Portland,Oregon,97201,West,P-IS-10000048,Pharmaceutical,IV Solutions,ICU Medical Normal Saline 250mL IV Bag,335.445,11,0.5,-24.5094
814,HC-2018-508482,9/5/2018,9/8/2018,Second Class,TW-79615,Thomas Walker,Home Care,United States,Houston,Texas,77001,South,MS-B&-10000018,Medical Supplies,Bandages & Tape,Medline Non-Sterile Rolled Gauze 2in x 4.1yd,81.081,7,0.35,26.0942
815,HC-2017-107800,7/9/2017,7/15/2017,Standard Class,MD-18834,Mary Davis,Home Care,United States,Omaha,Nebraska,68101,Central,MS-S&-10000013,Medical Supplies,Syringes & Needles,Terumo 10mL Hypodermic Syringe with Needle,37.383,6,0.15,-7.0431
816,HC-2016-606250,1/5/2016,1/11/2016,Standard Class,IB-30033,Isabella Brown,Health System,United States,Richmond,Virginia,23218,East,P-OM-10000041,Pharmaceutical,OTC Medications,Ibuprofen USP 200mg Tablets 500ct Bulk,95.645,11,0.5,14.0337
817,HC-2017-404289,12/23/2017,12/30/2017,Standard Class,JW-94246,James Williams,Clinic,United States,New York,New York,10001,East,P-IS-10000045,Pharmaceutical,IV Solutions,Baxter 0.9% Sodium Chloride Injection 1000mL,26.6475,1,0.45,3.5046
818,HC-2016-104493,4/1/2016,4/6/2016,Standard Class,LM-87924,Linda Martin,Health System,United States,Columbus,Ohio,43004,East,P-OM-10000040,Pharmaceutical,OTC Medications,Tylenol Extra Strength Acetaminophen 500mg 100ct,206.682,14,0.3,-8.4002
819,HC-2015-660033,2/3/2015,2/4/2015,Same Day,LM-34931,Linda Miller,Home Care,United States,Hartford,Connecticut,6101,East,P-V&-10000052,Pharmaceutical,Vitamins & Supplements,Garden of Life Vitamin C Organic 60 Capsules,285.25,14,0.5,35.0567
820,HC-2015-204291,12/29/2015,1/3/2016,Second Class,LT-87236,Linda Thomas,Home Care,United States,Denver,Colorado,80201,West,MS-S&-10000011,Medical Supplies,Syringes & Needles,Covidien Monoject 1mL Insulin Syringe 28G,224.048,11,0.05,-23.5802
821,HC-2017-227339,1/10/2017,1/11/2017,Same Day,MW-79822,Mason Williams,Health System,United States,Boston,Massachusetts,2101,East,MS-G&-10000005,Medical Supplies,Gloves & PPE,Ansell TouchNTuff Nitrile Disposable Gloves Medium,591.045,13,0.3,218.0204
822,HC-2016-473564,11/22/2016,11/30/2016,Standard Class,WW-37653,William Williams,Health System,United States,Birmingham,Alabama,35201,South,MS-S&-10000011,Medical Supplies,Syringes & Needles,Covidien Monoject 1mL Insulin Syringe 28G,47.04,4,0.2,17.3572
823,HC-2015-931169,11/29/2015,12/2/2015,Second Class,EM-33405,Ethan Martinez,Health System,United States,Milwaukee,Wisconsin,53201,Central,DE-MD-10000024,Diagnostic Equipment,Monitoring Devices,A&D Medical UA-767FAM Multi-User BP Monitor,4568.571,7,0.1,-694.8923
824,HC-2017-103902,10/9/2017,10/15/2017,Standard Class,RM-41195,Robert Moore,Health System,United States,Houston,Texas,77001,South,P-IS-10000045,Pharmaceutical,IV Solutions,Baxter 0.9% Sodium Chloride Injection 1000mL,498.834,6,0.3,51.8884
825,HC-2015-861165,6/24/2015,6/26/2015,Second Class,JJ-44099,Jennifer Johnson,Clinic,United States,Memphis,Tennessee,38101,South,DE-MD-10000024,Diagnostic Equipment,Monitoring Devices,A&D Medical UA-767FAM Multi-User BP Monitor,6847.295,13,0.3,2380.2297
826,HC-2016-829711,10/1/2016,10/5/2016,Standard Class,SS-31174,Susan Sanchez,Clinic,United States,Nashville,Tennessee,37201,South,DE-LS-10000036,Diagnostic Equipment,Lab Supplies,BD Vacutainer EDTA Blood Collection Tubes 10mL,560.322,14,0.1,-139.9445
827,HC-2017-244100,1/15/2017,1/22/2017,Standard Class,JD-83579,John Davis,Health System,United States,Nashville,Tennessee,37201,South,P-V&-10000054,Pharmaceutical,Vitamins & Supplements,Nature Made Fish Oil 1200mg 200 Softgels,210.096,6,0.2,37.1246
828,HC-2016-891507,1/10/2016,1/15/2016,Standard Class,JJ-70515,Jessica Jones,Home Care,United States,Nashville,Tennessee,37201,South,P-OM-10000044,Pharmaceutical,OTC Medications,Zyrtec Allergy 10mg Cetirizine Tablets 70ct,397.32,14,0.5,-21.1303
829,HC-2018-382117,9/9/2018,9/11/2018,First Class,JB-19862,James Brown,Health System,United States,St. Louis,Missouri,63101,Central,P-OM-10000041,Pharmaceutical,OTC Medications,Ibuprofen USP 200mg Tablets 500ct Bulk,94.08,10,0.3,15.6062
830,HC-2017-294122,1/9/2017,1/12/2017,Second Class,EH-62296,Emma Hernandez,Health System,United States,Indianapolis,Indiana,46201,Central,P-V&-10000050,Pharmaceutical,Vitamins & Supplements,Nature's Bounty Vitamin D3 2000IU 240 Softgels,20.7,1,0.4,-2.9961
831,HC-2018-616583,10/29/2018,10/30/2018,Same Day,RM-41195,Robert Moore,Clinic,United States,Omaha,Nebraska,68101,Central,P-OM-10000040,Pharmaceutical,OTC Medications,Tylenol Extra Strength Acetaminophen 500mg 100ct,157.45,10,0.5,-7.0873
832,HC-2015-779831,10/6/2015,10/12/2015,Standard Class,JJ-76562,Jennifer Johnson,Clinic,United States,Dallas,Texas,75201,South,P-IS-10000045,Pharmaceutical,IV Solutions,Baxter 0.9% Sodium Chloride Injection 1000mL,577.122,7,0.3,84.8843
833,HC-2018-881063,3/26/2018,3/31/2018,Standard Class,LL-17492,Liam Lopez,Health System,United States,Houston,Texas,77001,South,MS-WC-10000003,Medical Supplies,Wound Care,Smith & Nephew ALLEVYN Gentle Border Foam Dressing,51.68,4,0,-11.5313
834,HC-2015-859498,1/6/2015,1/13/2015,Standard Class,ER-50306,Ethan Ramirez,Health System,United States,Miami,Florida,33101,South,P-OM-10000042,Pharmaceutical,OTC Medications,Bayer Aspirin 325mg Enteric Coated 300ct,91.91,7,0.5,10.7951
835,HC-2018-103205,7/24/2018,7/29/2018,Standard Class,TW-79615,Thomas Walker,Health System,United States,Las Vegas,Nevada,89101,West,DE-LS-10000036,Diagnostic Equipment,Lab Supplies,BD Vacutainer EDTA Blood Collection Tubes 10mL,300.3,14,0,-66.6062
836,HC-2016-596221,8/15/2016,8/19/2016,Second Class,LS-83563,Lisa Smith,Health System,United States,Phoenix,Arizona,85001,West,P-OM-10000044,Pharmaceutical,OTC Medications,Zyrtec Allergy 10mg Cetirizine Tablets 70ct,114.52,5,0.3,12.4156
837,HC-2016-634456,7/6/2016,7/9/2016,Second Class,JJ-44099,Jennifer Johnson,Health System,United States,Hartford,Connecticut,6101,East,P-OM-10000040,Pharmaceutical,OTC Medications,Tylenol Extra Strength Acetaminophen 500mg 100ct,98.196,6,0.3,13.7168
838,HC-2018-364344,9/10/2018,9/14/2018,Standard Class,MS-19508,Mia Sanchez,Health System,United States,Dallas,Texas,75201,South,MS-G&-10000008,Medical Supplies,Gloves & PPE,Cardinal Health Flexal Nitrile Exam Gloves XL,78.47,1,0,29.1692
839,HC-2018-855898,11/13/2018,11/17/2018,Standard Class,PR-27601,Patricia Robinson,Health System,United States,Phoenix,Arizona,85001,West,DE-IS-10000032,Diagnostic Equipment,Imaging Supplies,Medline X-Ray Film Processing Chemical Kit,1573.704,11,0.1,-334.2238
840,HC-2018-474216,3/3/2018,3/8/2018,Second Class,KJ-58393,Karen Johnson,Health System,United States,Miami,Florida,33101,South,DE-TK-10000029,Diagnostic Equipment,Testing Kits,McKesson Blood Glucose Test Strips 100ct,276.048,4,0.1,113.5939
841,HC-2018-660967,11/13/2018,11/18/2018,Standard Class,LL-96951,Lisa Lopez,Health System,United States,Los Angeles,California,90001,West,P-OM-10000040,Pharmaceutical,OTC Medications,Tylenol Extra Strength Acetaminophen 500mg 100ct,198.225,9,0.5,13.4087
842,HC-2016-319240,3/23/2016,3/25/2016,Second Class,MS-40784,Mason Sanchez,Clinic,United States,Las Vegas,Nevada,89101,West,MS-S&-10000011,Medical Supplies,Syringes & Needles,Covidien Monoject 1mL Insulin Syringe 28G,28.406,2,0.3,-3.9211
843,HC-2018-982950,1/4/2018,1/5/2018,Same Day,NH-81482,Noah Harris,Clinic,United States,Las Vegas,Nevada,89101,West,DE-TK-10000028,Diagnostic Equipment,Testing Kits,BD Veritor System Flu A+B Analyzer,325.12,2,0,104.279
844,HC-2018-874793,3/24/2018,3/30/2018,Standard Class,EA-54597,Emma Anderson,Clinic,United States,Newark,New Jersey,7101,East,MS-WC-10000002,Medical Supplies,Wound Care,Dynarex Non-Adherent Sterile Dressing Pads 3x4in,211.68,14,0,48.0183
845,HC-2016-133020,1/3/2016,1/6/2016,Second Class,MP-76540,Mason Perez,Health System,United States,Salt Lake City,Utah,84101,West,MS-G&-10000007,Medical Supplies,Gloves & PPE,Medline SensiCare Ice Blue Nitrile Gloves Small,710.32,13,0,-98.578
846,HC-2015-283601,11/12/2015,11/14/2015,First Class,SD-45774,Sarah Davis,Health System,United States,Phoenix,Arizona,85001,West,P-IS-10000045,Pharmaceutical,IV Solutions,Baxter 0.9% Sodium Chloride Injection 1000mL,68.352,3,0.2,4.7837
847,HC-2017-446081,6/9/2017,6/11/2017,First Class,AR-31465,Ava Ramirez,Home Care,United States,Newark,New Jersey,7101,East,DE-TK-10000029,Diagnostic Equipment,Testing Kits,McKesson Blood Glucose Test Strips 100ct,1022.105,10,0.05,-167.9211
848,HC-2015-305803,12/19/2015,12/25/2015,Standard Class,LT-87236,Linda Thomas,Home Care,United States,Miami,Florida,33101,South,DE-IS-10000033,Diagnostic Equipment,Imaging Supplies,3M Scotchcast Plus Fiberglass Casting Tape 2in,1519.696,8,0.05,600.1963
849,HC-2018-155398,11/23/2018,11/25/2018,Second Class,LM-30032,Lisa Miller,Clinic,United States,Sacramento,California,95814,West,P-OM-10000044,Pharmaceutical,OTC Medications,Zyrtec Allergy 10mg Cetirizine Tablets 70ct,489.489,13,0.3,-49.3523
850,HC-2015-242795,6/1/2015,6/9/2015,Standard Class,JJ-70515,Jessica Jones,Health System,United States,Las Vegas,Nevada,89101,West,MS-WC-10000003,Medical Supplies,Wound Care,Smith & Nephew ALLEVYN Gentle Border Foam Dressing,366.1,14,0,76.1277
851,HC-2018-583287,12/2/2018,12/6/2018,Standard Class,RP-65518,Robert Perez,Health System,United States,Albuquerque,New Mexico,87101,West,MS-S&-10000012,Medical Supplies,Syringes & Needles,Nipro 5mL Luer Slip Disposable Syringe,74.75,13,0,25.1167
852,HC-2015-560302,3/4/2015,3/6/2015,Second Class,RG-38746,Richard Gonzalez,Home Care,United States,Hartford,Connecticut,6101,East,P-V&-10000052,Pharmaceutical,Vitamins & Supplements,Garden of Life Vitamin C Organic 60 Capsules,57.2,11,0.5,3.0522
853,HC-2016-729510,12/24/2016,12/30/2016,Standard Class,ER-50306,Ethan Ramirez,Clinic,United States,Dallas,Texas,75201,South,P-V&-10000054,Pharmaceutical,Vitamins & Supplements,Nature Made Fish Oil 1200mg 200 Softgels,179.328,8,0.2,12.4768
854,HC-2017-728318,10/23/2017,10/28/2017,Second Class,MP-91070,Mason Perez,Clinic,United States,New Orleans,Louisiana,70112,South,MS-WC-10000002,Medical Supplies,Wound Care,Dynarex Non-Adherent Sterile Dressing Pads 3x4in,285.39,7,0,87.7099
855,HC-2017-936449,1/10/2017,1/13/2017,Second Class,LJ-41571,Linda Johnson,Health System,United States,Seattle,Washington,98101,West,DE-TK-10000027,Diagnostic Equipment,Testing Kits,Quidel QuickVue Influenza A+B Test Kit 25ct,82.28,1,0,23.205
856,HC-2018-582369,3/27/2018,3/29/2018,Second Class,AR-59692,Ava Robinson,Health System,United States,Miami,Florida,33101,South,P-IS-10000045,Pharmaceutical,IV Solutions,Baxter 0.9% Sodium Chloride Injection 1000mL,695.266,13,0.45,51.4633
857,HC-2015-655000,5/5/2015,5/7/2015,Second Class,JL-54236,Joseph Lopez,Health System,United States,Louisville,Kentucky,40201,South,P-OM-10000042,Pharmaceutical,OTC Medications,Bayer Aspirin 325mg Enteric Coated 300ct,103.2,5,0.5,-3.0162
858,HC-2017-830484,2/13/2017,2/15/2017,Second Class,MS-88504,Mia Smith,Clinic,United States,Atlanta,Georgia,30301,South,DE-IS-10000031,Diagnostic Equipment,Imaging Supplies,Parker Aquasonic 100 Ultrasound Transmission Gel,1274.064,11,0.2,450.2489
859,HC-2017-424623,4/14/2017,4/19/2017,Second Class,IB-30033,Isabella Brown,Health System,United States,Albuquerque,New Mexico,87101,West,DE-MD-10000023,Diagnostic Equipment,Monitoring Devices,Omron HEM-7320 Upper Arm Blood Pressure Monitor,10096.254,14,0.1,-1124.0162
860,HC-2015-456443,11/17/2015,11/21/2015,Standard Class,RL-15075,Richard Lewis,Clinic,United States,Miami,Florida,33101,South,P-V&-10000051,Pharmaceutical,Vitamins & Supplements,Centrum Silver Multivitamin Adults 50+ 250ct,227.808,14,0.2,-12.4772
861,HC-2017-909539,2/11/2017,2/19/2017,Standard Class,WC-10851,William Clark,Clinic,United States,Newark,New Jersey,7101,East,MS-WC-10000002,Medical Supplies,Wound Care,Dynarex Non-Adherent Sterile Dressing Pads 3x4in,162.528,12,0.2,46.1172
862,HC-2016-350417,11/10/2016,11/12/2016,Second Class,EW-42018,Ethan Williams,Home Care,United States,Houston,Texas,77001,South,MS-G&-10000006,Medical Supplies,Gloves & PPE,Kimberly-Clark Purple Nitrile Exam Gloves Large,1036.602,14,0.05,-136.126
863,HC-2018-856287,12/22/2018,12/26/2018,Standard Class,JP-10726,John Perez,Clinic,United States,Birmingham,Alabama,35201,South,MS-WC-10000004,Medical Supplies,Wound Care,Covidien Kendall Hydrogel Dressing 4x4in,141.12,4,0.2,27.9818
864,HC-2017-187939,10/5/2017,10/10/2017,Standard Class,MS-17331,Mason Sanchez,Home Care,United States,New Orleans,Louisiana,70112,South,P-V&-10000053,Pharmaceutical,Vitamins & Supplements,Mason Natural Zinc 50mg Tablets 100ct,179.325,6,0.25,-11.8379
865,HC-2015-356257,3/2/2015,3/6/2015,Standard Class,MD-76237,Michael Davis,Clinic,United States,Sacramento,California,95814,West,P-IS-10000047,Pharmaceutical,IV Solutions,B. Braun Lactated Ringer's Injection 1000mL,564.732,12,0.3,-49.0653
866,HC-2017-651510,3/13/2017,3/17/2017,Standard Class,JG-69470,Jessica Garcia,Health System,United States,Birmingham,Alabama,35201,South,P-V&-10000052,Pharmaceutical,Vitamins & Supplements,Garden of Life Vitamin C Organic 60 Capsules,43.995,5,0.3,-1.7881
867,HC-2018-255065,4/16/2018,4/17/2018,Same Day,EJ-20561,Ethan Jackson,Home Care,United States,Philadelphia,Pennsylvania,19101,East,MS-G&-10000008,Medical Supplies,Gloves & PPE,Cardinal Health Flexal Nitrile Exam Gloves XL,156.57,6,0.15,30.5858
868,HC-2016-549492,8/25/2016,8/31/2016,Standard Class,SH-51114,Susan Harris,Health System,United States,Richmond,Virginia,23218,East,DE-MD-10000024,Diagnostic Equipment,Monitoring Devices,A&D Medical UA-767FAM Multi-User BP Monitor,1057.728,2,0.2,259.9444
869,HC-2016-204800,2/21/2016,2/25/2016,Standard Class,LL-24322,Liam Lopez,Health System,United States,Salt Lake City,Utah,84101,West,MS-G&-10000007,Medical Supplies,Gloves & PPE,Medline SensiCare Ice Blue Nitrile Gloves Small,438.18,6,0,-90.3035
870,HC-2018-751353,1/31/2018,2/7/2018,Standard Class,DT-12552,David Taylor,Clinic,United States,Albuquerque,New Mexico,87101,West,MS-S&-10000012,Medical Supplies,Syringes & Needles,Nipro 5mL Luer Slip Disposable Syringe,23.74,1,0,-3.2536
871,HC-2015-872442,1/11/2015,1/12/2015,Same Day,JJ-70515,Jessica Jones,Home Care,United States,Salt Lake City,Utah,84101,West,P-OM-10000043,Pharmaceutical,OTC Medications,Pepcid AC Maximum Strength 20mg 50ct,32.006,4,0.35,4.1571
872,HC-2015-709058,4/20/2015,4/28/2015,Standard Class,MG-39389,Mary Gonzalez,Health System,United States,Newark,New Jersey,7101,East,P-OM-10000042,Pharmaceutical,OTC Medications,Bayer Aspirin 325mg Enteric Coated 300ct,36.435,3,0.5,6.5363
873,HC-2018-970613,12/17/2018,12/18/2018,Same Day,JR-81200,Joseph Ramirez,Home Care,United States,Buffalo,New York,14201,East,P-V&-10000054,Pharmaceutical,Vitamins & Supplements,Nature Made Fish Oil 1200mg 200 Softgels,239.4,12,0.5,-13.2318
874,HC-2016-122306,8/28/2016,9/5/2016,Standard Class,SH-30676,Susan Hernandez,Clinic,United States,Charlotte,North Carolina,28201,South,P-IS-10000049,Pharmaceutical,IV Solutions,Fresenius Kabi Sterile Water for Injection 1000mL,802.424,14,0.3,133.018
875,HC-2016-157433,1/14/2016,1/16/2016,First Class,WS-65255,William Sanchez,Health System,United States,Buffalo,New York,14201,East,DE-MD-10000024,Diagnostic Equipment,Monitoring Devices,A&D Medical UA-767FAM Multi-User BP Monitor,2737.952,7,0.2,-266.724
876,HC-2015-781773,12/23/2015,12/31/2015,Standard Class,SW-63964,Sophia Walker,Clinic,United States,Richmond,Virginia,23218,East,MS-G&-10000009,Medical Supplies,Gloves & PPE,Dynarex SafeTouch Latex-Free Vinyl Gloves Medium,622.104,14,0.3,234.0276
877,HC-2018-670950,9/21/2018,9/26/2018,Second Class,EA-13248,Ethan Anderson,Health System,United States,Atlanta,Georgia,30301,South,P-OM-10000043,Pharmaceutical,OTC Medications,Pepcid AC Maximum Strength 20mg 50ct,47.355,2,0.45,-1.8888
878,HC-2016-903724,12/6/2016,12/9/2016,Second Class,PW-57576,Patricia Walker,Health System,United States,Buffalo,New York,14201,East,MS-S&-10000014,Medical Supplies,Syringes & Needles,BD Eclipse Safety Needle 25G 1in,174.46,13,0,40.1932
879,HC-2016-601656,6/30/2016,7/4/2016,Second Class,MW-80686,Michael Walker,Home Care,United States,Houston,Texas,77001,South,MS-WC-10000000,Medical Supplies,Wound Care,3M Tegaderm Transparent Film Dressing 4x4.75in,250.2315,9,0.15,-30.0356
880,HC-2017-493416,3/3/2017,3/6/2017,Second Class,OW-89840,Olivia Williams,Health System,United States,Los Angeles,California,90001,West,P-OM-10000044,Pharmaceutical,OTC Medications,Zyrtec Allergy 10mg Cetirizine Tablets 70ct,42.41,2,0.5,5.4645
881,HC-2015-865435,4/22/2015,4/30/2015,Standard Class,MT-39871,Mary Thompson,Clinic,United States,St. Louis,Missouri,63101,Central,DE-TK-10000027,Diagnostic Equipment,Testing Kits,Quidel QuickVue Influenza A+B Test Kit 25ct,427.968,8,0.2,132.0448
882,HC-2018-268791,5/6/2018,5/8/2018,Second Class,CM-19116,Charles Miller,Home Care,United States,Hartford,Connecticut,6101,East,P-V&-10000054,Pharmaceutical,Vitamins & Supplements,Nature Made Fish Oil 1200mg 200 Softgels,105.3975,13,0.25,-6.428
883,HC-2018-429462,10/13/2018,10/16/2018,Second Class,IP-49117,Isabella Perez,Health System,United States,Miami,Florida,33101,South,DE-TK-10000026,Diagnostic Equipment,Testing Kits,Roche Accu-Chek Guide Blood Glucose Meter Kit,549.01,7,0,172.0809
884,HC-2017-329502,8/8/2017,8/10/2017,First Class,JM-42953,Joseph Moore,Health System,United States,Atlanta,Georgia,30301,South,DE-TK-10000029,Diagnostic Equipment,Testing Kits,McKesson Blood Glucose Test Strips 100ct,1060.98,6,0,-199.5993
885,HC-2017-706922,2/9/2017,2/11/2017,Second Class,EH-62296,Emma Hernandez,Clinic,United States,Las Vegas,Nevada,89101,West,DE-MD-10000021,Diagnostic Equipment,Monitoring Devices,Nonin Onyx Vantage 9590 Finger Pulse Oximeter,3176.08,5,0.2,726.0527
886,HC-2017-593248,6/2/2017,6/3/2017,Same Day,JL-77033,Jessica Lee,Home Care,United States,Nashville,Tennessee,37201,South,P-OM-10000041,Pharmaceutical,OTC Medications,Ibuprofen USP 200mg Tablets 500ct Bulk,331.5,12,0.5,45.3313
887,HC-2016-207309,1/18/2016,1/20/2016,First Class,JW-92719,James Williams,Clinic,United States,Omaha,Nebraska,68101,Central,P-OM-10000042,Pharmaceutical,OTC Medications,Bayer Aspirin 325mg Enteric Coated 300ct,125.895,7,0.5,-6.0931
888,HC-2018-989272,11/7/2018,11/12/2018,Second Class,KL-11504,Karen Lewis,Health System,United States,Cleveland,Ohio,44101,Central,P-OM-10000044,Pharmaceutical,OTC Medications,Zyrtec Allergy 10mg Cetirizine Tablets 70ct,185.136,6,0.3,-10.4418
889,HC-2015-522218,2/16/2015,2/23/2015,Standard Class,MT-44993,Michael Thompson,Clinic,United States,Boston,Massachusetts,2101,East,DE-TK-10000028,Diagnostic Equipment,Testing Kits,BD Veritor System Flu A+B Analyzer,1369.29,13,0,536.7894
890,HC-2017-443818,1/17/2017,1/21/2017,Standard Class,PG-83385,Patricia Gonzalez,Health System,United States,Philadelphia,Pennsylvania,19101,East,P-OM-10000040,Pharmaceutical,OTC Medications,Tylenol Extra Strength Acetaminophen 500mg 100ct,327.855,11,0.5,31.9938
891,HC-2015-684608,12/23/2015,12/31/2015,Standard Class,PW-59615,Patricia Walker,Clinic,United States,Salt Lake City,Utah,84101,West,P-V&-10000052,Pharmaceutical,Vitamins & Supplements,Garden of Life Vitamin C Organic 60 Capsules,98.34,10,0.45,-5.1655
892,HC-2018-779865,11/17/2018,11/25/2018,Standard Class,EW-42018,Ethan Williams,Clinic,United States,Pittsburgh,Pennsylvania,15201,East,MS-S&-10000014,Medical Supplies,Syringes & Needles,BD Eclipse Safety Needle 25G 1in,129.024,12,0.2,36.4417
893,HC-2018-346709,8/18/2018,8/22/2018,Standard Class,JM-82603,James Martin,Health System,United States,Hartford,Connecticut,6101,East,P-IS-10000048,Pharmaceutical,IV Solutions,ICU Medical Normal Saline 250mL IV Bag,118.1,4,0.5,-5.2634
894,HC-2017-257199,7/14/2017,7/21/2017,Standard Class,MJ-91560,Mia Jones,Clinic,United States,Albuquerque,New Mexico,87101,West,P-V&-10000053,Pharmaceutical,Vitamins & Supplements,Mason Natural Zinc 50mg Tablets 100ct,245.616,12,0.3,39.0077
895,HC-2016-815484,10/17/2016,10/19/2016,Second Class,EJ-53309,Ethan Johnson,Health System,United States,Albuquerque,New Mexico,87101,West,P-OM-10000042,Pharmaceutical,OTC Medications,Bayer Aspirin 325mg Enteric Coated 300ct,31.475,5,0.5,5.2347
896,HC-2017-284452,3/10/2017,3/18/2017,Standard Class,MJ-91560,Mia Jones,Health System,United States,Dallas,Texas,75201,South,P-IS-10000047,Pharmaceutical,IV Solutions,B. Braun Lactated Ringer's Injection 1000mL,77.2695,3,0.45,-3.3964
897,HC-2016-987874,2/6/2016,2/8/2016,First Class,JT-97747,John Taylor,Clinic,United States,Philadelphia,Pennsylvania,19101,East,DE-LS-10000036,Diagnostic Equipment,Lab Supplies,BD Vacutainer EDTA Blood Collection Tubes 10mL,339.072,4,0.2,-83.8379
898,HC-2015-286540,7/31/2015,8/2/2015,Second Class,LR-76162,Lisa Ramirez,Clinic,United States,Charlotte,North Carolina,28201,South,DE-LS-10000036,Diagnostic Equipment,Lab Supplies,BD Vacutainer EDTA Blood Collection Tubes 10mL,315.117,3,0.1,128.95
899,HC-2018-487167,11/23/2018,11/27/2018,Standard Class,CM-15014,Charles Martinez,Health System,United States,Louisville,Kentucky,40201,South,DE-MD-10000023,Diagnostic Equipment,Monitoring Devices,Omron HEM-7320 Upper Arm Blood Pressure Monitor,2571.373,7,0.3,853.0195
900,HC-2018-808236,6/3/2018,6/9/2018,Standard Class,AM-94012,Ava Martinez,Health System,United States,Miami,Florida,33101,South,P-V&-10000050,Pharmaceutical,Vitamins & Supplements,Nature's Bounty Vitamin D3 2000IU 240 Softgels,51.601,2,0.45,5.8285
901,HC-2016-513695,2/12/2016,2/18/2016,Standard Class,PJ-62772,Patricia Johnson,Home Care,United States,Boston,Massachusetts,2101,East,DE-MD-10000022,Diagnostic Equipment,Monitoring Devices,Masimo Rad-8 Pulse Oximeter Tabletop Unit,663.195,2,0.05,255.6748
902,HC-2015-569056,8/8/2015,8/11/2015,Second Class,LR-32810,Liam Robinson,Health System,United States,Albuquerque,New Mexico,87101,West,DE-MD-10000020,Diagnostic Equipment,Monitoring Devices,Welch Allyn Connex Spot Monitor with SpO2,3040.24,5,0.3,759.8694
903,HC-2015-595858,6/28/2015,7/5/2015,Standard Class,SH-61116,Susan Hernandez,Clinic,United States,Boston,Massachusetts,2101,East,P-OM-10000044,Pharmaceutical,OTC Medications,Zyrtec Allergy 10mg Cetirizine Tablets 70ct,76.9395,3,0.45,3.9143
904,HC-2015-948400,9/23/2015,9/30/2015,Standard Class,AR-59692,Ava Robinson,Home Care,United States,Atlanta,Georgia,30301,South,DE-LS-10000035,Diagnostic Equipment,Lab Supplies,Thermo Scientific Nunc CryoTube Vials 1.8mL 100pk,1049.503,14,0.35,-141.3527
905,HC-2016-868488,7/26/2016,7/31/2016,Second Class,CJ-29410,Charles Jackson,Clinic,United States,Las Vegas,Nevada,89101,West,P-IS-10000047,Pharmaceutical,IV Solutions,B. Braun Lactated Ringer's Injection 1000mL,298.98,6,0.5,47.6589
906,HC-2015-242737,12/31/2015,1/4/2016,Standard Class,EA-54597,Emma Anderson,Home Care,United States,Buffalo,New York,14201,East,MS-WC-10000000,Medical Supplies,Wound Care,3M Tegaderm Transparent Film Dressing 4x4.75in,65.4075,5,0.05,-12.0808
907,HC-2016-682532,10/11/2016,10/15/2016,Second Class,NW-98777,Noah Wilson,Clinic,United States,Miami,Florida,33101,South,P-OM-10000040,Pharmaceutical,OTC Medications,Tylenol Extra Strength Acetaminophen 500mg 100ct,66.55,5,0.45,-3.1471
908,HC-2017-854304,3/1/2017,3/2/2017,Same Day,NM-77000,Noah Miller,Health System,United States,Denver,Colorado,80201,West,DE-LS-10000036,Diagnostic Equipment,Lab Supplies,BD Vacutainer EDTA Blood Collection Tubes 10mL,280.26,3,0,109.0751
909,HC-2017-872848,1/25/2017,1/26/2017,Same Day,OG-99192,Olivia Garcia,Clinic,United States,Atlanta,Georgia,30301,South,MS-G&-10000005,Medical Supplies,Gloves & PPE,Ansell TouchNTuff Nitrile Disposable Gloves Medium,205.9,10,0,73.2454
910,HC-2018-613317,7/7/2018,7/12/2018,Second Class,RB-84668,Richard Brown,Health System,United States,Cleveland,Ohio,44101,Central,MS-G&-10000009,Medical Supplies,Gloves & PPE,Dynarex SafeTouch Latex-Free Vinyl Gloves Medium,30.45,1,0.3,-2.5945
911,HC-2018-689343,12/17/2018,12/23/2018,Standard Class,SW-63964,Sophia Walker,Health System,United States,Portland,Oregon,97201,West,P-IS-10000048,Pharmaceutical,IV Solutions,ICU Medical Normal Saline 250mL IV Bag,55.3905,3,0.45,9.5536
912,HC-2015-511561,10/19/2015,10/26/2015,Standard Class,RS-16175,Robert Sanchez,Health System,United States,Cleveland,Ohio,44101,Central,MS-G&-10000008,Medical Supplies,Gloves & PPE,Cardinal Health Flexal Nitrile Exam Gloves XL,680.24,11,0.2,-58.5305
913,HC-2016-441649,2/11/2016,2/19/2016,Standard Class,WJ-38221,William Jones,Home Care,United States,Philadelphia,Pennsylvania,19101,East,MS-G&-10000006,Medical Supplies,Gloves & PPE,Kimberly-Clark Purple Nitrile Exam Gloves Large,384.075,10,0.25,-34.2318
914,HC-2015-423025,10/22/2015,10/26/2015,Second Class,JL-54236,Joseph Lopez,Health System,United States,Newark,New Jersey,7101,East,DE-LS-10000035,Diagnostic Equipment,Lab Supplies,Thermo Scientific Nunc CryoTube Vials 1.8mL 100pk,656.964,11,0.1,-96.5535
915,HC-2016-950147,3/24/2016,3/28/2016,Standard Class,PM-38569,Patricia Martin,Home Care,United States,Pittsburgh,Pennsylvania,15201,East,DE-MD-10000021,Diagnostic Equipment,Monitoring Devices,Nonin Onyx Vantage 9590 Finger Pulse Oximeter,5308.875,10,0.35,-1240.9669
916,HC-2017-896651,6/17/2017,6/21/2017,Standard Class,ES-23970,Ethan Sanchez,Health System,United States,Charlotte,North Carolina,28201,South,P-IS-10000045,Pharmaceutical,IV Solutions,Baxter 0.9% Sodium Chloride Injection 1000mL,347.928,12,0.3,-14.1904
917,HC-2017-674598,11/28/2017,11/30/2017,Second Class,ID-23238,Isabella Davis,Clinic,United States,Buffalo,New York,14201,East,MS-G&-10000005,Medical Supplies,Gloves & PPE,Ansell TouchNTuff Nitrile Disposable Gloves Medium,252.245,5,0.3,-44.0181
918,HC-2017-293626,11/28/2017,11/30/2017,First Class,IG-33206,Isabella Garcia,Clinic,United States,Richmond,Virginia,23218,East,MS-B&-10000015,Medical Supplies,Bandages & Tape,3M Micropore Surgical Tape 1in x 10yd,189.007,13,0.3,71.7299
919,HC-2016-436314,2/18/2016,2/19/2016,Same Day,LJ-41266,Lisa Jones,Home Care,United States,Columbus,Ohio,43004,East,MS-B&-10000015,Medical Supplies,Bandages & Tape,3M Micropore Surgical Tape 1in x 10yd,150.024,14,0.05,-33.379
920,HC-2015-601186,7/11/2015,7/14/2015,Second Class,ST-63354,Sophia Taylor,Health System,United States,New York,New York,10001,East,DE-TK-10000025,Diagnostic Equipment,Testing Kits,Abbott BinaxNOW COVID-19 Antigen Rapid Test 2-Pack,479.48,4,0,-64.3097
921,HC-2015-867301,6/19/2015,6/27/2015,Standard Class,EM-20322,Ethan Martin,Health System,United States,Kansas City,Missouri,64101,Central,MS-WC-10000001,Medical Supplies,Wound Care,Medline Bordered Gauze Island Dressing 4x4in,135.436,14,0.3,-19.7627
922,HC-2018-143884,9/14/2018,9/16/2018,Second Class,LM-38864,Linda Martin,Health System,United States,New Orleans,Louisiana,70112,South,MS-WC-10000003,Medical Supplies,Wound Care,Smith & Nephew ALLEVYN Gentle Border Foam Dressing,62.544,6,0.2,-12.328
923,HC-2016-577462,3/14/2016,3/21/2016,Standard Class,JM-82603,James Martin,Health System,United States,Albuquerque,New Mexico,87101,West,P-V&-10000052,Pharmaceutical,Vitamins & Supplements,Garden of Life Vitamin C Organic 60 Capsules,56.868,2,0.3,4.1456
924,HC-2016-797222,8/5/2016,8/13/2016,Standard Class,PM-38569,Patricia Martin,Home Care,United States,Charlotte,North Carolina,28201,South,DE-TK-10000026,Diagnostic Equipment,Testing Kits,Roche Accu-Chek Guide Blood Glucose Meter Kit,780.9095,7,0.05,-104.6839
925,HC-2016-944483,2/1/2016,2/8/2016,Standard Class,OB-13278,Olivia Brown,Home Care,United States,Minneapolis,Minnesota,55401,Central,MS-S&-10000011,Medical Supplies,Syringes & Needles,Covidien Monoject 1mL Insulin Syringe 28G,183.6,10,0.25,-63.2867
926,HC-2017-899614,7/18/2017,7/23/2017,Second Class,WB-24029,William Brown,Health System,United States,Albuquerque,New Mexico,87101,West,MS-G&-10000005,Medical Supplies,Gloves & PPE,Ansell TouchNTuff Nitrile Disposable Gloves Medium,47.424,2,0.2,15.9204
927,HC-2015-728167,4/21/2015,4/28/2015,Standard Class,AH-36365,Ava Harris,Health System,United States,Memphis,Tennessee,38101,South,P-OM-10000043,Pharmaceutical,OTC Medications,Pepcid AC Maximum Strength 20mg 50ct,50.534,2,0.45,8.1893
928,HC-2017-266302,4/24/2017,4/28/2017,Second Class,NL-40828,Noah Lewis,Health System,United States,Boston,Massachusetts,2101,East,P-V&-10000050,Pharmaceutical,Vitamins & Supplements,Nature's Bounty Vitamin D3 2000IU 240 Softgels,145.488,12,0.3,7.8869
929,HC-2015-753164,9/13/2015,9/20/2015,Standard Class,WB-24029,William Brown,Health System,United States,Hartford,Connecticut,6101,East,MS-S&-10000013,Medical Supplies,Syringes & Needles,Terumo 10mL Hypodermic Syringe with Needle,256.75,13,0,-26.1263
930,HC-2015-935986,8/6/2015,8/8/2015,First Class,NR-80381,Noah Robinson,Clinic,United States,Houston,Texas,77001,South,P-OM-10000040,Pharmaceutical,OTC Medications,Tylenol Extra Strength Acetaminophen 500mg 100ct,145.574,13,0.45,17.76
931,HC-2017-641958,7/9/2017,7/16/2017,Standard Class,MD-76237,Michael Davis,Health System,United States,Louisville,Kentucky,40201,South,MS-S&-10000013,Medical Supplies,Syringes & Needles,Terumo 10mL Hypodermic Syringe with Needle,76.9,10,0,27.1985
932,HC-2016-584385,12/2/2016,12/10/2016,Standard Class,ID-23238,Isabella Davis,Health System,United States,Memphis,Tennessee,38101,South,P-OM-10000042,Pharmaceutical,OTC Medications,Bayer Aspirin 325mg Enteric Coated 300ct,9.793,1,0.3,-0.5696
933,HC-2015-809221,12/25/2015,12/27/2015,Second Class,KH-81582,Karen Harris,Clinic,United States,Portland,Oregon,97201,West,DE-LS-10000038,Diagnostic Equipment,Lab Supplies,Globe Scientific Disposable Transfer Pipettes 3mL,888.6,10,0,283.6721
934,HC-2016-512744,11/14/2016,11/22/2016,Standard Class,LP-52237,Lisa Perez,Home Care,United States,Salt Lake City,Utah,84101,West,DE-TK-10000025,Diagnostic Equipment,Testing Kits,Abbott BinaxNOW COVID-19 Antigen Rapid Test 2-Pack,119.625,2,0.25,32.0726
935,HC-2015-891775,2/8/2015,2/9/2015,Same Day,AC-30926,Ava Clark,Home Care,United States,Las Vegas,Nevada,89101,West,MS-WC-10000000,Medical Supplies,Wound Care,3M Tegaderm Transparent Film Dressing 4x4.75in,147.24,8,0.25,40.266
936,HC-2015-894073,3/18/2015,3/26/2015,Standard Class,SS-80702,Sarah Smith,Health System,United States,Newark,New Jersey,7101,East,P-V&-10000052,Pharmaceutical,Vitamins & Supplements,Garden of Life Vitamin C Organic 60 Capsules,96.36,6,0.5,17.3133
937,HC-2015-921376,3/28/2015,4/5/2015,Standard Class,SH-51114,Susan Harris,Home Care,United States,Sacramento,California,95814,West,P-V&-10000053,Pharmaceutical,Vitamins & Supplements,Mason Natural Zinc 50mg Tablets 100ct,249.0345,11,0.35,-10.9797
938,HC-2018-326789,11/4/2018,11/8/2018,Standard Class,LJ-41571,Linda Johnson,Home Care,United States,San Francisco,California,94101,West,DE-IS-10000030,Diagnostic Equipment,Imaging Supplies,Covidien Kendall Ultrasound Gel 8.5oz,1298.65,10,0.05,350.1788
939,HC-2016-946214,10/22/2016,10/26/2016,Second Class,TT-92960,Thomas Thompson,Home Care,United States,Boston,Massachusetts,2101,East,MS-WC-10000002,Medical Supplies,Wound Care,Dynarex Non-Adherent Sterile Dressing Pads 3x4in,64.2005,7,0.35,24.2427
940,HC-2015-981881,2/23/2015,2/28/2015,Second Class,RM-69429,Richard Martinez,Health System,United States,Minneapolis,Minnesota,55401,Central,MS-WC-10000002,Medical Supplies,Wound Care,Dynarex Non-Adherent Sterile Dressing Pads 3x4in,62.208,9,0.4,12.2387
941,HC-2018-628114,4/12/2018,4/14/2018,Second Class,NC-62994,Noah Clark,Clinic,United States,Chicago,Illinois,60601,Central,P-V&-10000052,Pharmaceutical,Vitamins & Supplements,Garden of Life Vitamin C Organic 60 Capsules,295.911,9,0.3,-20.8518
942,HC-2016-698828,9/14/2016,9/16/2016,Second Class,EJ-31579,Ethan Johnson,Clinic,United States,Milwaukee,Wisconsin,53201,Central,DE-IS-10000033,Diagnostic Equipment,Imaging Supplies,3M Scotchcast Plus Fiberglass Casting Tape 2in,1904.715,9,0.1,442.547
943,HC-2015-724616,4/6/2015,4/11/2015,Standard Class,SP-79329,Sophia Perez,Clinic,United States,St. Louis,Missouri,63101,Central,DE-MD-10000020,Diagnostic Equipment,Monitoring Devices,Welch Allyn Connex Spot Monitor with SpO2,6110.208,9,0.2,-1300.9907
944,HC-2015-796866,12/5/2015,12/12/2015,Standard Class,JJ-70901,Joseph Jones,Clinic,United States,Buffalo,New York,14201,East,P-OM-10000042,Pharmaceutical,OTC Medications,Bayer Aspirin 325mg Enteric Coated 300ct,36.48,6,0.5,2.3832
945,HC-2018-806942,4/4/2018,4/11/2018,Standard Class,JT-91416,James Thomas,Health System,United States,Indianapolis,Indiana,46201,Central,P-V&-10000054,Pharmaceutical,Vitamins & Supplements,Nature Made Fish Oil 1200mg 200 Softgels,125.352,12,0.4,-3.2046
946,HC-2017-855346,3/26/2017,4/1/2017,Standard Class,LL-17492,Liam Lopez,Health System,United States,St. Louis,Missouri,63101,Central,DE-LS-10000035,Diagnostic Equipment,Lab Supplies,Thermo Scientific Nunc CryoTube Vials 1.8mL 100pk,347.409,9,0.1,-34.7879
947,HC-2018-388586,2/22/2018,2/28/2018,Standard Class,NH-97900,Noah Harris,Home Care,United States,Baltimore,Maryland,21201,East,P-V&-10000051,Pharmaceutical,Vitamins & Supplements,Centrum Silver Multivitamin Adults 50+ 250ct,52.065,10,0.35,-1.7612
948,HC-2017-889467,12/26/2017,12/28/2017,Second Class,EM-20322,Ethan Martin,Health System,United States,Nashville,Tennessee,37201,South,P-IS-10000049,Pharmaceutical,IV Solutions,Fresenius Kabi Sterile Water for Injection 1000mL,298.683,7,0.45,47.2793
949,HC-2016-960617,9/6/2016,9/7/2016,Same Day,IL-65461,Isabella Lee,Health System,United States,Indianapolis,Indiana,46201,Central,MS-B&-10000015,Medical Supplies,Bandages & Tape,3M Micropore Surgical Tape 1in x 10yd,49.784,8,0.3,13.0198
950,HC-2016-391941,5/24/2016,5/26/2016,Second Class,JH-53540,Jennifer Harris,Home Care,United States,Los Angeles,California,90001,West,DE-LS-10000036,Diagnostic Equipment,Lab Supplies,BD Vacutainer EDTA Blood Collection Tubes 10mL,404.035,10,0.05,123.5473
951,HC-2016-883833,1/31/2016,2/5/2016,Second Class,LR-76162,Lisa Ramirez,Clinic,United States,Cincinnati,Ohio,45201,Central,MS-G&-10000007,Medical Supplies,Gloves & PPE,Medline SensiCare Ice Blue Nitrile Gloves Small,314.58,10,0.4,91.0156
952,HC-2015-988973,1/6/2015,1/10/2015,Standard Class,MM-65069,Mary Miller,Health System,United States,Memphis,Tennessee,38101,South,MS-G&-10000007,Medical Supplies,Gloves & PPE,Medline SensiCare Ice Blue Nitrile Gloves Small,304.248,7,0.2,77.6764
953,HC-2018-631337,1/23/2018,1/31/2018,Standard Class,WH-89276,William Hernandez,Clinic,United States,Sacramento,California,95814,West,DE-IS-10000030,Diagnostic Equipment,Imaging Supplies,Covidien Kendall Ultrasound Gel 8.5oz,1020.1,10,0,424.1364
954,HC-2015-830847,8/15/2015,8/18/2015,Second Class,LJ-17989,Liam Jackson,Home Care,United States,Cincinnati,Ohio,45201,Central,DE-MD-10000022,Diagnostic Equipment,Monitoring Devices,Masimo Rad-8 Pulse Oximeter Tabletop Unit,1417.392,8,0.15,-431.5908
955,HC-2016-497392,2/29/2016,3/3/2016,Second Class,RM-69429,Richard Martinez,Health System,United States,Las Vegas,Nevada,89101,West,DE-MD-10000020,Diagnostic Equipment,Monitoring Devices,Welch Allyn Connex Spot Monitor with SpO2,1226.016,11,0.2,410.0778
956,HC-2016-923674,9/3/2016,9/7/2016,Standard Class,NW-51180,Noah White,Home Care,United States,San Francisco,California,94101,West,P-V&-10000054,Pharmaceutical,Vitamins & Supplements,Nature Made Fish Oil 1200mg 200 Softgels,157.62,8,0.25,-5.8315
957,HC-2016-456428,6/20/2016,6/22/2016,First Class,SC-32241,Sarah Clark,Clinic,United States,Portland,Oregon,97201,West,P-OM-10000044,Pharmaceutical,OTC Medications,Zyrtec Allergy 10mg Cetirizine Tablets 70ct,113.855,5,0.3,19.9723
958,HC-2015-907848,3/1/2015,3/5/2015,Second Class,MD-18834,Mary Davis,Clinic,United States,Buffalo,New York,14201,East,DE-IS-10000032,Diagnostic Equipment,Imaging Supplies,Medline X-Ray Film Processing Chemical Kit,234.752,7,0.2,-40.3962
959,HC-2016-289838,12/11/2016,12/16/2016,Second Class,SH-30676,Susan Hernandez,Health System,United States,Minneapolis,Minnesota,55401,Central,DE-LS-10000038,Diagnostic Equipment,Lab Supplies,Globe Scientific Disposable Transfer Pipettes 3mL,632.592,8,0.1,189.934
960,HC-2017-659319,3/10/2017,3/14/2017,Second Class,MM-72493,Mary Martin,Home Care,United States,Louisville,Kentucky,40201,South,P-V&-10000053,Pharmaceutical,Vitamins & Supplements,Mason Natural Zinc 50mg Tablets 100ct,24.86,1,0.5,-0.5166
961,HC-2017-565660,3/22/2017,3/27/2017,Standard Class,EA-13248,Ethan Anderson,Clinic,United States,Kansas City,Missouri,64101,Central,MS-S&-10000013,Medical Supplies,Syringes & Needles,Terumo 10mL Hypodermic Syringe with Needle,80.352,12,0.2,27.1996
962,HC-2017-458770,5/20/2017,5/24/2017,Standard Class,NM-83259,Noah Moore,Health System,United States,Nashville,Tennessee,37201,South,MS-B&-10000017,Medical Supplies,Bandages & Tape,Covidien Curity Gauze Bandage Roll 4in,201.204,12,0.1,-42.6488
963,HC-2015-229400,4/9/2015,4/15/2015,Standard Class,TS-33416,Thomas Sanchez,Health System,United States,Cleveland,Ohio,44101,Central,P-V&-10000051,Pharmaceutical,Vitamins & Supplements,Centrum Silver Multivitamin Adults 50+ 250ct,87.45,5,0.4,-1.9634
964,HC-2018-261652,8/29/2018,9/3/2018,Standard Class,LW-84847,Liam Walker,Health System,United States,Minneapolis,Minnesota,55401,Central,P-IS-10000047,Pharmaceutical,IV Solutions,B. Braun Lactated Ringer's Injection 1000mL,484.9,10,0.5,-28.1293
965,HC-2015-786874,12/7/2015,12/12/2015,Second Class,MD-76237,Michael Davis,Health System,United States,Hartford,Connecticut,6101,East,P-OM-10000040,Pharmaceutical,OTC Medications,Tylenol Extra Strength Acetaminophen 500mg 100ct,225.904,7,0.2,18.7819
966,HC-2015-754446,3/9/2015,3/10/2015,Same Day,ML-20745,Mary Lee,Home Care,United States,Newark,New Jersey,7101,East,MS-S&-10000011,Medical Supplies,Syringes & Needles,Covidien Monoject 1mL Insulin Syringe 28G,25.6785,1,0.05,9.0277
967,HC-2017-462115,11/20/2017,11/22/2017,First Class,NW-98777,Noah Wilson,Home Care,United States,Albuquerque,New Mexico,87101,West,MS-S&-10000012,Medical Supplies,Syringes & Needles,Nipro 5mL Luer Slip Disposable Syringe,118.712,11,0.05,-11.0322
968,HC-2017-352626,1/10/2017,1/17/2017,Standard Class,RP-65518,Robert Perez,Health System,United States,Newark,New Jersey,7101,East,P-V&-10000050,Pharmaceutical,Vitamins & Supplements,Nature's Bounty Vitamin D3 2000IU 240 Softgels,62.392,8,0.45,-5.0889
969,HC-2018-978193,3/9/2018,3/10/2018,Same Day,MP-76540,Mason Perez,Clinic,United States,Charlotte,North Carolina,28201,South,DE-MD-10000022,Diagnostic Equipment,Monitoring Devices,Masimo Rad-8 Pulse Oximeter Tabletop Unit,8525.0,11,0,2308.2173
970,HC-2017-646794,2/19/2017,2/22/2017,Second Class,IL-65461,Isabella Lee,Clinic,United States,Indianapolis,Indiana,46201,Central,MS-G&-10000009,Medical Supplies,Gloves & PPE,Dynarex SafeTouch Latex-Free Vinyl Gloves Medium,177.876,3,0.1,-40.2426
971,HC-2018-146957,3/6/2018,3/8/2018,Second Class,DB-48469,David Brown,Health System,United States,Denver,Colorado,80201,West,MS-WC-10000001,Medical Supplies,Wound Care,Medline Bordered Gauze Island Dressing 4x4in,16.51,1,0,-1.908
972,HC-2017-940997,3/1/2017,3/5/2017,Standard Class,AR-59692,Ava Robinson,Clinic,United States,Sacramento,California,95814,West,P-IS-10000048,Pharmaceutical,IV Solutions,ICU Medical Normal Saline 250mL IV Bag,202.671,9,0.3,-6.049
973,HC-2015-718274,7/10/2015,7/12/2015,First Class,MM-51245,Mia Martin,Clinic,United States,Portland,Oregon,97201,West,P-OM-10000043,Pharmaceutical,OTC Medications,Pepcid AC Maximum Strength 20mg 50ct,170.313,13,0.45,22.7192
974,HC-2016-579245,10/6/2016,10/8/2016,First Class,MW-95181,Michael White,Clinic,United States,Miami,Florida,33101,South,DE-TK-10000025,Diagnostic Equipment,Testing Kits,Abbott BinaxNOW COVID-19 Antigen Rapid Test 2-Pack,1153.04,14,0,-282.7427
975,HC-2017-177411,2/15/2017,2/17/2017,Second Class,JD-83579,John Davis,Health System,United States,San Francisco,California,94101,West,MS-B&-10000017,Medical Supplies,Bandages & Tape,Covidien Curity Gauze Bandage Roll 4in,16.448,2,0.2,3.2577
976,HC-2016-143995,7/31/2016,8/4/2016,Standard Class,AA-38683,Ava Anderson,Health System,United States,Sacramento,California,95814,West,P-V&-10000050,Pharmaceutical,Vitamins & Supplements,Nature's Bounty Vitamin D3 2000IU 240 Softgels,147.609,9,0.3,-9.3779
977,HC-2016-345450,2/19/2016,2/24/2016,Second Class,KH-81582,Karen Harris,Clinic,United States,Salt Lake City,Utah,84101,West,P-IS-10000049,Pharmaceutical,IV Solutions,Fresenius Kabi Sterile Water for Injection 1000mL,664.752,11,0.2,-29.6273
978,HC-2018-124509,6/12/2018,6/17/2018,Second Class,MW-53025,Michael Wilson,Clinic,United States,Seattle,Washington,98101,West,P-V&-10000051,Pharmaceutical,Vitamins & Supplements,Centrum Silver Multivitamin Adults 50+ 250ct,14.641,2,0.45,2.4092
979,HC-2016-176377,1/18/2016,1/26/2016,Standard Class,KS-79514,Karen Sanchez,Health System,United States,Omaha,Nebraska,68101,Central,DE-IS-10000032,Diagnostic Equipment,Imaging Supplies,Medline X-Ray Film Processing Chemical Kit,227.696,2,0.2,72.2551
980,HC-2017-738112,9/26/2017,9/30/2017,Standard Class,JD-83579,John Davis,Health System,United States,Albuquerque,New Mexico,87101,West,P-V&-10000053,Pharmaceutical,Vitamins & Supplements,Mason Natural Zinc 50mg Tablets 100ct,232.652,7,0.3,-9.9324
981,HC-2017-379341,9/4/2017,9/8/2017,Standard Class,WG-24168,William Garcia,Clinic,United States,Pittsburgh,Pennsylvania,15201,East,MS-WC-10000004,Medical Supplies,Wound Care,Covidien Kendall Hydrogel Dressing 4x4in,104.1,5,0,28.8587
982,HC-2016-844810,10/15/2016,10/23/2016,Standard Class,OB-13278,Olivia Brown,Clinic,United States,Charlotte,North Carolina,28201,South,P-OM-10000040,Pharmaceutical,OTC Medications,Tylenol Extra Strength Acetaminophen 500mg 100ct,46.095,7,0.5,-3.0755
983,HC-2017-740707,7/29/2017,7/31/2017,First Class,WS-65255,William Sanchez,Health System,United States,Cleveland,Ohio,44101,Central,DE-IS-10000030,Diagnostic Equipment,Imaging Supplies,Covidien Kendall Ultrasound Gel 8.5oz,239.96,8,0.3,-50.4477
984,HC-2018-933451,11/11/2018,11/16/2018,Standard Class,MJ-91560,Mia Jones,Health System,United States,Minneapolis,Minnesota,55401,Central,DE-MD-10000023,Diagnostic Equipment,Monitoring Devices,Omron HEM-7320 Upper Arm Blood Pressure Monitor,2005.497,13,0.1,-819.4345
985,HC-2018-430284,3/22/2018,3/25/2018,Second Class,MP-75435,Michael Perez,Home Care,United States,Minneapolis,Minnesota,55401,Central,MS-B&-10000015,Medical Supplies,Bandages & Tape,3M Micropore Surgical Tape 1in x 10yd,12.805,1,0.35,-1.2935
986,HC-2018-104827,3/12/2018,3/17/2018,Second Class,LS-83563,Lisa Smith,Health System,United States,Columbus,Ohio,43004,East,DE-IS-10000030,Diagnostic Equipment,Imaging Supplies,Covidien Kendall Ultrasound Gel 8.5oz,1561.0,10,0.3,440.9071
987,HC-2018-323701,12/2/2018,12/4/2018,First Class,LJ-41266,Lisa Jones,Clinic,United States,San Francisco,California,94101,West,DE-IS-10000031,Diagnostic Equipment,Imaging Supplies,Parker Aquasonic 100 Ultrasound Transmission Gel,724.23,5,0.1,-108.1125
988,HC-2017-147609,8/29/2017,9/3/2017,Standard Class,JB-19862,James Brown,Health System,United States,Minneapolis,Minnesota,55401,Central,MS-S&-10000014,Medical Supplies,Syringes & Needles,BD Eclipse Safety Needle 25G 1in,136.08,7,0.1,43.1265
989,HC-2016-541111,8/30/2016,9/1/2016,First Class,EM-20322,Ethan Martin,Health System,United States,Miami,Florida,33101,South,P-OM-10000043,Pharmaceutical,OTC Medications,Pepcid AC Maximum Strength 20mg 50ct,382.32,9,0.2,-22.4641
990,HC-2016-285468,2/1/2016,2/5/2016,Second Class,BW-96951,Barbara Walker,Health System,United States,Cleveland,Ohio,44101,Central,DE-TK-10000028,Diagnostic Equipment,Testing Kits,BD Veritor System Flu A+B Analyzer,1526.798,13,0.3,631.8034
991,HC-2015-477598,10/10/2015,10/17/2015,Standard Class,PL-66959,Patricia Lee,Clinic,United States,Pittsburgh,Pennsylvania,15201,East,DE-IS-10000032,Diagnostic Equipment,Imaging Supplies,Medline X-Ray Film Processing Chemical Kit,333.27,7,0,87.0495
992,HC-2015-866110,1/20/2015,1/26/2015,Standard Class,LJ-30374,Liam Jackson,Clinic,United States,Memphis,Tennessee,38101,South,MS-WC-10000001,Medical Supplies,Wound Care,Medline Bordered Gauze Island Dressing 4x4in,23.38,2,0,-3.8232
993,HC-2017-815104,3/5/2017,3/6/2017,Same Day,NW-47196,Noah Williams,Clinic,United States,Las Vegas,Nevada,89101,West,DE-MD-10000021,Diagnostic Equipment,Monitoring Devices,Nonin Onyx Vantage 9590 Finger Pulse Oximeter,226.071,1,0.1,82.1581
994,HC-2016-291093,4/23/2016,4/25/2016,First Class,LM-30032,Lisa Miller,Home Care,United States,New York,New York,10001,East,DE-IS-10000034,Diagnostic Equipment,Imaging Supplies,Carestream Health X-Omat Developer Solution,103.189,1,0.05,-10.3842
995,HC-2015-133544,6/11/2015,6/17/2015,Standard Class,CJ-29410,Charles Jackson,Health System,United States,Omaha,Nebraska,68101,Central,DE-IS-10000030,Diagnostic Equipment,Imaging Supplies,Covidien Kendall Ultrasound Gel 8.5oz,1730.088,8,0.1,645.3176
996,HC-2018-401828,12/21/2018,12/26/2018,Standard Class,PL-66959,Patricia Lee,Health System,United States,Boston,Massachusetts,2101,East,P-V&-10000051,Pharmaceutical,Vitamins & Supplements,Centrum Silver Multivitamin Adults 50+ 250ct,506.792,13,0.2,-23.2387
997,HC-2015-167538,8/31/2015,9/5/2015,Standard Class,JT-91416,James Thomas,Clinic,United States,Albuquerque,New Mexico,87101,West,MS-S&-10000014,Medical Supplies,Syringes & Needles,BD Eclipse Safety Needle 25G 1in,88.8,4,0.2,-13.1795
998,HC-2018-506766,1/22/2018,1/28/2018,Standard Class,SW-63964,Sophia Walker,Health System,United States,Richmond,Virginia,23218,East,MS-WC-10000000,Medical Supplies,Wound Care,3M Tegaderm Transparent Film Dressing 4x4.75in,147.712,8,0.2,54.3749
999,HC-2018-916100,8/12/2018,8/16/2018,Standard Class,MP-91070,Mason Perez,Clinic,United States,Salt Lake City,Utah,84101,West,P-OM-10000043,Pharmaceutical,OTC Medications,Pepcid AC Maximum Strength 20mg 50ct,294.42,12,0.3,42.1507
1000,HC-2018-102914,9/18/2018,9/20/2018,First Class,LT-87236,Linda Thomas,Home Care,United States,Richmond,Virginia,23218,East,DE-LS-10000038,Diagnostic Equipment,Lab Supplies,Globe Scientific Disposable Transfer Pipettes 3mL,496.678,14,0.35,124.8823
1001,HC-2015-510164,1/17/2015,1/21/2015,Standard Class,TW-23947,Thomas Walker,Health System,United States,San Francisco,California,94101,West,MS-S&-10000010,Medical Supplies,Syringes & Needles,BD 3mL Luer-Lok Syringe with 21G Needle,82.4,5,0,24.4252
1002,HC-2018-699070,12/9/2018,12/12/2018,Second Class,RW-22676,Robert Wilson,Health System,United States,Seattle,Washington,98101,West,MS-B&-10000015,Medical Supplies,Bandages & Tape,3M Micropore Surgical Tape 1in x 10yd,9.184,1,0.2,-1.8342
1003,HC-2017-746202,11/11/2017,11/13/2017,Second Class,LM-30032,Lisa Miller,Health System,United States,Salt Lake City,Utah,84101,West,MS-S&-10000012,Medical Supplies,Syringes & Needles,Nipro 5mL Luer Slip Disposable Syringe,231.52,8,0,-45.9587
1004,HC-2018-275622,1/17/2018,1/19/2018,First Class,WH-89276,William Hernandez,Clinic,United States,Birmingham,Alabama,35201,South,DE-MD-10000021,Diagnostic Equipment,Monitoring Devices,Nonin Onyx Vantage 9590 Finger Pulse Oximeter,3108.744,4,0.1,1101.1398
1005,HC-2015-125862,1/18/2015,1/22/2015,Second Class,SW-41979,Sarah Wilson,Health System,United States,Seattle,Washington,98101,West,P-V&-10000051,Pharmaceutical,Vitamins & Supplements,Centrum Silver Multivitamin Adults 50+ 250ct,51.52,8,0.2,7.9418
1006,HC-2018-170805,2/1/2018,2/4/2018,Second Class,NP-58944,Noah Perez,Clinic,United States,Columbus,Ohio,43004,East,DE-MD-10000024,Diagnostic Equipment,Monitoring Devices,A&D Medical UA-767FAM Multi-User BP Monitor,3627.648,8,0.2,801.1849
1007,HC-2018-677347,3/4/2018,3/6/2018,Second Class,JJ-70515,Jessica Jones,Health System,United States,Albuquerque,New Mexico,87101,West,MS-S&-10000014,Medical Supplies,Syringes & Needles,BD Eclipse Safety Needle 25G 1in,256.392,12,0.1,54.7386
1008,HC-2017-170431,2/20/2017,2/22/2017,Second Class,KT-28373,Karen Thomas,Clinic,United States,Cincinnati,Ohio,45201,Central,P-IS-10000049,Pharmaceutical,IV Solutions,Fresenius Kabi Sterile Water for Injection 1000mL,514.17,9,0.5,-51.4883
1009,HC-2018-744918,9/8/2018,9/15/2018,Standard Class,LM-34931,Linda Miller,Health System,United States,Houston,Texas,77001,South,DE-TK-10000026,Diagnostic Equipment,Testing Kits,Roche Accu-Chek Guide Blood Glucose Meter Kit,137.91,3,0,37.2898
1010,HC-2017-871457,12/10/2017,12/14/2017,Second Class,JH-44522,James Harris,Clinic,United States,Baltimore,Maryland,21201,East,P-V&-10000050,Pharmaceutical,Vitamins & Supplements,Nature's Bounty Vitamin D3 2000IU 240 Softgels,117.568,11,0.2,10.112
1011,HC-2017-627788,10/16/2017,10/17/2017,Same Day,TW-23947,Thomas Walker,Health System,United States,Denver,Colorado,80201,West,MS-B&-10000017,Medical Supplies,Bandages & Tape,Covidien Curity Gauze Bandage Roll 4in,158.27,7,0,41.0196
1012,HC-2015-200614,4/28/2015,5/5/2015,Standard Class,AR-31465,Ava Ramirez,Health System,United States,Portland,Oregon,97201,West,P-V&-10000051,Pharmaceutical,Vitamins & Supplements,Centrum Silver Multivitamin Adults 50+ 250ct,21.664,2,0.2,-1.7513
1013,HC-2015-710313,7/3/2015,7/5/2015,First Class,NT-82063,Noah Taylor,Health System,United States,Sacramento,California,95814,West,P-V&-10000051,Pharmaceutical,Vitamins & Supplements,Centrum Silver Multivitamin Adults 50+ 250ct,118.391,13,0.3,-5.8413
1014,HC-2016-610497,7/19/2016,7/24/2016,Standard Class,JL-62743,Jessica Lopez,Home Care,United States,Baltimore,Maryland,21201,East,MS-WC-10000002,Medical Supplies,Wound Care,Dynarex Non-Adherent Sterile Dressing Pads 3x4in,89.778,6,0.35,-9.4639
1015,HC-2015-417924,3/25/2015,3/29/2015,Standard Class,JG-56566,Jennifer Gonzalez,Health System,United States,Buffalo,New York,14201,East,P-IS-10000047,Pharmaceutical,IV Solutions,B. Braun Lactated Ringer's Injection 1000mL,27.5275,1,0.45,2.7774
1016,HC-2018-275400,11/3/2018,11/11/2018,Standard Class,LS-96511,Linda Smith,Health System,United States,Los Angeles,California,90001,West,DE-TK-10000026,Diagnostic Equipment,Testing Kits,Roche Accu-Chek Guide Blood Glucose Meter Kit,1093.47,7,0,335.4416
1017,HC-2015-829207,7/1/2015,7/4/2015,Second Class,JL-54236,Joseph Lopez,Home Care,United States,Richmond,Virginia,23218,East,DE-IS-10000031,Diagnostic Equipment,Imaging Supplies,Parker Aquasonic 100 Ultrasound Transmission Gel,306.0135,9,0.35,98.7345
1018,HC-2017-960525,12/29/2017,12/30/2017,Same Day,WH-89276,William Hernandez,Clinic,United States,Kansas City,Missouri,64101,Central,P-OM-10000044,Pharmaceutical,OTC Medications,Zyrtec Allergy 10mg Cetirizine Tablets 70ct,161.868,7,0.4,12.3233
1019,HC-2018-948210,9/27/2018,10/2/2018,Standard Class,SL-55082,Susan Lewis,Home Care,United States,Miami,Florida,33101,South,P-OM-10000040,Pharmaceutical,OTC Medications,Tylenol Extra Strength Acetaminophen 500mg 100ct,97.51,14,0.5,-4.6325
1020,HC-2015-807935,2/27/2015,3/6/2015,Standard Class,SS-80702,Sarah Smith,Home Care,United States,Buffalo,New York,14201,East,DE-LS-10000037,Diagnostic Equipment,Lab Supplies,Corning 50mL Polypropylene Centrifuge Tubes 25pk,517.5975,7,0.25,187.5883
1021,HC-2018-512119,7/25/2018,7/28/2018,Second Class,CM-51467,Charles Moore,Home Care,United States,Salt Lake City,Utah,84101,West,DE-LS-10000035,Diagnostic Equipment,Lab Supplies,Thermo Scientific Nunc CryoTube Vials 1.8mL 100pk,286.1875,5,0.05,67.4875
1022,HC-2016-632724,8/7/2016,8/15/2016,Standard Class,PR-27601,Patricia Robinson,Home Care,United States,Sacramento,California,95814,West,MS-S&-10000011,Medical Supplies,Syringes & Needles,Covidien Monoject 1mL Insulin Syringe 28G,228.095,10,0.05,55.7964
1023,HC-2018-243349,3/25/2018,3/30/2018,Standard Class,LM-61876,Linda Martinez,Health System,United States,Miami,Florida,33101,South,MS-S&-10000014,Medical Supplies,Syringes & Needles,BD Eclipse Safety Needle 25G 1in,148.4,5,0,38.133
1024,HC-2018-323861,4/10/2018,4/17/2018,Standard Class,LJ-30374,Liam Jackson,Clinic,United States,Pittsburgh,Pennsylvania,15201,East,P-OM-10000043,Pharmaceutical,OTC Medications,Pepcid AC Maximum Strength 20mg 50ct,84.326,4,0.45,6.6939
1025,HC-2015-226088,3/3/2015,3/10/2015,Standard Class,MS-88504,Mia Smith,Home Care,United States,Milwaukee,Wisconsin,53201,Central,MS-S&-10000014,Medical Supplies,Syringes & Needles,BD Eclipse Safety Needle 25G 1in,123.7005,9,0.15,30.1417
1026,HC-2018-150970,9/9/2018,9/11/2018,First Class,WT-20155,William Thomas,Health System,United States,Pittsburgh,Pennsylvania,15201,East,MS-B&-10000016,Medical Supplies,Bandages & Tape,Johnson & Johnson Elastikon Elastic Bandage 3in,36.75,3,0.3,11.3786
1027,HC-2018-550861,11/17/2018,11/22/2018,Standard Class,PM-38569,Patricia Martin,Clinic,United States,Cincinnati,Ohio,45201,Central,DE-IS-10000033,Diagnostic Equipment,Imaging Supplies,3M Scotchcast Plus Fiberglass Casting Tape 2in,514.296,8,0.1,124.6114
1028,HC-2018-607348,1/4/2018,1/5/2018,Same Day,EM-20322,Ethan Martin,Health System,United States,New York,New York,10001,East,P-OM-10000041,Pharmaceutical,OTC Medications,Ibuprofen USP 200mg Tablets 500ct Bulk,21.9285,3,0.45,2.9852
1029,HC-2015-900130,9/3/2015,9/11/2015,Standard Class,JG-46509,Jessica Garcia,Clinic,United States,Boston,Massachusetts,2101,East,DE-MD-10000023,Diagnostic Equipment,Monitoring Devices,Omron HEM-7320 Upper Arm Blood Pressure Monitor,894.89,1,0,-87.4575
1030,HC-2018-703574,6/28/2018,7/3/2018,Standard Class,EJ-53309,Ethan Johnson,Clinic,United States,Chicago,Illinois,60601,Central,P-V&-10000053,Pharmaceutical,Vitamins & Supplements,Mason Natural Zinc 50mg Tablets 100ct,122.79,6,0.5,-7.2612
1031,HC-2016-101493,4/25/2016,4/30/2016,Second Class,JB-42493,Joseph Brown,Home Care,United States,Baltimore,Maryland,21201,East,DE-IS-10000033,Diagnostic Equipment,Imaging Supplies,3M Scotchcast Plus Fiberglass Casting Tape 2in,1656.746,14,0.35,640.033
1032,HC-2016-151332,4/6/2016,4/14/2016,Standard Class,JJ-44718,Joseph Jones,Clinic,United States,Los Angeles,California,90001,West,P-IS-10000045,Pharmaceutical,IV Solutions,Baxter 0.9% Sodium Chloride Injection 1000mL,273.9275,7,0.45,41.7544
1033,HC-2016-333057,2/14/2016,2/19/2016,Second Class,RL-37742,Richard Lopez,Health System,United States,Dallas,Texas,75201,South,P-V&-10000054,Pharmaceutical,Vitamins & Supplements,Nature Made Fish Oil 1200mg 200 Softgels,82.92,3,0.2,-5.8135
1034,HC-2018-564116,7/14/2018,7/22/2018,Standard Class,JL-27146,James Lopez,Clinic,United States,St. Louis,Missouri,63101,Central,DE-TK-10000026,Diagnostic Equipment,Testing Kits,Roche Accu-Chek Guide Blood Glucose Meter Kit,161.056,4,0.3,67.0789
1035,HC-2018-261777,12/29/2018,1/4/2019,Standard Class,MG-39389,Mary Gonzalez,Clinic,United States,Milwaukee,Wisconsin,53201,Central,P-V&-10000051,Pharmaceutical,Vitamins & Supplements,Centrum Silver Multivitamin Adults 50+ 250ct,65.1,6,0.3,-3.8675
1036,HC-2016-169907,11/22/2016,11/27/2016,Standard Class,MJ-85914,Michael Johnson,Home Care,United States,Cincinnati,Ohio,45201,Central,P-OM-10000044,Pharmaceutical,OTC Medications,Zyrtec Allergy 10mg Cetirizine Tablets 70ct,44.695,7,0.5,-3.8371
1037,HC-2018-330426,10/2/2018,10/4/2018,First Class,JW-45382,Joseph Wilson,Health System,United States,Richmond,Virginia,23218,East,DE-TK-10000028,Diagnostic Equipment,Testing Kits,BD Veritor System Flu A+B Analyzer,803.061,9,0.3,-89.0963
1038,HC-2017-756627,3/1/2017,3/5/2017,Standard Class,JB-42493,Joseph Brown,Clinic,United States,Las Vegas,Nevada,89101,West,P-OM-10000042,Pharmaceutical,OTC Medications,Bayer Aspirin 325mg Enteric Coated 300ct,137.472,12,0.2,8.2585
1039,HC-2016-572760,11/6/2016,11/8/2016,Second Class,RP-65518,Robert Perez,Home Care,United States,Columbus,Ohio,43004,East,P-IS-10000047,Pharmaceutical,IV Solutions,B. Braun Lactated Ringer's Injection 1000mL,75.3675,1,0.25,11.7164
1040,HC-2016-256941,6/3/2016,6/4/2016,Same Day,RR-94259,Richard Robinson,Health System,United States,Hartford,Connecticut,6101,East,DE-MD-10000021,Diagnostic Equipment,Monitoring Devices,Nonin Onyx Vantage 9590 Finger Pulse Oximeter,5884.632,13,0.2,-1080.4159
1041,HC-2017-272987,4/6/2017,4/13/2017,Standard Class,MP-83000,Mia Perez,Clinic,United States,Louisville,Kentucky,40201,South,DE-LS-10000038,Diagnostic Equipment,Lab Supplies,Globe Scientific Disposable Transfer Pipettes 3mL,408.616,13,0.2,170.4002
1042,HC-2015-751834,9/28/2015,10/5/2015,Standard Class,JT-13804,Jessica Taylor,Home Care,United States,Omaha,Nebraska,68101,Central,DE-LS-10000037,Diagnostic Equipment,Lab Supplies,Corning 50mL Polypropylene Centrifuge Tubes 25pk,373.1585,11,0.15,-91.3808
1043,HC-2018-804762,12/1/2018,12/3/2018,Second Class,JA-53369,Jessica Anderson,Health System,United States,Denver,Colorado,80201,West,P-V&-10000052,Pharmaceutical,Vitamins & Supplements,Garden of Life Vitamin C Organic 60 Capsules,25.008,2,0.2,-1.0595
1044,HC-2015-771176,5/22/2015,5/26/2015,Second Class,SS-80702,Sarah Smith,Home Care,United States,Pittsburgh,Pennsylvania,15201,East,DE-IS-10000033,Diagnostic Equipment,Imaging Supplies,3M Scotchcast Plus Fiberglass Casting Tape 2in,29.944,1,0.05,-4.4567
1045,HC-2017-424544,8/8/2017,8/15/2017,Standard Class,MS-40784,Mason Sanchez,Health System,United States,Sacramento,California,95814,West,MS-B&-10000016,Medical Supplies,Bandages & Tape,Johnson & Johnson Elastikon Elastic Bandage 3in,65.34,6,0.1,20.7863
1046,HC-2015-385631,3/9/2015,3/13/2015,Second Class,NR-80282,Noah Ramirez,Clinic,United States,Los Angeles,California,90001,West,P-IS-10000049,Pharmaceutical,IV Solutions,Fresenius Kabi Sterile Water for Injection 1000mL,247.36,8,0.2,-9.5414
1047,HC-2018-853942,8/24/2018,8/29/2018,Standard Class,JP-10726,John Perez,Clinic,United States,Los Angeles,California,90001,West,MS-G&-10000007,Medical Supplies,Gloves & PPE,Medline SensiCare Ice Blue Nitrile Gloves Small,85.872,3,0.2,-7.2895
1048,HC-2018-981323,10/13/2018,10/15/2018,Second Class,WS-65255,William Sanchez,Clinic,United States,Newark,New Jersey,7101,East,P-IS-10000049,Pharmaceutical,IV Solutions,Fresenius Kabi Sterile Water for Injection 1000mL,148.375,5,0.5,15.8021
1049,HC-2016-741714,11/7/2016,11/9/2016,First Class,PR-27601,Patricia Robinson,Clinic,United States,Las Vegas,Nevada,89101,West,MS-B&-10000019,Medical Supplies,Bandages & Tape,Dukal Elastic Stretch Bandage 6in,234.9,10,0,77.6571
1050,HC-2016-895943,6/13/2016,6/21/2016,Standard Class,IR-64921,Isabella Robinson,Health System,United States,St. Louis,Missouri,63101,Central,P-V&-10000054,Pharmaceutical,Vitamins & Supplements,Nature Made Fish Oil 1200mg 200 Softgels,30.4,4,0.5,-1.1268
1051,HC-2017-567185,12/5/2017,12/6/2017,Same Day,LM-12671,Linda Miller,Home Care,United States,Houston,Texas,77001,South,MS-WC-10000001,Medical Supplies,Wound Care,Medline Bordered Gauze Island Dressing 4x4in,63.752,8,0.35,12.0281
1052,HC-2017-139103,11/28/2017,12/3/2017,Second Class,JH-44522,James Harris,Health System,United States,Sacramento,California,95814,West,MS-WC-10000000,Medical Supplies,Wound Care,3M Tegaderm Transparent Film Dressing 4x4.75in,172.53,10,0.1,-24.1301
1053,HC-2015-313951,5/12/2015,5/16/2015,Standard Class,KL-11504,Karen Lewis,Health System,United States,Charlotte,North Carolina,28201,South,P-IS-10000047,Pharmaceutical,IV Solutions,B. Braun Lactated Ringer's Injection 1000mL,815.045,14,0.45,-46.2643
1054,HC-2016-701530,1/25/2016,1/29/2016,Standard Class,LR-14207,Linda Ramirez,Home Care,United States,San Francisco,California,94101,West,P-OM-10000040,Pharmaceutical,OTC Medications,Tylenol Extra Strength Acetaminophen 500mg 100ct,89.895,6,0.35,6.7053
1055,HC-2017-292484,3/23/2017,3/26/2017,Second Class,JR-81200,Joseph Ramirez,Home Care,United States,Los Angeles,California,90001,West,MS-B&-10000016,Medical Supplies,Bandages & Tape,Johnson & Johnson Elastikon Elastic Bandage 3in,268.926,12,0.05,50.2077
1056,HC-2016-795505,2/4/2016,2/8/2016,Second Class,SM-62565,Sarah Miller,Health System,United States,Dallas,Texas,75201,South,DE-LS-10000039,Diagnostic Equipment,Lab Supplies,Fisherbrand Microcentrifuge Tubes 1.5mL 500pk,714.945,11,0.3,-150.8276
1057,HC-2015-152557,2/27/2015,3/4/2015,Standard Class,LL-25012,Lisa Lee,Health System,United States,Pittsburgh,Pennsylvania,15201,East,MS-WC-10000003,Medical Supplies,Wound Care,Smith & Nephew ALLEVYN Gentle Border Foam Dressing,121.05,5,0,33.0664
1058,HC-2015-269855,3/18/2015,3/20/2015,First Class,IL-65461,Isabella Lee,Home Care,United States,Charlotte,North Carolina,28201,South,P-V&-10000052,Pharmaceutical,Vitamins & Supplements,Garden of Life Vitamin C Organic 60 Capsules,77.19,6,0.5,11.4016
1059,HC-2016-446228,2/12/2016,2/20/2016,Standard Class,MP-76540,Mason Perez,Health System,United States,New York,New York,10001,East,DE-MD-10000021,Diagnostic Equipment,Monitoring Devices,Nonin Onyx Vantage 9590 Finger Pulse Oximeter,279.44,1,0,62.7045
1060,HC-2016-558793,6/3/2016,6/10/2016,Standard Class,MS-22280,Mary Smith,Home Care,United States,Richmond,Virginia,23218,East,DE-TK-10000028,Diagnostic Equipment,Testing Kits,BD Veritor System Flu A+B Analyzer,466.05,6,0.35,178.3882
1061,HC-2015-683143,4/27/2015,5/1/2015,Standard Class,AG-31992,Ava Gonzalez,Home Care,United States,Atlanta,Georgia,30301,South,DE-LS-10000036,Diagnostic Equipment,Lab Supplies,BD Vacutainer EDTA Blood Collection Tubes 10mL,150.746,4,0.05,54.7732
1062,HC-2015-271344,4/6/2015,4/8/2015,Second Class,IL-65461,Isabella Lee,Health System,United States,New York,New York,10001,East,P-OM-10000042,Pharmaceutical,OTC Medications,Bayer Aspirin 325mg Enteric Coated 300ct,41.613,6,0.45,-2.5944
1063,HC-2018-534026,1/24/2018,1/31/2018,Standard Class,NL-40828,Noah Lewis,Health System,United States,Hartford,Connecticut,6101,East,MS-G&-10000007,Medical Supplies,Gloves & PPE,Medline SensiCare Ice Blue Nitrile Gloves Small,73.92,6,0.2,-12.7878
1064,HC-2017-727884,6/21/2017,6/27/2017,Standard Class,IM-76244,Isabella Martinez,Health System,United States,Seattle,Washington,98101,West,MS-S&-10000013,Medical Supplies,Syringes & Needles,Terumo 10mL Hypodermic Syringe with Needle,133.74,9,0,-25.8805
1065,HC-2017-225017,9/21/2017,9/23/2017,Second Class,CM-19116,Charles Miller,Health System,United States,Dallas,Texas,75201,South,P-IS-10000049,Pharmaceutical,IV Solutions,Fresenius Kabi Sterile Water for Injection 1000mL,145.2,12,0.5,-10.6168
1066,HC-2017-828178,9/19/2017,9/22/2017,Second Class,MM-72493,Mary Martin,Clinic,United States,Dallas,Texas,75201,South,DE-TK-10000029,Diagnostic Equipment,Testing Kits,McKesson Blood Glucose Test Strips 100ct,966.42,13,0,308.0931
1067,HC-2015-122506,12/26/2015,1/1/2016,Standard Class,IL-65461,Isabella Lee,Clinic,United States,Louisville,Kentucky,40201,South,DE-IS-10000031,Diagnostic Equipment,Imaging Supplies,Parker Aquasonic 100 Ultrasound Transmission Gel,432.32,7,0,127.6973
1068,HC-2015-419535,1/4/2015,1/6/2015,First Class,EJ-64987,Emma Jackson,Home Care,United States,Salt Lake City,Utah,84101,West,P-V&-10000053,Pharmaceutical,Vitamins & Supplements,Mason Natural Zinc 50mg Tablets 100ct,220.2,10,0.25,18.7666
1069,HC-2015-298670,12/7/2015,12/15/2015,Standard Class,MW-54942,Michael White,Clinic,United States,Boston,Massachusetts,2101,East,P-IS-10000048,Pharmaceutical,IV Solutions,ICU Medical Normal Saline 250mL IV Bag,301.884,12,0.45,31.8572
1070,HC-2017-694792,4/28/2017,5/3/2017,Second Class,EA-13248,Ethan Anderson,Health System,United States,Phoenix,Arizona,85001,West,MS-WC-10000003,Medical Supplies,Wound Care,Smith & Nephew ALLEVYN Gentle Border Foam Dressing,76.86,7,0,22.1778
1071,HC-2018-328973,5/23/2018,5/28/2018,Standard Class,RT-53279,Robert Thompson,Health System,United States,Boston,Massachusetts,2101,East,MS-G&-10000009,Medical Supplies,Gloves & PPE,Dynarex SafeTouch Latex-Free Vinyl Gloves Medium,349.544,13,0.2,-44.7733
1072,HC-2016-144821,4/21/2016,4/28/2016,Standard Class,LM-38864,Linda Martin,Clinic,United States,Birmingham,Alabama,35201,South,DE-LS-10000035,Diagnostic Equipment,Lab Supplies,Thermo Scientific Nunc CryoTube Vials 1.8mL 100pk,200.8,5,0.2,-38.8999
1073,HC-2016-660393,11/26/2016,11/28/2016,Second Class,LJ-41266,Lisa Jones,Health System,United States,New York,New York,10001,East,MS-G&-10000005,Medical Supplies,Gloves & PPE,Ansell TouchNTuff Nitrile Disposable Gloves Medium,135.38,2,0,47.3966
1074,HC-2015-261117,12/21/2015,12/29/2015,Standard Class,NC-62994,Noah Clark,Clinic,United States,Boston,Massachusetts,2101,East,DE-LS-10000039,Diagnostic Equipment,Lab Supplies,Fisherbrand Microcentrifuge Tubes 1.5mL 500pk,472.15,7,0,188.2584
1075,HC-2018-144648,4/8/2018,4/15/2018,Standard Class,OB-13278,Olivia Brown,Clinic,United States,Las Vegas,Nevada,89101,West,DE-TK-10000029,Diagnostic Equipment,Testing Kits,McKesson Blood Glucose Test Strips 100ct,1215.72,8,0.1,-169.061
1076,HC-2017-724734,12/2/2017,12/9/2017,Standard Class,NR-80381,Noah Robinson,Clinic,United States,San Francisco,California,94101,West,DE-TK-10000026,Diagnostic Equipment,Testing Kits,Roche Accu-Chek Guide Blood Glucose Meter Kit,212.73,3,0,-29.1102
1077,HC-2015-657734,10/24/2015,10/26/2015,Second Class,TW-79615,Thomas Walker,Health System,United States,New York,New York,10001,East,MS-WC-10000002,Medical Supplies,Wound Care,Dynarex Non-Adherent Sterile Dressing Pads 3x4in,252.792,9,0.2,84.5582
1078,HC-2017-542759,12/14/2017,12/17/2017,Second Class,BH-37549,Barbara Hernandez,Health System,United States,New York,New York,10001,East,DE-MD-10000021,Diagnostic Equipment,Monitoring Devices,Nonin Onyx Vantage 9590 Finger Pulse Oximeter,670.86,1,0,194.259
1079,HC-2015-442504,11/27/2015,12/2/2015,Second Class,EL-57400,Ethan Lewis,Health System,United States,Chicago,Illinois,60601,Central,MS-S&-10000011,Medical Supplies,Syringes & Needles,Covidien Monoject 1mL Insulin Syringe 28G,76.048,4,0.3,24.4842
1080,HC-2018-962595,6/15/2018,6/19/2018,Standard Class,IL-65461,Isabella Lee,Clinic,United States,Albuquerque,New Mexico,87101,West,DE-LS-10000036,Diagnostic Equipment,Lab Supplies,BD Vacutainer EDTA Blood Collection Tubes 10mL,220.647,3,0.3,73.0699
1081,HC-2017-630221,10/24/2017,10/29/2017,Standard Class,WW-37653,William Williams,Home Care,United States,Buffalo,New York,14201,East,DE-MD-10000024,Diagnostic Equipment,Monitoring Devices,A&D Medical UA-767FAM Multi-User BP Monitor,7031.921,13,0.35,2627.0745
1082,HC-2017-929530,3/25/2017,3/29/2017,Second Class,EJ-20561,Ethan Jackson,Health System,United States,Dallas,Texas,75201,South,MS-G&-10000006,Medical Supplies,Gloves & PPE,Kimberly-Clark Purple Nitrile Exam Gloves Large,182.25,3,0,-34.4021
1083,HC-2016-616956,4/3/2016,4/5/2016,Second Class,LL-68008,Lisa Lopez,Health System,United States,Los Angeles,California,90001,West,DE-MD-10000020,Diagnostic Equipment,Monitoring Devices,Welch Allyn Connex Spot Monitor with SpO2,3955.952,11,0.2,-697.941
1084,HC-2015-736169,12/9/2015,12/11/2015,First Class,ES-23970,Ethan Sanchez,Clinic,United States,Dallas,Texas,75201,South,DE-LS-10000035,Diagnostic Equipment,Lab Supplies,Thermo Scientific Nunc CryoTube Vials 1.8mL 100pk,456.264,9,0.2,-66.2862
1085,HC-2017-850980,12/28/2017,1/3/2018,Standard Class,MW-95181,Michael White,Clinic,United States,Philadelphia,Pennsylvania,19101,East,P-OM-10000043,Pharmaceutical,OTC Medications,Pepcid AC Maximum Strength 20mg 50ct,190.344,12,0.45,22.7276
1086,HC-2015-758793,10/11/2015,10/14/2015,Second Class,JC-86019,Jessica Clark,Health System,United States,Sacramento,California,95814,West,P-OM-10000043,Pharmaceutical,OTC Medications,Pepcid AC Maximum Strength 20mg 50ct,77.4015,3,0.45,4.0962
1087,HC-2018-122642,6/18/2018,6/22/2018,Standard Class,JR-81810,Jessica Ramirez,Clinic,United States,Columbus,Ohio,43004,East,P-OM-10000044,Pharmaceutical,OTC Medications,Zyrtec Allergy 10mg Cetirizine Tablets 70ct,196.36,8,0.5,27.169
1088,HC-2018-988122,2/19/2018,2/26/2018,Standard Class,EJ-20561,Ethan Jackson,Health System,United States,Louisville,Kentucky,40201,South,DE-MD-10000023,Diagnostic Equipment,Monitoring Devices,Omron HEM-7320 Upper Arm Blood Pressure Monitor,1681.365,5,0.3,524.0262
1089,HC-2016-404103,2/27/2016,3/5/2016,Standard Class,LM-87924,Linda Martin,Clinic,United States,Sacramento,California,95814,West,DE-MD-10000024,Diagnostic Equipment,Monitoring Devices,A&D Medical UA-767FAM Multi-User BP Monitor,2200.0,11,0.2,838.7296
1090,HC-2015-118956,3/6/2015,3/11/2015,Second Class,MT-44993,Michael Thompson,Clinic,United States,Las Vegas,Nevada,89101,West,P-OM-10000042,Pharmaceutical,OTC Medications,Bayer Aspirin 325mg Enteric Coated 300ct,101.0075,5,0.45,6.4209
1091,HC-2015-677833,1/2/2015,1/6/2015,Standard Class,LG-71261,Liam Garcia,Clinic,United States,Las Vegas,Nevada,89101,West,MS-B&-10000017,Medical Supplies,Bandages & Tape,Covidien Curity Gauze Bandage Roll 4in,258.0,12,0,-29.9968
1092,HC-2016-812672,4/29/2016,4/30/2016,Same Day,EL-57400,Ethan Lewis,Health System,United States,Chicago,Illinois,60601,Central,DE-LS-10000038,Diagnostic Equipment,Lab Supplies,Globe Scientific Disposable Transfer Pipettes 3mL,215.796,14,0.4,-73.217
1093,HC-2017-552977,1/2/2017,1/6/2017,Second Class,SH-30676,Susan Hernandez,Home Care,United States,Memphis,Tennessee,38101,South,DE-MD-10000024,Diagnostic Equipment,Monitoring Devices,A&D Medical UA-767FAM Multi-User BP Monitor,8136.294,12,0.05,-1712.1637
1094,HC-2017-149917,8/24/2017,8/26/2017,First Class,DB-48469,David Brown,Health System,United States,Miami,Florida,33101,South,MS-S&-10000012,Medical Supplies,Syringes & Needles,Nipro 5mL Luer Slip Disposable Syringe,62.9,5,0,18.8883
1095,HC-2017-272841,3/16/2017,3/24/2017,Standard Class,SH-39831,Susan Hernandez,Home Care,United States,St. Louis,Missouri,63101,Central,DE-MD-10000023,Diagnostic Equipment,Monitoring Devices,Omron HEM-7320 Upper Arm Blood Pressure Monitor,2547.909,13,0.15,620.074
1096,HC-2015-447902,10/8/2015,10/13/2015,Standard Class,RM-65302,Robert Martin,Health System,United States,Kansas City,Missouri,64101,Central,MS-G&-10000007,Medical Supplies,Gloves & PPE,Medline SensiCare Ice Blue Nitrile Gloves Small,37.701,1,0.1,-4.2192
1097,HC-2016-201071,9/13/2016,9/19/2016,Standard Class,NP-58944,Noah Perez,Health System,United States,Columbus,Ohio,43004,East,MS-G&-10000007,Medical Supplies,Gloves & PPE,Medline SensiCare Ice Blue Nitrile Gloves Small,173.88,14,0,65.012
1098,HC-2016-195844,11/13/2016,11/16/2016,Second Class,MD-18834,Mary Davis,Health System,United States,Miami,Florida,33101,South,MS-B&-10000016,Medical Supplies,Bandages & Tape,Johnson & Johnson Elastikon Elastic Bandage 3in,257.29,11,0,-31.5604
1099,HC-2017-681061,10/10/2017,10/18/2017,Standard Class,RP-65518,Robert Perez,Clinic,United States,Portland,Oregon,97201,West,DE-TK-10000026,Diagnostic Equipment,Testing Kits,Roche Accu-Chek Guide Blood Glucose Meter Kit,577.95,5,0,205.8968
1100,HC-2016-452309,10/2/2016,10/6/2016,Second Class,RM-69429,Richard Martinez,Health System,United States,Seattle,Washington,98101,West,MS-WC-10000002,Medical Supplies,Wound Care,Dynarex Non-Adherent Sterile Dressing Pads 3x4in,38.84,2,0,10.4731
1101,HC-2017-217582,1/19/2017,1/25/2017,Standard Class,JR-81200,Joseph Ramirez,Clinic,United States,Albuquerque,New Mexico,87101,West,DE-MD-10000022,Diagnostic Equipment,Monitoring Devices,Masimo Rad-8 Pulse Oximeter Tabletop Unit,4811.94,12,0.3,-800.7
1102,HC-2016-333041,2/13/2016,2/15/2016,First Class,AL-23396,Ava Lopez,Clinic,United States,Salt Lake City,Utah,84101,West,MS-WC-10000004,Medical Supplies,Wound Care,Covidien Kendall Hydrogel Dressing 4x4in,22.484,2,0.3,7.5884
1103,HC-2016-171635,1/9/2016,1/14/2016,Second Class,AR-59692,Ava Robinson,Home Care,United States,Phoenix,Arizona,85001,West,DE-TK-10000028,Diagnostic Equipment,Testing Kits,BD Veritor System Flu A+B Analyzer,414.998,4,0.05,-68.9847
1104,HC-2017-443343,6/9/2017,6/14/2017,Standard Class,LL-24322,Liam Lopez,Health System,United States,Nashville,Tennessee,37201,South,P-OM-10000043,Pharmaceutical,OTC Medications,Pepcid AC Maximum Strength 20mg 50ct,526.344,13,0.2,-19.9585
1105,HC-2015-564197,8/8/2015,8/14/2015,Standard Class,NM-83259,Noah Moore,Clinic,United States,New Orleans,Louisiana,70112,South,P-IS-10000046,Pharmaceutical,IV Solutions,Hospira 5% Dextrose Injection USP 500mL,443.8,7,0.2,79.1303
1106,HC-2015-714294,10/7/2015,10/14/2015,Standard Class,JT-97747,John Taylor,Health System,United States,Charlotte,North Carolina,28201,South,MS-WC-10000000,Medical Supplies,Wound Care,3M Tegaderm Transparent Film Dressing 4x4.75in,78.24,10,0.2,19.408
1107,HC-2018-795804,3/28/2018,3/30/2018,First Class,MG-66531,Michael Gonzalez,Clinic,United States,Dallas,Texas,75201,South,P-IS-10000047,Pharmaceutical,IV Solutions,B. Braun Lactated Ringer's Injection 1000mL,129.57,5,0.3,-11.3267
1108,HC-2017-963906,11/24/2017,12/2/2017,Standard Class,IT-39154,Isabella Taylor,Clinic,United States,Phoenix,Arizona,85001,West,DE-IS-10000034,Diagnostic Equipment,Imaging Supplies,Carestream Health X-Omat Developer Solution,960.12,9,0,392.7751
1109,HC-2018-959834,4/28/2018,5/3/2018,Second Class,MP-83000,Mia Perez,Clinic,United States,Albuquerque,New Mexico,87101,West,MS-S&-10000014,Medical Supplies,Syringes & Needles,BD Eclipse Safety Needle 25G 1in,162.888,11,0.2,-23.551
1110,HC-2016-546120,11/3/2016,11/9/2016,Standard Class,IH-17100,Isabella Harris,Clinic,United States,Pittsburgh,Pennsylvania,15201,East,DE-TK-10000029,Diagnostic Equipment,Testing Kits,McKesson Blood Glucose Test Strips 100ct,1612.89,9,0,381.6098
1111,HC-2018-357699,7/31/2018,8/7/2018,Standard Class,PM-38569,Patricia Martin,Clinic,United States,Minneapolis,Minnesota,55401,Central,P-IS-10000049,Pharmaceutical,IV Solutions,Fresenius Kabi Sterile Water for Injection 1000mL,117.516,6,0.3,19.4343
1112,HC-2015-193774,4/7/2015,4/12/2015,Second Class,SH-39831,Susan Hernandez,Home Care,United States,Baltimore,Maryland,21201,East,P-V&-10000052,Pharmaceutical,Vitamins & Supplements,Garden of Life Vitamin C Organic 60 Capsules,265.0725,9,0.25,-15.7019
1113,HC-2015-227780,1/25/2015,1/30/2015,Standard Class,DB-48469,David Brown,Clinic,United States,New York,New York,10001,East,P-OM-10000044,Pharmaceutical,OTC Medications,Zyrtec Allergy 10mg Cetirizine Tablets 70ct,30.778,4,0.45,-1.225
1114,HC-2017-823605,8/29/2017,9/4/2017,Standard Class,JG-56566,Jennifer Gonzalez,Health System,United States,New Orleans,Louisiana,70112,South,P-IS-10000049,Pharmaceutical,IV Solutions,Fresenius Kabi Sterile Water for Injection 1000mL,698.32,14,0.5,46.0837
1115,HC-2016-620292,11/2/2016,11/5/2016,Second Class,SL-38906,Sophia Lee,Home Care,United States,Dallas,Texas,75201,South,MS-B&-10000018,Medical Supplies,Bandages & Tape,Medline Non-Sterile Rolled Gauze 2in x 4.1yd,52.744,8,0.05,11.7834
1116,HC-2017-757070,11/9/2017,11/14/2017,Standard Class,NH-81482,Noah Harris,Health System,United States,Sacramento,California,95814,West,DE-IS-10000033,Diagnostic Equipment,Imaging Supplies,3M Scotchcast Plus Fiberglass Casting Tape 2in,548.68,11,0,170.1306
1117,HC-2018-792085,3/9/2018,3/13/2018,Standard Class,RJ-48427,Robert Jackson,Health System,United States,Denver,Colorado,80201,West,MS-G&-10000008,Medical Supplies,Gloves & PPE,Cardinal Health Flexal Nitrile Exam Gloves XL,360.48,8,0,-75.9283
1118,HC-2018-186200,5/2/2018,5/9/2018,Standard Class,ES-85456,Emma Smith,Health System,United States,Miami,Florida,33101,South,DE-IS-10000032,Diagnostic Equipment,Imaging Supplies,Medline X-Ray Film Processing Chemical Kit,433.056,12,0.2,130.9742
1119,HC-2018-144935,11/27/2018,11/28/2018,Same Day,LM-87924,Linda Martin,Health System,United States,Las Vegas,Nevada,89101,West,DE-MD-10000020,Diagnostic Equipment,Monitoring Devices,Welch Allyn Connex Spot Monitor with SpO2,1924.92,9,0.2,-169.5812
1120,HC-2016-764545,3/14/2016,3/19/2016,Second Class,RB-84668,Richard Brown,Home Care,United States,Albuquerque,New Mexico,87101,West,DE-IS-10000033,Diagnostic Equipment,Imaging Supplies,3M Scotchcast Plus Fiberglass Casting Tape 2in,541.4175,13,0.25,144.008
1121,HC-2018-697339,3/24/2018,3/31/2018,Standard Class,LM-42098,Liam Martinez,Clinic,United States,Sacramento,California,95814,West,MS-G&-10000009,Medical Supplies,Gloves & PPE,Dynarex SafeTouch Latex-Free Vinyl Gloves Medium,678.86,14,0,-149.7688
1122,HC-2016-229274,12/19/2016,12/27/2016,Standard Class,JM-42406,Joseph Martinez,Health System,United States,Hartford,Connecticut,6101,East,DE-IS-10000031,Diagnostic Equipment,Imaging Supplies,Parker Aquasonic 100 Ultrasound Transmission Gel,169.932,7,0.3,-33.7035
1123,HC-2015-636838,3/13/2015,3/14/2015,Same Day,EA-13248,Ethan Anderson,Clinic,United States,Albuquerque,New Mexico,87101,West,MS-G&-10000006,Medical Supplies,Gloves & PPE,Kimberly-Clark Purple Nitrile Exam Gloves Large,462.384,13,0.1,124.7981
1124,HC-2015-124318,7/13/2015,7/15/2015,Second Class,JL-62743,Jessica Lopez,Health System,United States,Milwaukee,Wisconsin,53201,Central,MS-G&-10000008,Medical Supplies,Gloves & PPE,Cardinal Health Flexal Nitrile Exam Gloves XL,63.18,5,0.4,13.4808
1125,HC-2018-120636,6/5/2018,6/12/2018,Standard Class,OW-89840,Olivia Williams,Clinic,United States,Nashville,Tennessee,37201,South,MS-B&-10000019,Medical Supplies,Bandages & Tape,Dukal Elastic Stretch Bandage 6in,108.1,5,0,31.6739
1126,HC-2016-251202,7/8/2016,7/12/2016,Standard Class,DT-12552,David Taylor,Health System,United States,Columbus,Ohio,43004,East,DE-LS-10000035,Diagnostic Equipment,Lab Supplies,Thermo Scientific Nunc CryoTube Vials 1.8mL 100pk,736.128,12,0.2,-92.7327
1127,HC-2018-403680,3/22/2018,3/26/2018,Second Class,MD-18834,Mary Davis,Clinic,United States,Detroit,Michigan,48201,Central,MS-S&-10000011,Medical Supplies,Syringes & Needles,Covidien Monoject 1mL Insulin Syringe 28G,16.758,2,0.1,-2.8829
1128,HC-2016-518755,1/30/2016,2/6/2016,Standard Class,CM-96900,Charles Martin,Health System,United States,Memphis,Tennessee,38101,South,DE-TK-10000025,Diagnostic Equipment,Testing Kits,Abbott BinaxNOW COVID-19 Antigen Rapid Test 2-Pack,356.601,3,0.3,-48.5754
1129,HC-2016-711731,4/29/2016,5/1/2016,First Class,KS-61645,Karen Smith,Health System,United States,Baltimore,Maryland,21201,East,MS-WC-10000002,Medical Supplies,Wound Care,Dynarex Non-Adherent Sterile Dressing Pads 3x4in,252.0,10,0,46.8733
1130,HC-2017-298712,10/10/2017,10/14/2017,Standard Class,RR-94259,Richard Robinson,Clinic,United States,Baltimore,Maryland,21201,East,MS-B&-10000016,Medical Supplies,Bandages & Tape,Johnson & Johnson Elastikon Elastic Bandage 3in,14.74,2,0,-1.6987
1131,HC-2018-431573,3/5/2018,3/12/2018,Standard Class,TW-79615,Thomas Walker,Health System,United States,Phoenix,Arizona,85001,West,P-IS-10000048,Pharmaceutical,IV Solutions,ICU Medical Normal Saline 250mL IV Bag,436.612,8,0.45,31.3199
1132,HC-2017-292588,7/20/2017,7/22/2017,Second Class,IP-49117,Isabella Perez,Health System,United States,Pittsburgh,Pennsylvania,15201,East,DE-TK-10000025,Diagnostic Equipment,Testing Kits,Abbott BinaxNOW COVID-19 Antigen Rapid Test 2-Pack,125.43,1,0,36.1821
1133,HC-2018-289052,4/18/2018,4/20/2018,Second Class,JJ-83060,Joseph Johnson,Clinic,United States,Memphis,Tennessee,38101,South,DE-MD-10000021,Diagnostic Equipment,Monitoring Devices,Nonin Onyx Vantage 9590 Finger Pulse Oximeter,3617.768,7,0.2,1248.4989
1134,HC-2015-125277,7/13/2015,7/18/2015,Second Class,AR-59692,Ava Robinson,Home Care,United States,Columbus,Ohio,43004,East,P-OM-10000042,Pharmaceutical,OTC Medications,Bayer Aspirin 325mg Enteric Coated 300ct,522.34,14,0.35,65.7966
1135,HC-2015-709686,8/18/2015,8/20/2015,Second Class,RL-97670,Richard Lopez,Home Care,United States,Richmond,Virginia,23218,East,MS-G&-10000008,Medical Supplies,Gloves & PPE,Cardinal Health Flexal Nitrile Exam Gloves XL,221.8125,7,0.35,-42.671
1136,HC-2018-161643,1/2/2018,1/7/2018,Second Class,WL-19099,William Lewis,Health System,United States,Philadelphia,Pennsylvania,19101,East,MS-S&-10000012,Medical Supplies,Syringes & Needles,Nipro 5mL Luer Slip Disposable Syringe,13.12,1,0.2,-1.731
1137,HC-2017-872776,10/1/2017,10/3/2017,First Class,LM-12671,Linda Miller,Health System,United States,Los Angeles,California,90001,West,P-V&-10000051,Pharmaceutical,Vitamins & Supplements,Centrum Silver Multivitamin Adults 50+ 250ct,205.884,12,0.3,32.6056
1138,HC-2016-334882,4/16/2016,4/21/2016,Second Class,NR-80381,Noah Robinson,Clinic,United States,Los Angeles,California,90001,West,P-V&-10000053,Pharmaceutical,Vitamins & Supplements,Mason Natural Zinc 50mg Tablets 100ct,104.762,7,0.3,14.9678
1139,HC-2015-318247,12/11/2015,12/16/2015,Second Class,OB-13278,Olivia Brown,Home Care,United States,Milwaukee,Wisconsin,53201,Central,MS-WC-10000000,Medical Supplies,Wound Care,3M Tegaderm Transparent Film Dressing 4x4.75in,51.246,9,0.35,13.0872
1140,HC-2017-194352,4/5/2017,4/9/2017,Standard Class,OW-95426,Olivia Williams,Clinic,United States,Sacramento,California,95814,West,MS-S&-10000010,Medical Supplies,Syringes & Needles,BD 3mL Luer-Lok Syringe with 21G Needle,15.15,1,0,4.4833
1141,HC-2017-878215,2/26/2017,3/3/2017,Standard Class,JJ-42092,James Johnson,Health System,United States,Memphis,Tennessee,38101,South,P-V&-10000054,Pharmaceutical,Vitamins & Supplements,Nature Made Fish Oil 1200mg 200 Softgels,262.295,10,0.45,-23.0088
1142,HC-2015-545914,4/2/2015,4/8/2015,Standard Class,JW-94246,James Williams,Home Care,United States,Seattle,Washington,98101,West,DE-IS-10000033,Diagnostic Equipment,Imaging Supplies,3M Scotchcast Plus Fiberglass Casting Tape 2in,79.6955,1,0.05,-19.3312
1143,HC-2017-200790,11/20/2017,11/25/2017,Second Class,WW-37653,William Williams,Home Care,United States,Indianapolis,Indiana,46201,Central,P-OM-10000042,Pharmaceutical,OTC Medications,Bayer Aspirin 325mg Enteric Coated 300ct,73.1,10,0.5,7.1652
1144,HC-2016-391225,9/24/2016,9/28/2016,Second Class,BA-82845,Barbara Anderson,Health System,United States,Miami,Florida,33101,South,DE-LS-10000035,Diagnostic Equipment,Lab Supplies,Thermo Scientific Nunc CryoTube Vials 1.8mL 100pk,346.528,7,0.2,118.3192
1145,HC-2018-379966,12/12/2018,12/17/2018,Standard Class,SS-31174,Susan Sanchez,Health System,United States,Boston,Massachusetts,2101,East,P-V&-10000050,Pharmaceutical,Vitamins & Supplements,Nature's Bounty Vitamin D3 2000IU 240 Softgels,277.332,12,0.45,-28.0104
1146,HC-2018-463489,8/29/2018,9/2/2018,Standard Class,SL-38906,Sophia Lee,Health System,United States,New Orleans,Louisiana,70112,South,P-OM-10000043,Pharmaceutical,OTC Medications,Pepcid AC Maximum Strength 20mg 50ct,76.23,6,0.45,6.065
1147,HC-2017-267216,4/22/2017,4/23/2017,Same Day,MP-75435,Michael Perez,Health System,United States,Chicago,Illinois,60601,Central,P-OM-10000044,Pharmaceutical,OTC Medications,Zyrtec Allergy 10mg Cetirizine Tablets 70ct,310.608,9,0.4,19.8583
1148,HC-2016-329704,12/9/2016,12/14/2016,Second Class,JR-77839,Joseph Robinson,Clinic,United States,Chicago,Illinois,60601,Central,MS-S&-10000013,Medical Supplies,Syringes & Needles,Terumo 10mL Hypodermic Syringe with Needle,13.689,1,0.1,2.8139
1149,HC-2017-171978,7/27/2017,7/30/2017,Second Class,LR-32810,Liam Robinson,Clinic,United States,Kansas City,Missouri,64101,Central,DE-MD-10000021,Diagnostic Equipment,Monitoring Devices,Nonin Onyx Vantage 9590 Finger Pulse Oximeter,500.15,5,0.3,181.5875
1150,HC-2017-786913,5/29/2017,6/4/2017,Standard Class,PR-27601,Patricia Robinson,Home Care,United States,Los Angeles,California,90001,West,MS-G&-10000008,Medical Supplies,Gloves & PPE,Cardinal Health Flexal Nitrile Exam Gloves XL,105.274,4,0.35,-12.9193
1151,HC-2015-615708,2/21/2015,2/24/2015,Second Class,LJ-30374,Liam Jackson,Home Care,United States,Denver,Colorado,80201,West,MS-S&-10000011,Medical Supplies,Syringes & Needles,Covidien Monoject 1mL Insulin Syringe 28G,91.371,7,0.05,-10.169
1152,HC-2017-634131,12/31/2017,1/1/2018,Same Day,LM-42098,Liam Martinez,Health System,United States,Philadelphia,Pennsylvania,19101,East,DE-LS-10000038,Diagnostic Equipment,Lab Supplies,Globe Scientific Disposable Transfer Pipettes 3mL,950.628,12,0.3,285.2244
1153,HC-2015-928487,9/24/2015,9/29/2015,Second Class,CM-51467,Charles Moore,Clinic,United States,Cincinnati,Ohio,45201,Central,P-IS-10000048,Pharmaceutical,IV Solutions,ICU Medical Normal Saline 250mL IV Bag,80.052,2,0.4,10.0196
1154,HC-2015-346723,3/16/2015,3/17/2015,Same Day,JH-44522,James Harris,Home Care,United States,Pittsburgh,Pennsylvania,15201,East,DE-IS-10000031,Diagnostic Equipment,Imaging Supplies,Parker Aquasonic 100 Ultrasound Transmission Gel,366.2625,5,0.25,-44.5163
1155,HC-2018-271575,1/26/2018,1/28/2018,Second Class,IG-33206,Isabella Garcia,Home Care,United States,Buffalo,New York,14201,East,DE-IS-10000034,Diagnostic Equipment,Imaging Supplies,Carestream Health X-Omat Developer Solution,172.414,1,0.15,60.6871
1156,HC-2016-453750,2/5/2016,2/8/2016,Second Class,KR-11934,Karen Ramirez,Health System,United States,New Orleans,Louisiana,70112,South,P-V&-10000052,Pharmaceutical,Vitamins & Supplements,Garden of Life Vitamin C Organic 60 Capsules,284.396,14,0.3,-24.5926
1157,HC-2017-956223,11/24/2017,11/26/2017,First Class,RG-38746,Richard Gonzalez,Health System,United States,Los Angeles,California,90001,West,MS-WC-10000001,Medical Supplies,Wound Care,Medline Bordered Gauze Island Dressing 4x4in,159.18,14,0,38.5535
1158,HC-2016-620797,1/17/2016,1/22/2016,Second Class,BA-82845,Barbara Anderson,Health System,United States,Albuquerque,New Mexico,87101,West,MS-WC-10000004,Medical Supplies,Wound Care,Covidien Kendall Hydrogel Dressing 4x4in,22.25,1,0,4.731
1159,HC-2015-212132,4/12/2015,4/14/2015,First Class,NW-73788,Noah White,Home Care,United States,Memphis,Tennessee,38101,South,P-IS-10000045,Pharmaceutical,IV Solutions,Baxter 0.9% Sodium Chloride Injection 1000mL,315.88,8,0.5,38.5755
1160,HC-2015-961379,11/15/2015,11/16/2015,Same Day,JP-10726,John Perez,Clinic,United States,Birmingham,Alabama,35201,South,P-IS-10000047,Pharmaceutical,IV Solutions,B. Braun Lactated Ringer's Injection 1000mL,986.744,11,0.2,-30.3066
1161,HC-2016-647971,11/28/2016,12/2/2016,Standard Class,NW-47196,Noah Williams,Clinic,United States,Phoenix,Arizona,85001,West,P-OM-10000043,Pharmaceutical,OTC Medications,Pepcid AC Maximum Strength 20mg 50ct,108.032,8,0.2,-6.1776
1162,HC-2015-809724,8/5/2015,8/13/2015,Standard Class,NA-56438,Noah Anderson,Health System,United States,Phoenix,Arizona,85001,West,P-V&-10000053,Pharmaceutical,Vitamins & Supplements,Mason Natural Zinc 50mg Tablets 100ct,118.784,8,0.2,-5.6832
1163,HC-2015-484131,3/24/2015,3/28/2015,Standard Class,JJ-70515,Jessica Jones,Clinic,United States,Nashville,Tennessee,37201,South,DE-LS-10000039,Diagnostic Equipment,Lab Supplies,Fisherbrand Microcentrifuge Tubes 1.5mL 500pk,43.944,3,0.2,11.9255
1164,HC-2015-927685,10/4/2015,10/9/2015,Standard Class,LT-80284,Liam Thomas,Health System,United States,Minneapolis,Minnesota,55401,Central,DE-LS-10000039,Diagnostic Equipment,Lab Supplies,Fisherbrand Microcentrifuge Tubes 1.5mL 500pk,374.4,8,0.1,-44.8804
1165,HC-2016-193787,12/31/2016,1/5/2017,Standard Class,MS-88504,Mia Smith,Clinic,United States,Richmond,Virginia,23218,East,DE-MD-10000020,Diagnostic Equipment,Monitoring Devices,Welch Allyn Connex Spot Monitor with SpO2,2709.735,5,0.3,674.8279
1166,HC-2015-395771,1/10/2015,1/13/2015,Second Class,AJ-26828,Ava Jones,Clinic,United States,Louisville,Kentucky,40201,South,MS-WC-10000004,Medical Supplies,Wound Care,Covidien Kendall Hydrogel Dressing 4x4in,89.312,4,0.2,-11.1135
1167,HC-2016-999837,3/27/2016,4/3/2016,Standard Class,MT-93130,Michael Thompson,Home Care,United States,Boston,Massachusetts,2101,East,MS-WC-10000001,Medical Supplies,Wound Care,Medline Bordered Gauze Island Dressing 4x4in,19.941,2,0.15,5.4888
1168,HC-2018-424909,12/1/2018,12/6/2018,Standard Class,EJ-31579,Ethan Johnson,Home Care,United States,Columbus,Ohio,43004,East,P-OM-10000040,Pharmaceutical,OTC Medications,Tylenol Extra Strength Acetaminophen 500mg 100ct,7.62,1,0.25,1.2532
1169,HC-2017-435604,10/18/2017,10/25/2017,Standard Class,DB-48469,David Brown,Clinic,United States,Sacramento,California,95814,West,DE-TK-10000029,Diagnostic Equipment,Testing Kits,McKesson Blood Glucose Test Strips 100ct,648.732,12,0.3,261.3604
1170,HC-2015-902241,10/8/2015,10/13/2015,Second Class,MR-70332,Michael Ramirez,Health System,United States,Seattle,Washington,98101,West,P-IS-10000049,Pharmaceutical,IV Solutions,Fresenius Kabi Sterile Water for Injection 1000mL,125.37,6,0.3,12.4028
1171,HC-2017-909188,8/3/2017,8/8/2017,Standard Class,IT-39154,Isabella Taylor,Health System,United States,Las Vegas,Nevada,89101,West,DE-LS-10000038,Diagnostic Equipment,Lab Supplies,Globe Scientific Disposable Transfer Pipettes 3mL,64.2,1,0,14.9542
1172,HC-2015-657379,2/25/2015,3/2/2015,Second Class,LL-68008,Lisa Lopez,Clinic,United States,Las Vegas,Nevada,89101,West,P-OM-10000043,Pharmaceutical,OTC Medications,Pepcid AC Maximum Strength 20mg 50ct,34.584,1,0.2,3.9173
1173,HC-2016-501942,1/16/2016,1/18/2016,Second Class,LM-38864,Linda Martin,Clinic,United States,Portland,Oregon,97201,West,MS-G&-10000009,Medical Supplies,Gloves & PPE,Dynarex SafeTouch Latex-Free Vinyl Gloves Medium,83.125,5,0.3,-16.4761
1174,HC-2017-566951,7/12/2017,7/16/2017,Standard Class,MS-22280,Mary Smith,Health System,United States,San Francisco,California,94101,West,P-IS-10000046,Pharmaceutical,IV Solutions,Hospira 5% Dextrose Injection USP 500mL,34.38,2,0.5,2.6421
1175,HC-2017-976500,4/1/2017,4/9/2017,Standard Class,EJ-20561,Ethan Jackson,Health System,United States,Louisville,Kentucky,40201,South,DE-MD-10000023,Diagnostic Equipment,Monitoring Devices,Omron HEM-7320 Upper Arm Blood Pressure Monitor,9825.84,12,0,-2237.1446
1176,HC-2015-974768,12/28/2015,1/2/2016,Standard Class,SH-61116,Susan Hernandez,Clinic,United States,Charlotte,North Carolina,28201,South,P-OM-10000043,Pharmaceutical,OTC Medications,Pepcid AC Maximum Strength 20mg 50ct,112.0,7,0.2,19.5338
1177,HC-2015-624090,1/19/2015,1/26/2015,Standard Class,SW-41979,Sarah Wilson,Clinic,United States,Salt Lake City,Utah,84101,West,P-IS-10000047,Pharmaceutical,IV Solutions,B. Braun Lactated Ringer's Injection 1000mL,254.632,7,0.2,32.1525
1178,HC-2017-289018,12/15/2017,12/17/2017,First Class,IH-17100,Isabella Harris,Clinic,United States,Kansas City,Missouri,64101,Central,MS-G&-10000006,Medical Supplies,Gloves & PPE,Kimberly-Clark Purple Nitrile Exam Gloves Large,182.808,3,0.2,36.6818
1179,HC-2017-265270,1/29/2017,2/5/2017,Standard Class,SH-30676,Susan Hernandez,Health System,United States,Atlanta,Georgia,30301,South,P-V&-10000052,Pharmaceutical,Vitamins & Supplements,Garden of Life Vitamin C Organic 60 Capsules,35.1725,5,0.45,-2.1639
1180,HC-2016-296272,4/21/2016,4/23/2016,Second Class,JM-82603,James Martin,Health System,United States,Chicago,Illinois,60601,Central,MS-G&-10000008,Medical Supplies,Gloves & PPE,Cardinal Health Flexal Nitrile Exam Gloves XL,477.9,10,0.4,138.5521
1181,HC-2016-572464,6/29/2016,7/3/2016,Standard Class,JW-45382,Joseph Wilson,Health System,United States,Louisville,Kentucky,40201,South,DE-MD-10000021,Diagnostic Equipment,Monitoring Devices,Nonin Onyx Vantage 9590 Finger Pulse Oximeter,1347.93,2,0.1,-218.2407
1182,HC-2018-495035,11/4/2018,11/7/2018,Second Class,BT-51441,Barbara Thomas,Health System,United States,Memphis,Tennessee,38101,South,P-OM-10000040,Pharmaceutical,OTC Medications,Tylenol Extra Strength Acetaminophen 500mg 100ct,233.86,8,0.45,-8.0656
1183,HC-2018-466785,2/11/2018,2/13/2018,Second Class,AJ-26828,Ava Jones,Health System,United States,Richmond,Virginia,23218,East,P-V&-10000054,Pharmaceutical,Vitamins & Supplements,Nature Made Fish Oil 1200mg 200 Softgels,304.848,9,0.2,42.9392
1184,HC-2018-223598,5/23/2018,5/30/2018,Standard Class,LJ-41266,Lisa Jones,Health System,United States,Dallas,Texas,75201,South,DE-TK-10000027,Diagnostic Equipment,Testing Kits,Quidel QuickVue Influenza A+B Test Kit 25ct,441.315,5,0.3,-58.72
1185,HC-2015-274277,5/2/2015,5/9/2015,Standard Class,SM-29313,Sophia Miller,Home Care,United States,Portland,Oregon,97201,West,P-V&-10000052,Pharmaceutical,Vitamins & Supplements,Garden of Life Vitamin C Organic 60 Capsules,45.9,4,0.5,-2.3249
1186,HC-2017-890141,2/4/2017,2/10/2017,Standard Class,ST-42527,Sophia Thompson,Clinic,United States,Buffalo,New York,14201,East,DE-MD-10000021,Diagnostic Equipment,Monitoring Devices,Nonin Onyx Vantage 9590 Finger Pulse Oximeter,123.824,1,0.2,44.9449
1187,HC-2015-749798,12/18/2015,12/20/2015,Second Class,WW-69638,William Walker,Home Care,United States,Pittsburgh,Pennsylvania,15201,East,MS-S&-10000012,Medical Supplies,Syringes & Needles,Nipro 5mL Luer Slip Disposable Syringe,13.92,1,0.25,3.1325
1188,HC-2016-783646,5/21/2016,5/24/2016,Second Class,SH-39831,Susan Hernandez,Health System,United States,Los Angeles,California,90001,West,DE-IS-10000030,Diagnostic Equipment,Imaging Supplies,Covidien Kendall Ultrasound Gel 8.5oz,659.64,12,0,275.6386
1189,HC-2016-951281,5/17/2016,5/20/2016,Second Class,NH-81482,Noah Harris,Health System,United States,Omaha,Nebraska,68101,Central,P-OM-10000042,Pharmaceutical,OTC Medications,Bayer Aspirin 325mg Enteric Coated 300ct,229.32,12,0.5,18.3373
1190,HC-2015-159183,7/5/2015,7/11/2015,Standard Class,MP-76540,Mason Perez,Health System,United States,Buffalo,New York,14201,East,MS-G&-10000006,Medical Supplies,Gloves & PPE,Kimberly-Clark Purple Nitrile Exam Gloves Large,544.25,7,0,-42.4626
1191,HC-2016-313017,7/23/2016,7/25/2016,First Class,MG-39389,Mary Gonzalez,Clinic,United States,Pittsburgh,Pennsylvania,15201,East,DE-IS-10000034,Diagnostic Equipment,Imaging Supplies,Carestream Health X-Omat Developer Solution,395.072,2,0.2,-38.9522
1192,HC-2017-996501,7/3/2017,7/8/2017,Second Class,JM-65108,John Miller,Health System,United States,New Orleans,Louisiana,70112,South,DE-LS-10000037,Diagnostic Equipment,Lab Supplies,Corning 50mL Polypropylene Centrifuge Tubes 25pk,345.744,14,0.2,-47.8387
1193,HC-2016-127734,5/30/2016,6/1/2016,First Class,JA-73653,Jennifer Anderson,Health System,United States,St. Louis,Missouri,63101,Central,MS-G&-10000009,Medical Supplies,Gloves & PPE,Dynarex SafeTouch Latex-Free Vinyl Gloves Medium,264.096,6,0.4,-54.7961
1194,HC-2018-854760,12/15/2018,12/21/2018,Standard Class,PJ-62772,Patricia Johnson,Health System,United States,Portland,Oregon,97201,West,MS-WC-10000004,Medical Supplies,Wound Care,Covidien Kendall Hydrogel Dressing 4x4in,158.35,5,0,49.6012
1195,HC-2015-758802,9/17/2015,9/22/2015,Standard Class,JJ-76562,Jennifer Johnson,Clinic,United States,Cleveland,Ohio,44101,Central,P-IS-10000049,Pharmaceutical,IV Solutions,Fresenius Kabi Sterile Water for Injection 1000mL,495.6,10,0.5,84.548
1196,HC-2018-894352,1/16/2018,1/21/2018,Second Class,RS-61173,Richard Smith,Home Care,United States,Baltimore,Maryland,21201,East,MS-B&-10000017,Medical Supplies,Bandages & Tape,Covidien Curity Gauze Bandage Roll 4in,63.0,14,0.25,23.2187
1197,HC-2016-923771,11/27/2016,12/4/2016,Standard Class,WL-51904,William Lopez,Health System,United States,Louisville,Kentucky,40201,South,DE-TK-10000029,Diagnostic Equipment,Testing Kits,McKesson Blood Glucose Test Strips 100ct,671.19,13,0,-96.6229
1198,HC-2015-419966,10/4/2015,10/8/2015,Second Class,SW-63964,Sophia Walker,Clinic,United States,Sacramento,California,95814,West,MS-S&-10000012,Medical Supplies,Syringes & Needles,Nipro 5mL Luer Slip Disposable Syringe,63.0,10,0.1,13.4665
1199,HC-2015-568946,12/20/2015,12/28/2015,Standard Class,SP-79329,Sophia Perez,Health System,United States,New Orleans,Louisiana,70112,South,MS-B&-10000016,Medical Supplies,Bandages & Tape,Johnson & Johnson Elastikon Elastic Bandage 3in,81.85,5,0,25.31
1200,HC-2015-926341,12/14/2015,12/18/2015,Second Class,MS-22280,Mary Smith,Health System,United States,Sacramento,California,95814,West,MS-B&-10000018,Medical Supplies,Bandages & Tape,Medline Non-Sterile Rolled Gauze 2in x 4.1yd,81.864,12,0.1,-6.1546
1201,HC-2017-169995,3/27/2017,3/29/2017,First Class,MD-18834,Mary Davis,Health System,United States,Milwaukee,Wisconsin,53201,Central,DE-IS-10000030,Diagnostic Equipment,Imaging Supplies,Covidien Kendall Ultrasound Gel 8.5oz,95.564,4,0.3,22.4551
1202,HC-2016-500893,5/18/2016,5/21/2016,Second Class,JC-82132,Joseph Clark,Health System,United States,Memphis,Tennessee,38101,South,MS-WC-10000003,Medical Supplies,Wound Care,Smith & Nephew ALLEVYN Gentle Border Foam Dressing,393.39,9,0,107.1125
1203,HC-2016-395048,10/18/2016,10/22/2016,Standard Class,CM-15014,Charles Martinez,Home Care,United States,San Francisco,California,94101,West,MS-S&-10000010,Medical Supplies,Syringes & Needles,BD 3mL Luer-Lok Syringe with 21G Needle,30.609,6,0.05,8.3442
1204,HC-2016-924705,7/9/2016,7/14/2016,Standard Class,ST-63354,Sophia Taylor,Health System,United States,Minneapolis,Minnesota,55401,Central,DE-MD-10000020,Diagnostic Equipment,Monitoring Devices,Welch Allyn Connex Spot Monitor with SpO2,5655.377,13,0.3,1537.1034
1205,HC-2016-582100,9/5/2016,9/7/2016,Second Class,CT-41850,Charles Taylor,Health System,United States,Las Vegas,Nevada,89101,West,MS-B&-10000018,Medical Supplies,Bandages & Tape,Medline Non-Sterile Rolled Gauze 2in x 4.1yd,99.848,7,0.2,-10.0808
1206,HC-2015-549384,3/6/2015,3/14/2015,Standard Class,JT-94607,John Thompson,Home Care,United States,Sacramento,California,95814,West,MS-B&-10000017,Medical Supplies,Bandages & Tape,Covidien Curity Gauze Bandage Roll 4in,33.045,2,0.25,9.5862
1207,HC-2017-687582,10/9/2017,10/15/2017,Standard Class,CB-19602,Charles Brown,Home Care,United States,New York,New York,10001,East,MS-B&-10000017,Medical Supplies,Bandages & Tape,Covidien Curity Gauze Bandage Roll 4in,45.6,5,0.05,15.2175
1208,HC-2016-697974,3/24/2016,3/29/2016,Standard Class,LL-22240,Lisa Lopez,Clinic,United States,San Francisco,California,94101,West,MS-G&-10000007,Medical Supplies,Gloves & PPE,Medline SensiCare Ice Blue Nitrile Gloves Small,742.976,13,0.2,188.6748
1209,HC-2015-166290,10/8/2015,10/15/2015,Standard Class,ML-20745,Mary Lee,Health System,United States,Louisville,Kentucky,40201,South,P-OM-10000040,Pharmaceutical,OTC Medications,Tylenol Extra Strength Acetaminophen 500mg 100ct,111.384,4,0.3,14.631
1210,HC-2016-709800,7/2/2016,7/7/2016,Standard Class,RW-22676,Robert Wilson,Clinic,United States,Sacramento,California,95814,West,MS-B&-10000019,Medical Supplies,Bandages & Tape,Dukal Elastic Stretch Bandage 6in,55.737,11,0.1,-4.2356
1211,HC-2015-186354,7/12/2015,7/18/2015,Standard Class,LS-96511,Linda Smith,Health System,United States,Houston,Texas,77001,South,P-IS-10000047,Pharmaceutical,IV Solutions,B. Braun Lactated Ringer's Injection 1000mL,296.5875,5,0.45,-7.9579
1212,HC-2016-882808,4/23/2016,4/24/2016,Same Day,MM-65069,Mary Miller,Clinic,United States,Boston,Massachusetts,2101,East,P-V&-10000050,Pharmaceutical,Vitamins & Supplements,Nature's Bounty Vitamin D3 2000IU 240 Softgels,78.2265,3,0.45,13.313
1213,HC-2015-347660,1/23/2015,1/30/2015,Standard Class,WJ-55745,William Jones,Health System,United States,Newark,New Jersey,7101,East,DE-LS-10000038,Diagnostic Equipment,Lab Supplies,Globe Scientific Disposable Transfer Pipettes 3mL,18.49,1,0,-2.6713
1214,HC-2016-674612,3/8/2016,3/13/2016,Standard Class,AM-94012,Ava Martinez,Clinic,United States,New Orleans,Louisiana,70112,South,MS-G&-10000006,Medical Supplies,Gloves & PPE,Kimberly-Clark Purple Nitrile Exam Gloves Large,511.56,14,0.1,185.31
1215,HC-2017-506019,11/14/2017,11/20/2017,Standard Class,EL-57400,Ethan Lewis,Clinic,United States,Charlotte,North Carolina,28201,South,DE-TK-10000029,Diagnostic Equipment,Testing Kits,McKesson Blood Glucose Test Strips 100ct,357.12,5,0.2,-81.9893
1216,HC-2018-989360,11/21/2018,11/23/2018,First Class,MM-15778,Mason Martinez,Clinic,United States,Charlotte,North Carolina,28201,South,MS-S&-10000014,Medical Supplies,Syringes & Needles,BD Eclipse Safety Needle 25G 1in,118.3,14,0,37.7251
1217,HC-2018-315936,2/22/2018,3/2/2018,Standard Class,CM-15014,Charles Martinez,Health System,United States,Cincinnati,Ohio,45201,Central,MS-WC-10000000,Medical Supplies,Wound Care,3M Tegaderm Transparent Film Dressing 4x4.75in,48.048,3,0.3,17.5945
1218,HC-2015-586172,11/24/2015,11/30/2015,Standard Class,EJ-31579,Ethan Johnson,Clinic,United States,Indianapolis,Indiana,46201,Central,MS-B&-10000015,Medical Supplies,Bandages & Tape,3M Micropore Surgical Tape 1in x 10yd,127.764,14,0.4,-30.8668
1219,HC-2018-820463,4/17/2018,4/20/2018,Second Class,JT-82692,James Thompson,Home Care,United States,Baltimore,Maryland,21201,East,P-V&-10000050,Pharmaceutical,Vitamins & Supplements,Nature's Bounty Vitamin D3 2000IU 240 Softgels,38.22,6,0.5,-1.9777
1220,HC-2017-485733,7/9/2017,7/13/2017,Standard Class,LM-42098,Liam Martinez,Health System,United States,Newark,New Jersey,7101,East,DE-TK-10000027,Diagnostic Equipment,Testing Kits,Quidel QuickVue Influenza A+B Test Kit 25ct,438.912,9,0.2,164.6599
1221,HC-2018-505132,11/21/2018,11/29/2018,Standard Class,LJ-23434,Linda Jones,Clinic,United States,Memphis,Tennessee,38101,South,P-IS-10000047,Pharmaceutical,IV Solutions,B. Braun Lactated Ringer's Injection 1000mL,664.741,11,0.3,-65.7271
1222,HC-2015-197678,4/17/2015,4/25/2015,Standard Class,EM-18418,Emma Miller,Home Care,United States,Kansas City,Missouri,64101,Central,DE-MD-10000021,Diagnostic Equipment,Monitoring Devices,Nonin Onyx Vantage 9590 Finger Pulse Oximeter,9423.44,13,0.15,2288.8361
1223,HC-2015-642723,11/16/2015,11/21/2015,Second Class,RW-22676,Robert Wilson,Clinic,United States,Louisville,Kentucky,40201,South,P-OM-10000043,Pharmaceutical,OTC Medications,Pepcid AC Maximum Strength 20mg 50ct,37.737,3,0.3,-1.9334
1224,HC-2018-792598,1/31/2018,2/2/2018,First Class,AL-23396,Ava Lopez,Clinic,United States,Milwaukee,Wisconsin,53201,Central,MS-B&-10000016,Medical Supplies,Bandages & Tape,Johnson & Johnson Elastikon Elastic Bandage 3in,114.268,11,0.3,-25.5861
1225,HC-2018-854169,8/17/2018,8/19/2018,Second Class,JM-42953,Joseph Moore,Home Care,United States,San Francisco,California,94101,West,P-IS-10000045,Pharmaceutical,IV Solutions,Baxter 0.9% Sodium Chloride Injection 1000mL,148.6,8,0.5,-5.993
1226,HC-2015-541743,3/9/2015,3/11/2015,First Class,JB-42493,Joseph Brown,Clinic,United States,Houston,Texas,77001,South,MS-S&-10000012,Medical Supplies,Syringes & Needles,Nipro 5mL Luer Slip Disposable Syringe,49.266,6,0.3,14.7292
1227,HC-2018-949877,8/7/2018,8/8/2018,Same Day,JR-81200,Joseph Ramirez,Clinic,United States,Houston,Texas,77001,South,P-V&-10000051,Pharmaceutical,Vitamins & Supplements,Centrum Silver Multivitamin Adults 50+ 250ct,158.081,11,0.3,16.285
1228,HC-2018-697558,4/14/2018,4/15/2018,Same Day,ML-20745,Mary Lee,Health System,United States,Los Angeles,California,90001,West,DE-LS-10000035,Diagnostic Equipment,Lab Supplies,Thermo Scientific Nunc CryoTube Vials 1.8mL 100pk,230.944,7,0.2,85.9594
1229,HC-2016-368269,8/24/2016,8/28/2016,Standard Class,NW-98777,Noah Wilson,Clinic,United States,Denver,Colorado,80201,West,P-OM-10000044,Pharmaceutical,OTC Medications,Zyrtec Allergy 10mg Cetirizine Tablets 70ct,461.916,13,0.3,63.9093
1230,HC-2017-531084,11/10/2017,11/15/2017,Second Class,PW-85574,Patricia Wilson,Health System,United States,Charlotte,North Carolina,28201,South,MS-G&-10000006,Medical Supplies,Gloves & PPE,Kimberly-Clark Purple Nitrile Exam Gloves Large,24.93,1,0.1,-2.5992
1231,HC-2017-241440,12/19/2017,12/25/2017,Standard Class,JB-42493,Joseph Brown,Home Care,United States,Columbus,Ohio,43004,East,P-OM-10000042,Pharmaceutical,OTC Medications,Bayer Aspirin 325mg Enteric Coated 300ct,112.905,9,0.35,-3.2314
1232,HC-2018-711746,2/28/2018,3/5/2018,Second Class,MS-14067,Mary Sanchez,Home Care,United States,Memphis,Tennessee,38101,South,DE-TK-10000026,Diagnostic Equipment,Testing Kits,Roche Accu-Chek Guide Blood Glucose Meter Kit,857.535,7,0.25,-214.5827
1233,HC-2018-740590,1/27/2018,2/3/2018,Standard Class,MS-40784,Mason Sanchez,Clinic,United States,Salt Lake City,Utah,84101,West,MS-S&-10000013,Medical Supplies,Syringes & Needles,Terumo 10mL Hypodermic Syringe with Needle,10.62,2,0,2.4528
1234,HC-2016-104633,5/20/2016,5/23/2016,Second Class,AL-23396,Ava Lopez,Health System,United States,Atlanta,Georgia,30301,South,MS-S&-10000012,Medical Supplies,Syringes & Needles,Nipro 5mL Luer Slip Disposable Syringe,54.912,11,0.2,-6.0026
1235,HC-2018-641679,9/16/2018,9/20/2018,Second Class,JA-71213,Jessica Anderson,Health System,United States,Nashville,Tennessee,37201,South,P-IS-10000047,Pharmaceutical,IV Solutions,B. Braun Lactated Ringer's Injection 1000mL,213.1415,11,0.45,23.6822
1236,HC-2018-158312,10/6/2018,10/9/2018,Second Class,EM-20322,Ethan Martin,Clinic,United States,Milwaukee,Wisconsin,53201,Central,P-OM-10000041,Pharmaceutical,OTC Medications,Ibuprofen USP 200mg Tablets 500ct Bulk,53.68,4,0.5,-3.6765
1237,HC-2018-596876,6/24/2018,6/26/2018,First Class,MM-51245,Mia Martin,Home Care,United States,Phoenix,Arizona,85001,West,P-IS-10000046,Pharmaceutical,IV Solutions,Hospira 5% Dextrose Injection USP 500mL,41.395,1,0.5,4.268
1238,HC-2017-424660,12/13/2017,12/18/2017,Standard Class,NH-81482,Noah Harris,Home Care,United States,Pittsburgh,Pennsylvania,15201,East,MS-S&-10000013,Medical Supplies,Syringes & Needles,Terumo 10mL Hypodermic Syringe with Needle,130.416,12,0.05,31.769
1239,HC-2018-305992,9/6/2018,9/13/2018,Standard Class,AS-78327,Ava Sanchez,Clinic,United States,Houston,Texas,77001,South,P-OM-10000040,Pharmaceutical,OTC Medications,Tylenol Extra Strength Acetaminophen 500mg 100ct,146.244,6,0.3,-9.1674
1240,HC-2018-719484,9/20/2018,9/24/2018,Second Class,JW-45382,Joseph Wilson,Clinic,United States,Columbus,Ohio,43004,East,MS-B&-10000016,Medical Supplies,Bandages & Tape,Johnson & Johnson Elastikon Elastic Bandage 3in,8.41,1,0,2.0155
1241,HC-2016-536189,9/27/2016,10/3/2016,Standard Class,JT-13804,Jessica Taylor,Health System,United States,Los Angeles,California,90001,West,MS-G&-10000007,Medical Supplies,Gloves & PPE,Medline SensiCare Ice Blue Nitrile Gloves Small,63.264,1,0.2,-8.7909
1242,HC-2016-194191,10/20/2016,10/27/2016,Standard Class,IG-33206,Isabella Garcia,Home Care,United States,Newark,New Jersey,7101,East,DE-TK-10000026,Diagnostic Equipment,Testing Kits,Roche Accu-Chek Guide Blood Glucose Meter Kit,1509.55,10,0.05,355.788
1243,HC-2017-671063,2/24/2017,2/26/2017,Second Class,ND-97416,Noah Davis,Health System,United States,Newark,New Jersey,7101,East,P-OM-10000040,Pharmaceutical,OTC Medications,Tylenol Extra Strength Acetaminophen 500mg 100ct,255.29,14,0.3,-13.06
1244,HC-2017-665786,8/26/2017,8/29/2017,Second Class,NR-80381,Noah Robinson,Home Care,United States,Richmond,Virginia,23218,East,DE-MD-10000021,Diagnostic Equipment,Monitoring Devices,Nonin Onyx Vantage 9590 Finger Pulse Oximeter,5764.98,13,0.25,1897.7527
1245,HC-2015-960637,2/19/2015,2/24/2015,Standard Class,MR-70332,Michael Ramirez,Health System,United States,New York,New York,10001,East,P-V&-10000053,Pharmaceutical,Vitamins & Supplements,Mason Natural Zinc 50mg Tablets 100ct,91.875,5,0.5,-5.3907
1246,HC-2017-396206,12/29/2017,1/2/2018,Second Class,AM-56025,Ava Martinez,Health System,United States,Richmond,Virginia,23218,East,P-IS-10000049,Pharmaceutical,IV Solutions,Fresenius Kabi Sterile Water for Injection 1000mL,113.848,4,0.3,-4.3049
1247,HC-2015-156016,9/28/2015,9/29/2015,Same Day,JJ-40311,John Jones,Clinic,United States,Houston,Texas,77001,South,DE-LS-10000035,Diagnostic Equipment,Lab Supplies,Thermo Scientific Nunc CryoTube Vials 1.8mL 100pk,544.72,10,0.2,172.4549
1248,HC-2018-333159,5/6/2018,5/7/2018,Same Day,MS-19508,Mia Sanchez,Clinic,United States,Boston,Massachusetts,2101,East,MS-WC-10000001,Medical Supplies,Wound Care,Medline Bordered Gauze Island Dressing 4x4in,69.699,3,0.3,17.9795
1249,HC-2015-295528,7/17/2015,7/21/2015,Second Class,NW-73788,Noah White,Home Care,United States,Atlanta,Georgia,30301,South,P-OM-10000040,Pharmaceutical,OTC Medications,Tylenol Extra Strength Acetaminophen 500mg 100ct,180.635,7,0.35,32.378
1250,HC-2015-410657,10/28/2015,11/2/2015,Second Class,JT-94607,John Thompson,Health System,United States,Las Vegas,Nevada,89101,West,DE-MD-10000024,Diagnostic Equipment,Monitoring Devices,A&D Medical UA-767FAM Multi-User BP Monitor,5001.458,11,0.3,1237.9475
1251,HC-2015-704586,6/13/2015,6/18/2015,Second Class,JM-48890,John Miller,Health System,United States,Columbus,Ohio,43004,East,DE-LS-10000038,Diagnostic Equipment,Lab Supplies,Globe Scientific Disposable Transfer Pipettes 3mL,695.87,7,0,274.5596
1252,HC-2016-177251,5/23/2016,5/27/2016,Standard Class,OM-62386,Olivia Moore,Health System,United States,Los Angeles,California,90001,West,P-V&-10000052,Pharmaceutical,Vitamins & Supplements,Garden of Life Vitamin C Organic 60 Capsules,28.677,6,0.45,4.816
1253,HC-2017-969515,11/24/2017,12/1/2017,Standard Class,JC-86019,Jessica Clark,Health System,United States,New Orleans,Louisiana,70112,South,MS-S&-10000010,Medical Supplies,Syringes & Needles,BD 3mL Luer-Lok Syringe with 21G Needle,59.256,9,0.2,-4.6823
1254,HC-2015-770139,9/5/2015,9/7/2015,Second Class,WW-69638,William Walker,Health System,United States,Atlanta,Georgia,30301,South,MS-G&-10000007,Medical Supplies,Gloves & PPE,Medline SensiCare Ice Blue Nitrile Gloves Small,212.0,10,0,52.5322
1255,HC-2018-151945,3/10/2018,3/14/2018,Standard Class,RJ-48427,Robert Jackson,Home Care,United States,Philadelphia,Pennsylvania,19101,East,P-V&-10000054,Pharmaceutical,Vitamins & Supplements,Nature Made Fish Oil 1200mg 200 Softgels,39.12,3,0.5,-1.492
1256,HC-2015-684516,10/8/2015,10/12/2015,Second Class,JG-69470,Jessica Garcia,Clinic,United States,Indianapolis,Indiana,46201,Central,MS-WC-10000004,Medical Supplies,Wound Care,Covidien Kendall Hydrogel Dressing 4x4in,126.084,6,0.3,31.5309
1257,HC-2017-951042,1/29/2017,2/2/2017,Standard Class,RS-61173,Richard Smith,Health System,United States,San Francisco,California,94101,West,DE-MD-10000023,Diagnostic Equipment,Monitoring Devices,Omron HEM-7320 Upper Arm Blood Pressure Monitor,3101.92,5,0.2,-377.9521
1258,HC-2015-470482,1/22/2015,1/24/2015,First Class,CT-41850,Charles Taylor,Health System,United States,St. Louis,Missouri,63101,Central,MS-S&-10000014,Medical Supplies,Syringes & Needles,BD Eclipse Safety Needle 25G 1in,25.434,2,0.1,-9.4355
1259,HC-2015-178699,7/12/2015,7/17/2015,Second Class,JT-82692,James Thompson,Health System,United States,Atlanta,Georgia,30301,South,MS-G&-10000009,Medical Supplies,Gloves & PPE,Dynarex SafeTouch Latex-Free Vinyl Gloves Medium,218.88,8,0.2,-20.4057
1260,HC-2017-700487,1/18/2017,1/25/2017,Standard Class,JG-69470,Jessica Garcia,Clinic,United States,Richmond,Virginia,23218,East,P-OM-10000044,Pharmaceutical,OTC Medications,Zyrtec Allergy 10mg Cetirizine Tablets 70ct,207.207,9,0.45,36.3389
1261,HC-2017-582351,5/29/2017,5/31/2017,First Class,WS-65255,William Sanchez,Clinic,United States,Omaha,Nebraska,68101,Central,DE-MD-10000022,Diagnostic Equipment,Monitoring Devices,Masimo Rad-8 Pulse Oximeter Tabletop Unit,393.36,1,0.4,101.1514
1262,HC-2018-691042,11/22/2018,11/30/2018,Standard Class,JM-74686,John Moore,Home Care,United States,Houston,Texas,77001,South,MS-G&-10000005,Medical Supplies,Gloves & PPE,Ansell TouchNTuff Nitrile Disposable Gloves Medium,315.588,7,0.15,72.0737
1263,HC-2015-437809,9/30/2015,10/1/2015,Same Day,MP-76540,Mason Perez,Home Care,United States,Atlanta,Georgia,30301,South,MS-G&-10000008,Medical Supplies,Gloves & PPE,Cardinal Health Flexal Nitrile Exam Gloves XL,513.808,8,0.15,-93.5528
1264,HC-2018-454573,8/29/2018,9/3/2018,Second Class,JT-13804,Jessica Taylor,Health System,United States,Philadelphia,Pennsylvania,19101,East,P-OM-10000040,Pharmaceutical,OTC Medications,Tylenol Extra Strength Acetaminophen 500mg 100ct,148.104,11,0.2,18.4804
1265,HC-2015-618671,5/14/2015,5/17/2015,Second Class,EH-90173,Emma Hernandez,Health System,United States,Atlanta,Georgia,30301,South,P-OM-10000044,Pharmaceutical,OTC Medications,Zyrtec Allergy 10mg Cetirizine Tablets 70ct,94.92,3,0.2,-5.8456
1266,HC-2015-439327,6/22/2015,6/26/2015,Second Class,SC-32241,Sarah Clark,Home Care,United States,Chicago,Illinois,60601,Central,DE-MD-10000021,Diagnostic Equipment,Monitoring Devices,Nonin Onyx Vantage 9590 Finger Pulse Oximeter,1869.558,4,0.15,-168.9264
1267,HC-2016-328950,5/18/2016,5/23/2016,Second Class,ES-23970,Ethan Sanchez,Health System,United States,Cincinnati,Ohio,45201,Central,MS-WC-10000003,Medical Supplies,Wound Care,Smith & Nephew ALLEVYN Gentle Border Foam Dressing,257.103,9,0.3,-38.2588
1268,HC-2017-277697,6/26/2017,7/1/2017,Standard Class,MW-54942,Michael White,Health System,United States,Los Angeles,California,90001,West,P-V&-10000052,Pharmaceutical,Vitamins & Supplements,Garden of Life Vitamin C Organic 60 Capsules,34.2,5,0.5,-2.1496
1269,HC-2018-630935,12/21/2018,12/26/2018,Second Class,WG-24168,William Garcia,Clinic,United States,New Orleans,Louisiana,70112,South,MS-B&-10000018,Medical Supplies,Bandages & Tape,Medline Non-Sterile Rolled Gauze 2in x 4.1yd,61.584,6,0.2,-8.9962
1270,HC-2015-934103,11/24/2015,11/29/2015,Second Class,EA-10221,Emma Anderson,Clinic,United States,Richmond,Virginia,23218,East,DE-LS-10000035,Diagnostic Equipment,Lab Supplies,Thermo Scientific Nunc CryoTube Vials 1.8mL 100pk,357.52,8,0,-40.473
1271,HC-2018-548003,12/2/2018,12/10/2018,Standard Class,JJ-40311,John Jones,Clinic,United States,Pittsburgh,Pennsylvania,15201,East,MS-S&-10000012,Medical Supplies,Syringes & Needles,Nipro 5mL Luer Slip Disposable Syringe,21.44,5,0.2,6.8702
1272,HC-2017-264572,6/12/2017,6/15/2017,Second Class,JM-74686,John Moore,Health System,United States,New Orleans,Louisiana,70112,South,P-V&-10000054,Pharmaceutical,Vitamins & Supplements,Nature Made Fish Oil 1200mg 200 Softgels,169.02,9,0.5,10.0908
1273,HC-2016-818333,11/5/2016,11/10/2016,Standard Class,JW-92719,James Williams,Clinic,United States,Houston,Texas,77001,South,DE-LS-10000036,Diagnostic Equipment,Lab Supplies,BD Vacutainer EDTA Blood Collection Tubes 10mL,82.404,4,0.3,-16.7271
1274,HC-2017-167333,10/16/2017,10/18/2017,First Class,JM-42406,Joseph Martinez,Clinic,United States,Salt Lake City,Utah,84101,West,P-V&-10000054,Pharmaceutical,Vitamins & Supplements,Nature Made Fish Oil 1200mg 200 Softgels,23.001,3,0.45,-1.6335
1275,HC-2018-866810,8/22/2018,8/26/2018,Standard Class,MS-17331,Mason Sanchez,Health System,United States,Los Angeles,California,90001,West,MS-S&-10000014,Medical Supplies,Syringes & Needles,BD Eclipse Safety Needle 25G 1in,147.42,7,0,-24.1923
1276,HC-2016-912692,7/9/2016,7/17/2016,Standard Class,OW-95426,Olivia Williams,Clinic,United States,Salt Lake City,Utah,84101,West,DE-TK-10000029,Diagnostic Equipment,Testing Kits,McKesson Blood Glucose Test Strips 100ct,43.694,1,0.3,-6.0154
1277,HC-2015-520244,11/12/2015,11/14/2015,First Class,OM-62386,Olivia Moore,Health System,United States,Atlanta,Georgia,30301,South,MS-WC-10000000,Medical Supplies,Wound Care,3M Tegaderm Transparent Film Dressing 4x4.75in,140.94,6,0,-27.6094
1278,HC-2016-204727,11/7/2016,11/8/2016,Same Day,LH-30257,Lisa Harris,Home Care,United States,Portland,Oregon,97201,West,MS-S&-10000013,Medical Supplies,Syringes & Needles,Terumo 10mL Hypodermic Syringe with Needle,14.9815,1,0.05,-1.712
1279,HC-2017-174754,7/3/2017,7/11/2017,Standard Class,IG-33206,Isabella Garcia,Clinic,United States,Detroit,Michigan,48201,Central,DE-LS-10000037,Diagnostic Equipment,Lab Supplies,Corning 50mL Polypropylene Centrifuge Tubes 25pk,75.258,2,0.1,19.1927
1280,HC-2016-660370,6/16/2016,6/22/2016,Standard Class,NH-97900,Noah Harris,Health System,United States,Miami,Florida,33101,South,DE-MD-10000024,Diagnostic Equipment,Monitoring Devices,A&D Medical UA-767FAM Multi-User BP Monitor,10148.74,14,0,3898.298
1281,HC-2015-261357,5/11/2015,5/12/2015,Same Day,JT-86503,Jessica Thompson,Health System,United States,Birmingham,Alabama,35201,South,MS-B&-10000015,Medical Supplies,Bandages & Tape,3M Micropore Surgical Tape 1in x 10yd,79.456,13,0.2,19.5904
1282,HC-2018-382187,1/12/2018,1/20/2018,Standard Class,LL-24322,Liam Lopez,Clinic,United States,Pittsburgh,Pennsylvania,15201,East,P-V&-10000050,Pharmaceutical,Vitamins & Supplements,Nature's Bounty Vitamin D3 2000IU 240 Softgels,182.112,7,0.2,-11.4423
1283,HC-2018-586579,2/11/2018,2/16/2018,Second Class,RJ-48427,Robert Jackson,Health System,United States,Houston,Texas,77001,South,MS-S&-10000013,Medical Supplies,Syringes & Needles,Terumo 10mL Hypodermic Syringe with Needle,190.32,8,0,71.8594
1284,HC-2018-968626,3/19/2018,3/27/2018,Standard Class,AR-31465,Ava Ramirez,Home Care,United States,Houston,Texas,77001,South,P-V&-10000050,Pharmaceutical,Vitamins & Supplements,Nature's Bounty Vitamin D3 2000IU 240 Softgels,63.1995,7,0.35,9.0527
1285,HC-2016-448256,7/7/2016,7/9/2016,First Class,KS-79514,Karen Sanchez,Home Care,United States,Milwaukee,Wisconsin,53201,Central,P-IS-10000049,Pharmaceutical,IV Solutions,Fresenius Kabi Sterile Water for Injection 1000mL,57.2825,1,0.45,-9.152
1286,HC-2017-638428,8/22/2017,8/30/2017,Standard Class,OG-80010,Olivia Garcia,Clinic,United States,Seattle,Washington,98101,West,DE-IS-10000034,Diagnostic Equipment,Imaging Supplies,Carestream Health X-Omat Developer Solution,755.04,4,0,241.7427
1287,HC-2018-266905,5/26/2018,6/3/2018,Standard Class,EH-82667,Emma Hernandez,Health System,United States,Pittsburgh,Pennsylvania,15201,East,MS-G&-10000006,Medical Supplies,Gloves & PPE,Kimberly-Clark Purple Nitrile Exam Gloves Large,546.21,7,0,178.8104
1288,HC-2018-319977,1/28/2018,2/2/2018,Standard Class,MM-65069,Mary Miller,Health System,United States,Salt Lake City,Utah,84101,West,MS-B&-10000016,Medical Supplies,Bandages & Tape,Johnson & Johnson Elastikon Elastic Bandage 3in,117.81,7,0.1,-15.2935
1289,HC-2015-500015,6/27/2015,6/28/2015,Same Day,ER-50306,Ethan Ramirez,Health System,United States,Phoenix,Arizona,85001,West,DE-IS-10000034,Diagnostic Equipment,Imaging Supplies,Carestream Health X-Omat Developer Solution,789.84,10,0.2,267.5535
1290,HC-2016-128285,4/27/2016,5/4/2016,Standard Class,JW-43586,Joseph White,Clinic,United States,Birmingham,Alabama,35201,South,MS-G&-10000006,Medical Supplies,Gloves & PPE,Kimberly-Clark Purple Nitrile Exam Gloves Large,493.472,14,0.2,-37.765
1291,HC-2018-174030,1/15/2018,1/22/2018,Standard Class,RL-18907,Robert Lee,Health System,United States,Omaha,Nebraska,68101,Central,P-IS-10000048,Pharmaceutical,IV Solutions,ICU Medical Normal Saline 250mL IV Bag,208.92,6,0.5,-14.8201
1292,HC-2018-618114,11/4/2018,11/11/2018,Standard Class,RP-65518,Robert Perez,Clinic,United States,Portland,Oregon,97201,West,P-OM-10000044,Pharmaceutical,OTC Medications,Zyrtec Allergy 10mg Cetirizine Tablets 70ct,128.865,6,0.45,-7.6842
1293,HC-2015-263110,12/10/2015,12/18/2015,Standard Class,WC-10851,William Clark,Health System,United States,San Francisco,California,94101,West,MS-B&-10000018,Medical Supplies,Bandages & Tape,Medline Non-Sterile Rolled Gauze 2in x 4.1yd,18.112,4,0.2,4.706
1294,HC-2016-204614,1/5/2016,1/11/2016,Standard Class,CM-96900,Charles Martin,Home Care,United States,Newark,New Jersey,7101,East,MS-B&-10000015,Medical Supplies,Bandages & Tape,3M Micropore Surgical Tape 1in x 10yd,28.7235,3,0.35,-3.9257
1295,HC-2018-250972,5/5/2018,5/10/2018,Second Class,JL-54236,Joseph Lopez,Clinic,United States,Memphis,Tennessee,38101,South,DE-TK-10000026,Diagnostic Equipment,Testing Kits,Roche Accu-Chek Guide Blood Glucose Meter Kit,649.056,12,0.2,-91.5301
1296,HC-2018-582598,9/16/2018,9/18/2018,First Class,OM-31178,Olivia Martinez,Health System,United States,New York,New York,10001,East,P-V&-10000053,Pharmaceutical,Vitamins & Supplements,Mason Natural Zinc 50mg Tablets 100ct,402.311,13,0.3,72.2352
1297,HC-2016-205014,11/23/2016,11/30/2016,Standard Class,JG-46509,Jessica Garcia,Clinic,United States,Dallas,Texas,75201,South,DE-IS-10000032,Diagnostic Equipment,Imaging Supplies,Medline X-Ray Film Processing Chemical Kit,1301.839,11,0.3,-194.5085
1298,HC-2017-376202,1/2/2017,1/7/2017,Second Class,BT-51441,Barbara Thomas,Clinic,United States,Baltimore,Maryland,21201,East,MS-S&-10000012,Medical Supplies,Syringes & Needles,Nipro 5mL Luer Slip Disposable Syringe,265.95,9,0,53.4384
1299,HC-2016-992161,9/29/2016,10/1/2016,First Class,MM-15778,Mason Martinez,Home Care,United States,Baltimore,Maryland,21201,East,MS-G&-10000008,Medical Supplies,Gloves & PPE,Cardinal Health Flexal Nitrile Exam Gloves XL,368.068,8,0.05,-36.05
1300,HC-2017-343396,12/29/2017,1/5/2018,Standard Class,MS-88504,Mia Smith,Health System,United States,Newark,New Jersey,7101,East,P-IS-10000047,Pharmaceutical,IV Solutions,B. Braun Lactated Ringer's Injection 1000mL,351.036,9,0.3,-14.5416
1301,HC-2015-794057,2/14/2015,2/17/2015,Second Class,JJ-40311,John Jones,Clinic,United States,Denver,Colorado,80201,West,MS-WC-10000002,Medical Supplies,Wound Care,Dynarex Non-Adherent Sterile Dressing Pads 3x4in,236.32,8,0,63.9485
1302,HC-2018-845191,10/2/2018,10/10/2018,Standard Class,NP-94696,Noah Perez,Clinic,United States,Albuquerque,New Mexico,87101,West,MS-G&-10000009,Medical Supplies,Gloves & PPE,Dynarex SafeTouch Latex-Free Vinyl Gloves Medium,328.464,6,0.2,83.3174
1303,HC-2018-172322,8/8/2018,8/10/2018,First Class,MR-70332,Michael Ramirez,Home Care,United States,San Francisco,California,94101,West,P-IS-10000047,Pharmaceutical,IV Solutions,B. Braun Lactated Ringer's Injection 1000mL,368.75,10,0.5,-7.8345
1304,HC-2016-474065,2/29/2016,3/6/2016,Standard Class,LJ-41266,Lisa Jones,Health System,United States,Seattle,Washington,98101,West,P-IS-10000045,Pharmaceutical,IV Solutions,Baxter 0.9% Sodium Chloride Injection 1000mL,448.64,8,0.5,-46.0697
1305,HC-2015-524137,8/24/2015,8/28/2015,Standard Class,KM-86622,Karen Martinez,Health System,United States,Kansas City,Missouri,64101,Central,P-V&-10000050,Pharmaceutical,Vitamins & Supplements,Nature's Bounty Vitamin D3 2000IU 240 Softgels,105.33,5,0.4,16.0529
1306,HC-2018-950249,9/29/2018,10/7/2018,Standard Class,JR-30861,Joseph Robinson,Health System,United States,Louisville,Kentucky,40201,South,DE-IS-10000030,Diagnostic Equipment,Imaging Supplies,Covidien Kendall Ultrasound Gel 8.5oz,460.584,3,0.2,175.9767
1307,HC-2018-994164,1/2/2018,1/7/2018,Standard Class,NW-98777,Noah Wilson,Home Care,United States,New York,New York,10001,East,P-IS-10000045,Pharmaceutical,IV Solutions,Baxter 0.9% Sodium Chloride Injection 1000mL,426.305,11,0.5,60.5014
1308,HC-2016-101568,1/22/2016,1/30/2016,Standard Class,MS-17331,Mason Sanchez,Health System,United States,Buffalo,New York,14201,East,MS-S&-10000013,Medical Supplies,Syringes & Needles,Terumo 10mL Hypodermic Syringe with Needle,139.4,5,0,47.7113
1309,HC-2015-860425,9/20/2015,9/26/2015,Standard Class,NP-94696,Noah Perez,Health System,United States,Newark,New Jersey,7101,East,DE-LS-10000039,Diagnostic Equipment,Lab Supplies,Fisherbrand Microcentrifuge Tubes 1.5mL 500pk,240.471,7,0.1,70.1254
1310,HC-2016-357229,11/1/2016,11/5/2016,Standard Class,LL-24322,Liam Lopez,Clinic,United States,Houston,Texas,77001,South,DE-MD-10000023,Diagnostic Equipment,Monitoring Devices,Omron HEM-7320 Upper Arm Blood Pressure Monitor,2500.12,7,0,767.1773
1311,HC-2015-770416,9/20/2015,9/24/2015,Second Class,AJ-26828,Ava Jones,Health System,United States,Milwaukee,Wisconsin,53201,Central,MS-B&-10000018,Medical Supplies,Bandages & Tape,Medline Non-Sterile Rolled Gauze 2in x 4.1yd,35.67,5,0.4,-4.2491
1312,HC-2018-917351,1/26/2018,1/27/2018,Same Day,CM-51467,Charles Moore,Home Care,United States,Miami,Florida,33101,South,DE-IS-10000034,Diagnostic Equipment,Imaging Supplies,Carestream Health X-Omat Developer Solution,335.8725,3,0.05,-65.8355
1313,HC-2016-491948,9/7/2016,9/10/2016,Second Class,WW-37653,William Williams,Health System,United States,Charlotte,North Carolina,28201,South,P-IS-10000047,Pharmaceutical,IV Solutions,B. Braun Lactated Ringer's Injection 1000mL,218.484,4,0.3,13.5598
1314,HC-2016-619618,10/10/2016,10/12/2016,Second Class,NM-77000,Noah Miller,Health System,United States,Charlotte,North Carolina,28201,South,P-IS-10000048,Pharmaceutical,IV Solutions,ICU Medical Normal Saline 250mL IV Bag,58.96,4,0.5,6.9976
1315,HC-2017-196573,10/25/2017,10/30/2017,Second Class,JL-27146,James Lopez,Clinic,United States,Miami,Florida,33101,South,MS-S&-10000011,Medical Supplies,Syringes & Needles,Covidien Monoject 1mL Insulin Syringe 28G,128.223,9,0.1,27.461
1316,HC-2015-543804,1/31/2015,2/4/2015,Standard Class,SM-16658,Sarah Martinez,Clinic,United States,New Orleans,Louisiana,70112,South,DE-TK-10000027,Diagnostic Equipment,Testing Kits,Quidel QuickVue Influenza A+B Test Kit 25ct,2001.3,14,0,-361.8061
1317,HC-2015-294006,5/28/2015,5/31/2015,Second Class,ID-23238,Isabella Davis,Health System,United States,Los Angeles,California,90001,West,P-IS-10000047,Pharmaceutical,IV Solutions,B. Braun Lactated Ringer's Injection 1000mL,706.08,12,0.5,37.0358
1318,HC-2015-138449,10/10/2015,10/16/2015,Standard Class,NM-83259,Noah Moore,Health System,United States,New York,New York,10001,East,MS-S&-10000010,Medical Supplies,Syringes & Needles,BD 3mL Luer-Lok Syringe with 21G Needle,109.44,12,0.2,32.0963
1319,HC-2017-435036,4/2/2017,4/5/2017,Second Class,RW-22676,Robert Wilson,Health System,United States,Atlanta,Georgia,30301,South,MS-G&-10000006,Medical Supplies,Gloves & PPE,Kimberly-Clark Purple Nitrile Exam Gloves Large,57.21,1,0,14.6204
1320,HC-2015-481280,6/4/2015,6/8/2015,Second Class,JB-42493,Joseph Brown,Health System,United States,Dallas,Texas,75201,South,MS-B&-10000015,Medical Supplies,Bandages & Tape,3M Micropore Surgical Tape 1in x 10yd,62.19,3,0,20.3105
1321,HC-2016-931574,11/13/2016,11/19/2016,Standard Class,LM-49446,Lisa Martin,Clinic,United States,Pittsburgh,Pennsylvania,15201,East,MS-G&-10000007,Medical Supplies,Gloves & PPE,Medline SensiCare Ice Blue Nitrile Gloves Small,325.647,7,0.1,71.2077
1322,HC-2016-285961,5/21/2016,5/26/2016,Standard Class,JH-53540,Jennifer Harris,Clinic,United States,Birmingham,Alabama,35201,South,P-IS-10000046,Pharmaceutical,IV Solutions,Hospira 5% Dextrose Injection USP 500mL,622.944,14,0.2,58.2447
1323,HC-2017-925789,4/7/2017,4/13/2017,Standard Class,IT-39154,Isabella Taylor,Home Care,United States,San Francisco,California,94101,West,MS-WC-10000004,Medical Supplies,Wound Care,Covidien Kendall Hydrogel Dressing 4x4in,278.635,7,0.05,-22.4073
1324,HC-2017-901829,1/26/2017,1/31/2017,Standard Class,CM-51467,Charles Moore,Clinic,United States,Salt Lake City,Utah,84101,West,DE-LS-10000037,Diagnostic Equipment,Lab Supplies,Corning 50mL Polypropylene Centrifuge Tubes 25pk,510.18,6,0,-67.8006
1325,HC-2018-412276,3/26/2018,3/31/2018,Standard Class,EM-20322,Ethan Martin,Clinic,United States,San Francisco,California,94101,West,MS-S&-10000013,Medical Supplies,Syringes & Needles,Terumo 10mL Hypodermic Syringe with Needle,69.696,11,0.1,-9.8322
1326,HC-2016-801241,10/25/2016,10/26/2016,Same Day,LJ-17989,Liam Jackson,Clinic,United States,Albuquerque,New Mexico,87101,West,P-OM-10000043,Pharmaceutical,OTC Medications,Pepcid AC Maximum Strength 20mg 50ct,189.574,7,0.45,-7.8626
1327,HC-2018-919579,1/23/2018,1/25/2018,Second Class,PL-66959,Patricia Lee,Health System,United States,Cleveland,Ohio,44101,Central,P-V&-10000051,Pharmaceutical,Vitamins & Supplements,Centrum Silver Multivitamin Adults 50+ 250ct,44.604,2,0.4,2.3643
1328,HC-2017-680796,2/16/2017,2/20/2017,Standard Class,LL-68008,Lisa Lopez,Health System,United States,Birmingham,Alabama,35201,South,P-OM-10000044,Pharmaceutical,OTC Medications,Zyrtec Allergy 10mg Cetirizine Tablets 70ct,268.569,7,0.3,33.4635
1329,HC-2016-885032,8/7/2016,8/11/2016,Second Class,DT-12552,David Taylor,Clinic,United States,Portland,Oregon,97201,West,P-V&-10000051,Pharmaceutical,Vitamins & Supplements,Centrum Silver Multivitamin Adults 50+ 250ct,204.288,12,0.3,30.1498
1330,HC-2016-800207,1/27/2016,1/31/2016,Standard Class,LR-14207,Linda Ramirez,Health System,United States,Birmingham,Alabama,35201,South,MS-G&-10000008,Medical Supplies,Gloves & PPE,Cardinal Health Flexal Nitrile Exam Gloves XL,334.712,7,0.2,-31.9217
1331,HC-2015-508556,2/22/2015,2/24/2015,First Class,IB-30033,Isabella Brown,Health System,United States,Sacramento,California,95814,West,MS-G&-10000007,Medical Supplies,Gloves & PPE,Medline SensiCare Ice Blue Nitrile Gloves Small,654.0,10,0,132.5774
1332,HC-2018-325909,3/8/2018,3/12/2018,Standard Class,MM-36772,Mia Martinez,Health System,United States,Miami,Florida,33101,South,DE-LS-10000038,Diagnostic Equipment,Lab Supplies,Globe Scientific Disposable Transfer Pipettes 3mL,268.672,4,0.2,73.8113
1333,HC-2016-729665,7/30/2016,8/3/2016,Standard Class,MP-46347,Mason Perez,Home Care,United States,Boston,Massachusetts,2101,East,MS-WC-10000000,Medical Supplies,Wound Care,3M Tegaderm Transparent Film Dressing 4x4.75in,382.869,9,0.05,76.8594
1334,HC-2018-257833,12/25/2018,12/29/2018,Standard Class,LT-80284,Liam Thomas,Home Care,United States,Kansas City,Missouri,64101,Central,P-V&-10000053,Pharmaceutical,Vitamins & Supplements,Mason Natural Zinc 50mg Tablets 100ct,43.84,2,0.5,7.8869
1335,HC-2018-263511,5/18/2018,5/20/2018,Second Class,NL-40828,Noah Lewis,Health System,United States,Charlotte,North Carolina,28201,South,MS-G&-10000007,Medical Supplies,Gloves & PPE,Medline SensiCare Ice Blue Nitrile Gloves Small,178.01,7,0,-34.0788
1336,HC-2018-925443,10/6/2018,10/8/2018,First Class,MM-15778,Mason Martinez,Health System,United States,St. Louis,Missouri,63101,Central,DE-MD-10000020,Diagnostic Equipment,Monitoring Devices,Welch Allyn Connex Spot Monitor with SpO2,1326.168,2,0.1,524.3416
1337,HC-2017-432517,12/2/2017,12/6/2017,Standard Class,SP-79329,Sophia Perez,Clinic,United States,Louisville,Kentucky,40201,South,MS-B&-10000015,Medical Supplies,Bandages & Tape,3M Micropore Surgical Tape 1in x 10yd,202.2,10,0,-30.2451
1338,HC-2017-139331,11/10/2017,11/15/2017,Standard Class,LR-14207,Linda Ramirez,Clinic,United States,Baltimore,Maryland,21201,East,P-IS-10000047,Pharmaceutical,IV Solutions,B. Braun Lactated Ringer's Injection 1000mL,89.617,2,0.45,-3.5421
1339,HC-2016-186403,8/9/2016,8/15/2016,Standard Class,WW-69638,William Walker,Health System,United States,Los Angeles,California,90001,West,DE-TK-10000027,Diagnostic Equipment,Testing Kits,Quidel QuickVue Influenza A+B Test Kit 25ct,263.76,10,0.2,80.8869
1340,HC-2017-875520,3/6/2017,3/12/2017,Standard Class,SP-41358,Sarah Perez,Health System,United States,Charlotte,North Carolina,28201,South,DE-MD-10000020,Diagnostic Equipment,Monitoring Devices,Welch Allyn Connex Spot Monitor with SpO2,1370.22,6,0,434.7869
1341,HC-2018-631296,12/20/2018,12/28/2018,Standard Class,MS-19508,Mia Sanchez,Health System,United States,Portland,Oregon,97201,West,P-V&-10000051,Pharmaceutical,Vitamins & Supplements,Centrum Silver Multivitamin Adults 50+ 250ct,39.368,1,0.2,4.9923
1342,HC-2016-577820,3/2/2016,3/7/2016,Standard Class,MP-75435,Michael Perez,Health System,United States,Kansas City,Missouri,64101,Central,MS-B&-10000018,Medical Supplies,Bandages & Tape,Medline Non-Sterile Rolled Gauze 2in x 4.1yd,67.32,11,0.1,17.5718
1343,HC-2015-105341,1/17/2015,1/23/2015,Standard Class,JC-82132,Joseph Clark,Health System,United States,Detroit,Michigan,48201,Central,DE-LS-10000036,Diagnostic Equipment,Lab Supplies,BD Vacutainer EDTA Blood Collection Tubes 10mL,385.567,13,0.3,124.303
1344,HC-2017-527445,4/23/2017,4/27/2017,Standard Class,JC-77889,Jennifer Clark,Health System,United States,Albuquerque,New Mexico,87101,West,MS-G&-10000009,Medical Supplies,Gloves & PPE,Dynarex SafeTouch Latex-Free Vinyl Gloves Medium,121.94,2,0,43.1712
1345,HC-2015-593923,10/14/2015,10/19/2015,Standard Class,JT-94607,John Thompson,Health System,United States,Las Vegas,Nevada,89101,West,DE-TK-10000029,Diagnostic Equipment,Testing Kits,McKesson Blood Glucose Test Strips 100ct,438.8,10,0.2,148.7967
1346,HC-2015-838754,1/3/2015,1/7/2015,Second Class,RS-16175,Robert Sanchez,Health System,United States,Boston,Massachusetts,2101,East,MS-G&-10000007,Medical Supplies,Gloves & PPE,Medline SensiCare Ice Blue Nitrile Gloves Small,562.128,14,0.3,207.5031
1347,HC-2016-929995,2/2/2016,2/7/2016,Standard Class,NH-81482,Noah Harris,Clinic,United States,Louisville,Kentucky,40201,South,DE-IS-10000030,Diagnostic Equipment,Imaging Supplies,Covidien Kendall Ultrasound Gel 8.5oz,1877.7,11,0,-463.3794
1348,HC-2015-124882,3/25/2015,3/29/2015,Standard Class,MP-83000,Mia Perez,Health System,United States,Louisville,Kentucky,40201,South,DE-MD-10000024,Diagnostic Equipment,Monitoring Devices,A&D Medical UA-767FAM Multi-User BP Monitor,3857.28,14,0.2,1576.2561
1349,HC-2016-401896,9/9/2016,9/17/2016,Standard Class,RB-84668,Richard Brown,Home Care,United States,Boston,Massachusetts,2101,East,DE-LS-10000038,Diagnostic Equipment,Lab Supplies,Globe Scientific Disposable Transfer Pipettes 3mL,472.549,11,0.05,155.9981
1350,HC-2018-773684,10/12/2018,10/19/2018,Standard Class,WS-65255,William Sanchez,Clinic,United States,Charlotte,North Carolina,28201,South,P-OM-10000041,Pharmaceutical,OTC Medications,Ibuprofen USP 200mg Tablets 500ct Bulk,265.84,10,0.2,36.3649
1351,HC-2017-679390,6/29/2017,7/1/2017,First Class,EA-83519,Emma Anderson,Health System,United States,New York,New York,10001,East,DE-IS-10000033,Diagnostic Equipment,Imaging Supplies,3M Scotchcast Plus Fiberglass Casting Tape 2in,1620.24,10,0.2,455.6313
1352,HC-2018-822962,1/20/2018,1/22/2018,Second Class,MT-39871,Mary Thompson,Clinic,United States,Buffalo,New York,14201,East,DE-IS-10000031,Diagnostic Equipment,Imaging Supplies,Parker Aquasonic 100 Ultrasound Transmission Gel,1501.344,13,0.2,-183.6625
1353,HC-2017-187025,3/6/2017,3/13/2017,Standard Class,MP-91070,Mason Perez,Health System,United States,Richmond,Virginia,23218,East,DE-IS-10000031,Diagnostic Equipment,Imaging Supplies,Parker Aquasonic 100 Ultrasound Transmission Gel,255.44,2,0,-46.5388
1354,HC-2015-602174,5/22/2015,5/24/2015,First Class,LW-84847,Liam Walker,Clinic,United States,Los Angeles,California,90001,West,P-IS-10000049,Pharmaceutical,IV Solutions,Fresenius Kabi Sterile Water for Injection 1000mL,492.349,11,0.45,43.5477
1355,HC-2016-362702,1/5/2016,1/7/2016,First Class,MS-88504,Mia Smith,Health System,United States,Phoenix,Arizona,85001,West,MS-G&-10000007,Medical Supplies,Gloves & PPE,Medline SensiCare Ice Blue Nitrile Gloves Small,608.92,13,0,-57.1852
1356,HC-2018-660544,12/23/2018,12/27/2018,Second Class,OM-31178,Olivia Martinez,Clinic,United States,New Orleans,Louisiana,70112,South,DE-IS-10000033,Diagnostic Equipment,Imaging Supplies,3M Scotchcast Plus Fiberglass Casting Tape 2in,919.9,10,0,-109.2232
1357,HC-2015-750728,1/31/2015,2/5/2015,Second Class,DT-12552,David Taylor,Health System,United States,Miami,Florida,33101,South,DE-IS-10000032,Diagnostic Equipment,Imaging Supplies,Medline X-Ray Film Processing Chemical Kit,195.664,4,0.3,-27.7663
1358,HC-2015-292750,10/13/2015,10/17/2015,Second Class,CM-15014,Charles Martinez,Clinic,United States,Kansas City,Missouri,64101,Central,P-V&-10000054,Pharmaceutical,Vitamins & Supplements,Nature Made Fish Oil 1200mg 200 Softgels,17.715,3,0.5,1.5663
1359,HC-2015-817747,9/26/2015,10/1/2015,Second Class,EA-13248,Ethan Anderson,Home Care,United States,Kansas City,Missouri,64101,Central,MS-G&-10000008,Medical Supplies,Gloves & PPE,Cardinal Health Flexal Nitrile Exam Gloves XL,114.03,4,0.25,40.1029
1360,HC-2018-151116,4/15/2018,4/19/2018,Second Class,AR-31465,Ava Ramirez,Health System,United States,Houston,Texas,77001,South,MS-G&-10000006,Medical Supplies,Gloves & PPE,Kimberly-Clark Purple Nitrile Exam Gloves Large,263.9,10,0,-29.3332
1361,HC-2015-494865,1/5/2015,1/9/2015,Second Class,JJ-15482,Jessica Jones,Health System,United States,Atlanta,Georgia,30301,South,P-V&-10000052,Pharmaceutical,Vitamins & Supplements,Garden of Life Vitamin C Organic 60 Capsules,37.4,2,0.5,-2.1969
1362,HC-2016-243357,9/25/2016,9/30/2016,Standard Class,JG-46509,Jessica Garcia,Clinic,United States,Charlotte,North Carolina,28201,South,P-OM-10000040,Pharmaceutical,OTC Medications,Tylenol Extra Strength Acetaminophen 500mg 100ct,351.626,11,0.45,-23.3152
1363,HC-2015-744810,6/4/2015,6/10/2015,Standard Class,NR-80381,Noah Robinson,Health System,United States,Cincinnati,Ohio,45201,Central,DE-IS-10000031,Diagnostic Equipment,Imaging Supplies,Parker Aquasonic 100 Ultrasound Transmission Gel,1934.172,12,0.1,-312.5617
1364,HC-2018-921825,12/28/2018,12/31/2018,Second Class,EA-54597,Emma Anderson,Health System,United States,Buffalo,New York,14201,East,P-OM-10000044,Pharmaceutical,OTC Medications,Zyrtec Allergy 10mg Cetirizine Tablets 70ct,120.372,12,0.3,13.4796
1365,HC-2018-125208,7/3/2018,7/5/2018,Second Class,SC-32241,Sarah Clark,Clinic,United States,Albuquerque,New Mexico,87101,West,DE-LS-10000038,Diagnostic Equipment,Lab Supplies,Globe Scientific Disposable Transfer Pipettes 3mL,145.88,4,0,-14.6016
1366,HC-2015-485492,9/10/2015,9/15/2015,Standard Class,JA-53369,Jessica Anderson,Clinic,United States,Albuquerque,New Mexico,87101,West,DE-TK-10000028,Diagnostic Equipment,Testing Kits,BD Veritor System Flu A+B Analyzer,132.965,5,0.3,33.3003
1367,HC-2016-692025,1/30/2016,2/2/2016,Second Class,NC-62994,Noah Clark,Clinic,United States,Indianapolis,Indiana,46201,Central,P-OM-10000041,Pharmaceutical,OTC Medications,Ibuprofen USP 200mg Tablets 500ct Bulk,54.18,2,0.4,4.5378
1368,HC-2017-311503,2/17/2017,2/22/2017,Second Class,RL-37742,Richard Lopez,Clinic,United States,Boston,Massachusetts,2101,East,P-IS-10000048,Pharmaceutical,IV Solutions,ICU Medical Normal Saline 250mL IV Bag,75.95,2,0.3,12.8747
1369,HC-2015-407061,3/26/2015,4/2/2015,Standard Class,PL-66959,Patricia Lee,Clinic,United States,Philadelphia,Pennsylvania,19101,East,MS-B&-10000018,Medical Supplies,Bandages & Tape,Medline Non-Sterile Rolled Gauze 2in x 4.1yd,62.104,4,0.3,22.202
1370,HC-2015-805315,10/23/2015,10/24/2015,Same Day,WG-24168,William Garcia,Clinic,United States,Miami,Florida,33101,South,DE-IS-10000033,Diagnostic Equipment,Imaging Supplies,3M Scotchcast Plus Fiberglass Casting Tape 2in,1154.93,7,0,-225.7567
1371,HC-2015-430198,11/24/2015,11/26/2015,First Class,SS-31174,Susan Sanchez,Health System,United States,Chicago,Illinois,60601,Central,MS-B&-10000019,Medical Supplies,Bandages & Tape,Dukal Elastic Stretch Bandage 6in,53.76,10,0.2,-7.9156
1372,HC-2015-726290,8/13/2015,8/18/2015,Standard Class,JM-82603,James Martin,Clinic,United States,Buffalo,New York,14201,East,MS-S&-10000010,Medical Supplies,Syringes & Needles,BD 3mL Luer-Lok Syringe with 21G Needle,142.45,10,0.3,31.7809
1373,HC-2015-254501,10/11/2015,10/18/2015,Standard Class,EJ-53309,Ethan Johnson,Home Care,United States,Milwaukee,Wisconsin,53201,Central,MS-S&-10000013,Medical Supplies,Syringes & Needles,Terumo 10mL Hypodermic Syringe with Needle,150.514,14,0.35,55.2362
1374,HC-2018-581249,3/7/2018,3/9/2018,First Class,AH-20458,Ava Hernandez,Clinic,United States,Detroit,Michigan,48201,Central,MS-G&-10000006,Medical Supplies,Gloves & PPE,Kimberly-Clark Purple Nitrile Exam Gloves Large,455.058,9,0.1,-36.1719
1375,HC-2016-611954,1/31/2016,2/4/2016,Standard Class,SH-51114,Susan Harris,Health System,United States,Detroit,Michigan,48201,Central,DE-LS-10000035,Diagnostic Equipment,Lab Supplies,Thermo Scientific Nunc CryoTube Vials 1.8mL 100pk,276.948,7,0.3,73.0982
1376,HC-2017-855018,12/1/2017,12/3/2017,Second Class,MT-39871,Mary Thompson,Health System,United States,Kansas City,Missouri,64101,Central,P-V&-10000052,Pharmaceutical,Vitamins & Supplements,Garden of Life Vitamin C Organic 60 Capsules,72.85,5,0.5,-6.8285
1377,HC-2016-734652,3/11/2016,3/15/2016,Standard Class,LG-71261,Liam Garcia,Health System,United States,Cleveland,Ohio,44101,Central,DE-LS-10000035,Diagnostic Equipment,Lab Supplies,Thermo Scientific Nunc CryoTube Vials 1.8mL 100pk,555.786,7,0.1,216.959
1378,HC-2018-252642,5/12/2018,5/19/2018,Standard Class,RM-41195,Robert Moore,Health System,United States,Houston,Texas,77001,South,DE-IS-10000030,Diagnostic Equipment,Imaging Supplies,Covidien Kendall Ultrasound Gel 8.5oz,919.12,4,0,211.3826
1379,HC-2015-667167,6/8/2015,6/12/2015,Standard Class,JG-56566,Jennifer Gonzalez,Clinic,United States,Albuquerque,New Mexico,87101,West,MS-G&-10000009,Medical Supplies,Gloves & PPE,Dynarex SafeTouch Latex-Free Vinyl Gloves Medium,495.12,10,0.2,164.1157
1380,HC-2016-633694,8/8/2016,8/12/2016,Second Class,NR-80282,Noah Ramirez,Health System,United States,Dallas,Texas,75201,South,DE-MD-10000021,Diagnostic Equipment,Monitoring Devices,Nonin Onyx Vantage 9590 Finger Pulse Oximeter,2464.768,4,0.2,854.9321
1381,HC-2016-208117,3/20/2016,3/28/2016,Standard Class,MD-76237,Michael Davis,Clinic,United States,Houston,Texas,77001,South,DE-IS-10000033,Diagnostic Equipment,Imaging Supplies,3M Scotchcast Plus Fiberglass Casting Tape 2in,165.6,2,0.1,-25.7117
1382,HC-2018-827622,1/29/2018,1/31/2018,Second Class,IR-64921,Isabella Robinson,Health System,United States,Minneapolis,Minnesota,55401,Central,P-V&-10000051,Pharmaceutical,Vitamins & Supplements,Centrum Silver Multivitamin Adults 50+ 250ct,39.648,2,0.3,-1.5194
1383,HC-2015-267595,8/20/2015,8/27/2015,Standard Class,ST-63354,Sophia Taylor,Health System,United States,Albuquerque,New Mexico,87101,West,DE-MD-10000023,Diagnostic Equipment,Monitoring Devices,Omron HEM-7320 Upper Arm Blood Pressure Monitor,9581.16,12,0,3765.0845
1384,HC-2018-839863,1/3/2018,1/7/2018,Second Class,NM-77000,Noah Miller,Health System,United States,Charlotte,North Carolina,28201,South,MS-S&-10000011,Medical Supplies,Syringes & Needles,Covidien Monoject 1mL Insulin Syringe 28G,56.48,4,0,-10.0207
1385,HC-2017-169767,11/8/2017,11/13/2017,Second Class,MP-91070,Mason Perez,Health System,United States,Memphis,Tennessee,38101,South,P-IS-10000049,Pharmaceutical,IV Solutions,Fresenius Kabi Sterile Water for Injection 1000mL,390.544,7,0.45,44.1448
1386,HC-2015-287453,1/9/2015,1/14/2015,Standard Class,CM-60328,Charles Miller,Health System,United States,Richmond,Virginia,23218,East,DE-LS-10000038,Diagnostic Equipment,Lab Supplies,Globe Scientific Disposable Transfer Pipettes 3mL,803.088,13,0.2,212.333
1387,HC-2018-589806,12/25/2018,12/31/2018,Standard Class,KS-61645,Karen Smith,Health System,United States,Denver,Colorado,80201,West,MS-WC-10000004,Medical Supplies,Wound Care,Covidien Kendall Hydrogel Dressing 4x4in,335.2,8,0,119.7335
1388,HC-2018-226741,8/1/2018,8/3/2018,First Class,NH-25014,Noah Harris,Clinic,United States,Hartford,Connecticut,6101,East,P-IS-10000046,Pharmaceutical,IV Solutions,Hospira 5% Dextrose Injection USP 500mL,342.54,12,0.45,-18.4727
1389,HC-2016-851124,2/11/2016,2/18/2016,Standard Class,MS-88504,Mia Smith,Health System,United States,Kansas City,Missouri,64101,Central,DE-TK-10000026,Diagnostic Equipment,Testing Kits,Roche Accu-Chek Guide Blood Glucose Meter Kit,283.04,5,0.2,74.5305
1390,HC-2018-226153,9/10/2018,9/12/2018,First Class,LR-32810,Liam Robinson,Home Care,United States,Birmingham,Alabama,35201,South,P-V&-10000054,Pharmaceutical,Vitamins & Supplements,Nature Made Fish Oil 1200mg 200 Softgels,44.85,2,0.35,-2.5523
1391,HC-2016-649469,12/17/2016,12/24/2016,Standard Class,MW-53025,Michael Wilson,Clinic,United States,Sacramento,California,95814,West,MS-G&-10000007,Medical Supplies,Gloves & PPE,Medline SensiCare Ice Blue Nitrile Gloves Small,64.97,1,0,19.6858
1392,HC-2015-305810,11/8/2015,11/10/2015,First Class,ST-42527,Sophia Thompson,Clinic,United States,St. Louis,Missouri,63101,Central,DE-TK-10000026,Diagnostic Equipment,Testing Kits,Roche Accu-Chek Guide Blood Glucose Meter Kit,62.594,2,0.3,-14.7213
1393,HC-2017-186629,7/28/2017,8/2/2017,Standard Class,KL-11504,Karen Lewis,Health System,United States,Seattle,Washington,98101,West,DE-MD-10000020,Diagnostic Equipment,Monitoring Devices,Welch Allyn Connex Spot Monitor with SpO2,863.576,7,0.2,333.1338
1394,HC-2017-985727,5/8/2017,5/15/2017,Standard Class,NL-40828,Noah Lewis,Clinic,United States,Sacramento,California,95814,West,DE-IS-10000034,Diagnostic Equipment,Imaging Supplies,Carestream Health X-Omat Developer Solution,820.638,9,0.3,213.9088
1395,HC-2016-957947,2/28/2016,3/1/2016,First Class,JJ-44718,Joseph Jones,Clinic,United States,San Francisco,California,94101,West,DE-LS-10000036,Diagnostic Equipment,Lab Supplies,BD Vacutainer EDTA Blood Collection Tubes 10mL,1122.048,12,0.2,-181.6934
1396,HC-2018-855608,9/8/2018,9/14/2018,Standard Class,AH-36365,Ava Harris,Health System,United States,Portland,Oregon,97201,West,DE-TK-10000027,Diagnostic Equipment,Testing Kits,Quidel QuickVue Influenza A+B Test Kit 25ct,330.33,13,0,118.2057
1397,HC-2015-190194,2/12/2015,2/18/2015,Standard Class,SM-16658,Sarah Martinez,Clinic,United States,Buffalo,New York,14201,East,P-OM-10000044,Pharmaceutical,OTC Medications,Zyrtec Allergy 10mg Cetirizine Tablets 70ct,168.98,5,0.3,19.334
1398,HC-2017-717960,2/20/2017,2/24/2017,Standard Class,LT-80284,Liam Thomas,Health System,United States,Houston,Texas,77001,South,MS-G&-10000005,Medical Supplies,Gloves & PPE,Ansell TouchNTuff Nitrile Disposable Gloves Medium,446.49,9,0,145.2984
1399,HC-2015-729288,12/22/2015,12/23/2015,Same Day,KS-61645,Karen Smith,Health System,United States,Pittsburgh,Pennsylvania,15201,East,MS-WC-10000004,Medical Supplies,Wound Care,Covidien Kendall Hydrogel Dressing 4x4in,35.37,1,0,-4.5451
1400,HC-2017-247147,5/4/2017,5/9/2017,Second Class,WW-37653,William Williams,Clinic,United States,Houston,Texas,77001,South,MS-B&-10000019,Medical Supplies,Bandages & Tape,Dukal Elastic Stretch Bandage 6in,52.92,14,0.3,17.5804
1401,HC-2015-813955,1/8/2015,1/10/2015,First Class,PG-83385,Patricia Gonzalez,Health System,United States,Minneapolis,Minnesota,55401,Central,P-OM-10000041,Pharmaceutical,OTC Medications,Ibuprofen USP 200mg Tablets 500ct Bulk,52.1,10,0.5,-5.3418
1402,HC-2017-528020,10/28/2017,10/30/2017,Second Class,JJ-83060,Joseph Johnson,Clinic,United States,New Orleans,Louisiana,70112,South,P-IS-10000045,Pharmaceutical,IV Solutions,Baxter 0.9% Sodium Chloride Injection 1000mL,105.325,2,0.45,11.1148
1403,HC-2017-553448,11/8/2017,11/16/2017,Standard Class,RS-61173,Richard Smith,Health System,United States,Denver,Colorado,80201,West,P-V&-10000052,Pharmaceutical,Vitamins & Supplements,Garden of Life Vitamin C Organic 60 Capsules,59.598,12,0.45,9.7909
1404,HC-2015-569286,12/19/2015,12/24/2015,Second Class,LW-84847,Liam Walker,Health System,United States,Albuquerque,New Mexico,87101,West,P-IS-10000045,Pharmaceutical,IV Solutions,Baxter 0.9% Sodium Chloride Injection 1000mL,1126.608,14,0.3,-50.2539
1405,HC-2015-752724,1/2/2015,1/8/2015,Standard Class,JJ-15482,Jessica Jones,Health System,United States,Boston,Massachusetts,2101,East,DE-LS-10000038,Diagnostic Equipment,Lab Supplies,Globe Scientific Disposable Transfer Pipettes 3mL,148.752,6,0.2,-23.0381
1406,HC-2016-230860,8/29/2016,8/31/2016,First Class,WJ-55745,William Jones,Home Care,United States,Houston,Texas,77001,South,DE-MD-10000023,Diagnostic Equipment,Monitoring Devices,Omron HEM-7320 Upper Arm Blood Pressure Monitor,2545.695,9,0.25,656.0108
1407,HC-2015-184178,10/12/2015,10/13/2015,Same Day,NM-77000,Noah Miller,Clinic,United States,Seattle,Washington,98101,West,P-OM-10000042,Pharmaceutical,OTC Medications,Bayer Aspirin 325mg Enteric Coated 300ct,18.14,1,0.5,1.7585
1408,HC-2015-688437,1/9/2015,1/13/2015,Second Class,TT-92960,Thomas Thompson,Clinic,United States,Philadelphia,Pennsylvania,19101,East,DE-IS-10000033,Diagnostic Equipment,Imaging Supplies,3M Scotchcast Plus Fiberglass Casting Tape 2in,2731.63,11,0,952.0061
1409,HC-2018-976203,4/22/2018,4/25/2018,Second Class,CM-15014,Charles Martinez,Clinic,United States,Boston,Massachusetts,2101,East,P-OM-10000043,Pharmaceutical,OTC Medications,Pepcid AC Maximum Strength 20mg 50ct,190.08,10,0.2,-11.6551
1410,HC-2016-116438,12/6/2016,12/9/2016,Second Class,WR-20735,William Ramirez,Home Care,United States,Denver,Colorado,80201,West,DE-TK-10000025,Diagnostic Equipment,Testing Kits,Abbott BinaxNOW COVID-19 Antigen Rapid Test 2-Pack,162.66,8,0.25,42.1473
1411,HC-2017-126091,2/27/2017,3/7/2017,Standard Class,KM-76307,Karen Miller,Clinic,United States,Denver,Colorado,80201,West,P-IS-10000048,Pharmaceutical,IV Solutions,ICU Medical Normal Saline 250mL IV Bag,650.46,12,0.5,97.0117
1412,HC-2018-927311,5/8/2018,5/14/2018,Standard Class,MP-46347,Mason Perez,Clinic,United States,New Orleans,Louisiana,70112,South,MS-S&-10000012,Medical Supplies,Syringes & Needles,Nipro 5mL Luer Slip Disposable Syringe,67.98,6,0,15.695
1413,HC-2016-631288,7/28/2016,8/3/2016,Standard Class,JT-86503,Jessica Thompson,Health System,United States,Cleveland,Ohio,44101,Central,MS-S&-10000014,Medical Supplies,Syringes & Needles,BD Eclipse Safety Needle 25G 1in,65.912,4,0.3,24.2527
1414,HC-2016-595727,3/18/2016,3/26/2016,Standard Class,JA-92544,Joseph Anderson,Health System,United States,Phoenix,Arizona,85001,West,DE-LS-10000035,Diagnostic Equipment,Lab Supplies,Thermo Scientific Nunc CryoTube Vials 1.8mL 100pk,1120.5,10,0,-120.4496
1415,HC-2016-900230,5/30/2016,6/1/2016,First Class,AC-30926,Ava Clark,Health System,United States,Newark,New Jersey,7101,East,P-IS-10000047,Pharmaceutical,IV Solutions,B. Braun Lactated Ringer's Injection 1000mL,479.856,6,0.2,-36.6988
1416,HC-2016-694694,7/5/2016,7/7/2016,Second Class,CT-41850,Charles Taylor,Health System,United States,Las Vegas,Nevada,89101,West,MS-B&-10000018,Medical Supplies,Bandages & Tape,Medline Non-Sterile Rolled Gauze 2in x 4.1yd,94.716,12,0.1,-20.5381
1417,HC-2016-451359,10/6/2016,10/10/2016,Standard Class,SS-31174,Susan Sanchez,Health System,United States,Houston,Texas,77001,South,P-IS-10000045,Pharmaceutical,IV Solutions,Baxter 0.9% Sodium Chloride Injection 1000mL,304.865,11,0.5,42.8751
1418,HC-2015-586534,2/17/2015,2/18/2015,Same Day,KS-79514,Karen Sanchez,Home Care,United States,Miami,Florida,33101,South,P-IS-10000046,Pharmaceutical,IV Solutions,Hospira 5% Dextrose Injection USP 500mL,665.86,13,0.5,107.6039
1419,HC-2016-274975,1/21/2016,1/25/2016,Standard Class,NW-51180,Noah White,Clinic,United States,Charlotte,North Carolina,28201,South,DE-IS-10000031,Diagnostic Equipment,Imaging Supplies,Parker Aquasonic 100 Ultrasound Transmission Gel,3145.52,14,0,-314.2971
1420,HC-2018-654203,10/15/2018,10/19/2018,Second Class,PJ-95477,Patricia Johnson,Health System,United States,Newark,New Jersey,7101,East,MS-S&-10000012,Medical Supplies,Syringes & Needles,Nipro 5mL Luer Slip Disposable Syringe,24.62,2,0,-3.0173
1421,HC-2018-427852,7/5/2018,7/7/2018,Second Class,EA-13248,Ethan Anderson,Health System,United States,Las Vegas,Nevada,89101,West,P-OM-10000043,Pharmaceutical,OTC Medications,Pepcid AC Maximum Strength 20mg 50ct,408.863,13,0.3,-27.3794
1422,HC-2015-970795,8/9/2015,8/14/2015,Second Class,IM-76244,Isabella Martinez,Home Care,United States,Phoenix,Arizona,85001,West,DE-IS-10000033,Diagnostic Equipment,Imaging Supplies,3M Scotchcast Plus Fiberglass Casting Tape 2in,1590.3745,13,0.35,-235.0145
1423,HC-2015-717774,12/22/2015,12/26/2015,Second Class,LS-83563,Lisa Smith,Health System,United States,Memphis,Tennessee,38101,South,P-OM-10000043,Pharmaceutical,OTC Medications,Pepcid AC Maximum Strength 20mg 50ct,42.405,2,0.45,3.446
1424,HC-2015-249777,6/1/2015,6/7/2015,Standard Class,LG-71261,Liam Garcia,Clinic,United States,Portland,Oregon,97201,West,MS-B&-10000018,Medical Supplies,Bandages & Tape,Medline Non-Sterile Rolled Gauze 2in x 4.1yd,114.14,13,0,42.178
1425,HC-2016-520204,9/23/2016,9/25/2016,First Class,JM-48890,John Miller,Health System,United States,New York,New York,10001,East,DE-IS-10000030,Diagnostic Equipment,Imaging Supplies,Covidien Kendall Ultrasound Gel 8.5oz,525.552,3,0.2,134.0898
1426,HC-2015-215552,8/8/2015,8/12/2015,Second Class,EW-99593,Emma Walker,Health System,United States,Salt Lake City,Utah,84101,West,P-IS-10000047,Pharmaceutical,IV Solutions,B. Braun Lactated Ringer's Injection 1000mL,474.3,12,0.5,39.6699
1427,HC-2016-796749,2/20/2016,2/24/2016,Second Class,AJ-26828,Ava Jones,Home Care,United States,Minneapolis,Minnesota,55401,Central,P-IS-10000048,Pharmaceutical,IV Solutions,ICU Medical Normal Saline 250mL IV Bag,192.8135,11,0.45,10.0367
1428,HC-2017-866670,7/14/2017,7/16/2017,Second Class,ID-23238,Isabella Davis,Health System,United States,Birmingham,Alabama,35201,South,P-IS-10000046,Pharmaceutical,IV Solutions,Hospira 5% Dextrose Injection USP 500mL,244.824,3,0.2,31.1371
1429,HC-2017-219441,3/24/2017,3/28/2017,Second Class,LR-76162,Lisa Ramirez,Health System,United States,Memphis,Tennessee,38101,South,MS-S&-10000011,Medical Supplies,Syringes & Needles,Covidien Monoject 1mL Insulin Syringe 28G,189.288,11,0.1,-21.0083
1430,HC-2018-153601,8/10/2018,8/12/2018,First Class,IM-76244,Isabella Martinez,Health System,United States,Chicago,Illinois,60601,Central,MS-G&-10000005,Medical Supplies,Gloves & PPE,Ansell TouchNTuff Nitrile Disposable Gloves Medium,183.92,11,0.2,-36.2485
1431,HC-2017-627432,10/9/2017,10/12/2017,Second Class,MT-93130,Michael Thompson,Health System,United States,New York,New York,10001,East,DE-LS-10000038,Diagnostic Equipment,Lab Supplies,Globe Scientific Disposable Transfer Pipettes 3mL,153.692,11,0.3,35.2731
1432,HC-2016-351756,2/26/2016,3/3/2016,Standard Class,PW-57576,Patricia Walker,Clinic,United States,Seattle,Washington,98101,West,DE-MD-10000020,Diagnostic Equipment,Monitoring Devices,Welch Allyn Connex Spot Monitor with SpO2,500.92,4,0.3,165.2496
1433,HC-2017-671989,7/3/2017,7/7/2017,Second Class,JM-74686,John Moore,Health System,United States,Nashville,Tennessee,37201,South,DE-TK-10000026,Diagnostic Equipment,Testing Kits,Roche Accu-Chek Guide Blood Glucose Meter Kit,81.44,4,0.2,28.6267
1434,HC-2017-333060,1/10/2017,1/13/2017,Second Class,RT-53279,Robert Thompson,Clinic,United States,St. Louis,Missouri,63101,Central,DE-MD-10000021,Diagnostic Equipment,Monitoring Devices,Nonin Onyx Vantage 9590 Finger Pulse Oximeter,4152.071,11,0.3,-591.3284
1435,HC-2017-470764,2/18/2017,2/25/2017,Standard Class,WC-10851,William Clark,Health System,United States,Phoenix,Arizona,85001,West,MS-WC-10000002,Medical Supplies,Wound Care,Dynarex Non-Adherent Sterile Dressing Pads 3x4in,47.39,2,0.3,-3.603
1436,HC-2015-978654,1/19/2015,1/27/2015,Standard Class,SD-45774,Sarah Davis,Clinic,United States,Los Angeles,California,90001,West,P-IS-10000045,Pharmaceutical,IV Solutions,Baxter 0.9% Sodium Chloride Injection 1000mL,167.332,8,0.45,16.4439
1437,HC-2018-746798,6/28/2018,7/4/2018,Standard Class,MS-88504,Mia Smith,Clinic,United States,St. Louis,Missouri,63101,Central,DE-IS-10000032,Diagnostic Equipment,Imaging Supplies,Medline X-Ray Film Processing Chemical Kit,161.966,2,0.3,-16.6639
1438,HC-2016-713054,4/28/2016,5/6/2016,Standard Class,NW-73788,Noah White,Home Care,United States,Phoenix,Arizona,85001,West,DE-LS-10000035,Diagnostic Equipment,Lab Supplies,Thermo Scientific Nunc CryoTube Vials 1.8mL 100pk,132.496,7,0.35,-20.4487
1439,HC-2018-601038,1/18/2018,1/22/2018,Second Class,SH-61116,Susan Hernandez,Health System,United States,Dallas,Texas,75201,South,P-IS-10000045,Pharmaceutical,IV Solutions,Baxter 0.9% Sodium Chloride Injection 1000mL,54.885,3,0.5,7.4197
1440,HC-2018-862861,9/28/2018,10/2/2018,Second Class,JA-71213,Jessica Anderson,Clinic,United States,Kansas City,Missouri,64101,Central,MS-WC-10000002,Medical Supplies,Wound Care,Dynarex Non-Adherent Sterile Dressing Pads 3x4in,77.76,2,0.1,-10.6098
1441,HC-2018-657700,11/2/2018,11/8/2018,Standard Class,JL-77033,Jessica Lee,Health System,United States,Louisville,Kentucky,40201,South,P-IS-10000046,Pharmaceutical,IV Solutions,Hospira 5% Dextrose Injection USP 500mL,418.572,7,0.45,22.4094
1442,HC-2017-495737,3/6/2017,3/14/2017,Standard Class,KT-28373,Karen Thomas,Home Care,United States,Salt Lake City,Utah,84101,West,P-V&-10000051,Pharmaceutical,Vitamins & Supplements,Centrum Silver Multivitamin Adults 50+ 250ct,26.4225,5,0.35,-1.7952
1443,HC-2018-917327,8/5/2018,8/11/2018,Standard Class,PW-57576,Patricia Walker,Clinic,United States,Philadelphia,Pennsylvania,19101,East,P-V&-10000050,Pharmaceutical,Vitamins & Supplements,Nature's Bounty Vitamin D3 2000IU 240 Softgels,85.872,3,0.2,-5.1435
1444,HC-2016-669603,4/1/2016,4/5/2016,Second Class,SL-62581,Sophia Lopez,Clinic,United States,Phoenix,Arizona,85001,West,DE-TK-10000026,Diagnostic Equipment,Testing Kits,Roche Accu-Chek Guide Blood Glucose Meter Kit,470.7,5,0.1,115.2346
1445,HC-2015-651362,2/11/2015,2/16/2015,Second Class,LL-22240,Lisa Lopez,Health System,United States,Cincinnati,Ohio,45201,Central,P-V&-10000054,Pharmaceutical,Vitamins & Supplements,Nature Made Fish Oil 1200mg 200 Softgels,248.92,14,0.5,-24.8329
1446,HC-2016-928928,10/8/2016,10/10/2016,First Class,MG-66531,Michael Gonzalez,Clinic,United States,Nashville,Tennessee,37201,South,DE-LS-10000037,Diagnostic Equipment,Lab Supplies,Corning 50mL Polypropylene Centrifuge Tubes 25pk,110.816,2,0.2,38.1165
1447,HC-2015-969364,1/20/2015,1/27/2015,Standard Class,MB-22704,Michael Brown,Home Care,United States,Minneapolis,Minnesota,55401,Central,MS-G&-10000009,Medical Supplies,Gloves & PPE,Dynarex SafeTouch Latex-Free Vinyl Gloves Medium,143.055,6,0.45,35.8324
1448,HC-2017-701839,4/28/2017,5/3/2017,Standard Class,RR-94259,Richard Robinson,Clinic,United States,Albuquerque,New Mexico,87101,West,MS-WC-10000003,Medical Supplies,Wound Care,Smith & Nephew ALLEVYN Gentle Border Foam Dressing,66.288,3,0.2,12.5597
1449,HC-2017-941456,10/20/2017,10/21/2017,Same Day,JC-82132,Joseph Clark,Health System,United States,Philadelphia,Pennsylvania,19101,East,P-OM-10000043,Pharmaceutical,OTC Medications,Pepcid AC Maximum Strength 20mg 50ct,510.055,13,0.3,-18.3603
1450,HC-2017-730589,12/15/2017,12/21/2017,Standard Class,IL-65461,Isabella Lee,Health System,United States,New York,New York,10001,East,DE-IS-10000032,Diagnostic Equipment,Imaging Supplies,Medline X-Ray Film Processing Chemical Kit,688.8,6,0.2,-73.0077
1451,HC-2015-210982,9/11/2015,9/13/2015,First Class,BG-15229,Barbara Gonzalez,Home Care,United States,Philadelphia,Pennsylvania,19101,East,DE-IS-10000030,Diagnostic Equipment,Imaging Supplies,Covidien Kendall Ultrasound Gel 8.5oz,1920.6,12,0.25,-295.9851
1452,HC-2016-475398,1/9/2016,1/13/2016,Standard Class,NL-40828,Noah Lewis,Health System,United States,Buffalo,New York,14201,East,DE-MD-10000021,Diagnostic Equipment,Monitoring Devices,Nonin Onyx Vantage 9590 Finger Pulse Oximeter,6157.8,9,0,1746.7696
1453,HC-2016-793609,10/4/2016,10/8/2016,Standard Class,ES-85456,Emma Smith,Clinic,United States,Cincinnati,Ohio,45201,Central,P-IS-10000049,Pharmaceutical,IV Solutions,Fresenius Kabi Sterile Water for Injection 1000mL,123.05,10,0.5,16.7358
1454,HC-2015-836748,10/5/2015,10/7/2015,First Class,LW-54313,Linda Williams,Clinic,United States,Omaha,Nebraska,68101,Central,MS-B&-10000018,Medical Supplies,Bandages & Tape,Medline Non-Sterile Rolled Gauze 2in x 4.1yd,62.496,4,0.1,19.3844
1455,HC-2017-826045,11/6/2017,11/8/2017,First Class,JJ-70901,Joseph Jones,Clinic,United States,San Francisco,California,94101,West,MS-WC-10000003,Medical Supplies,Wound Care,Smith & Nephew ALLEVYN Gentle Border Foam Dressing,387.6,12,0,145.3206
1456,HC-2016-950141,9/17/2016,9/20/2016,Second Class,JA-73653,Jennifer Anderson,Clinic,United States,Birmingham,Alabama,35201,South,MS-B&-10000016,Medical Supplies,Bandages & Tape,Johnson & Johnson Elastikon Elastic Bandage 3in,28.368,4,0.1,6.8802
1457,HC-2016-356534,9/26/2016,9/30/2016,Second Class,BT-51441,Barbara Thomas,Health System,United States,New York,New York,10001,East,DE-MD-10000024,Diagnostic Equipment,Monitoring Devices,A&D Medical UA-767FAM Multi-User BP Monitor,2519.79,7,0,907.9064
1458,HC-2017-398851,11/20/2017,11/24/2017,Second Class,JT-97747,John Taylor,Clinic,United States,Chicago,Illinois,60601,Central,MS-S&-10000013,Medical Supplies,Syringes & Needles,Terumo 10mL Hypodermic Syringe with Needle,96.53,10,0.3,29.3459
1459,HC-2017-633275,8/15/2017,8/21/2017,Standard Class,RM-69429,Richard Martinez,Clinic,United States,Minneapolis,Minnesota,55401,Central,MS-B&-10000015,Medical Supplies,Bandages & Tape,3M Micropore Surgical Tape 1in x 10yd,151.368,14,0.4,29.3835
1460,HC-2016-845668,10/16/2016,10/19/2016,Second Class,AM-56025,Ava Martinez,Health System,United States,Philadelphia,Pennsylvania,19101,East,DE-LS-10000039,Diagnostic Equipment,Lab Supplies,Fisherbrand Microcentrifuge Tubes 1.5mL 500pk,474.432,7,0.2,120.8159
1461,HC-2018-920443,3/13/2018,3/18/2018,Second Class,MJ-91560,Mia Jones,Home Care,United States,Boston,Massachusetts,2101,East,MS-WC-10000004,Medical Supplies,Wound Care,Covidien Kendall Hydrogel Dressing 4x4in,315.523,13,0.35,76.0754
1462,HC-2015-945103,11/1/2015,11/9/2015,Standard Class,NA-56438,Noah Anderson,Health System,United States,Pittsburgh,Pennsylvania,15201,East,DE-TK-10000026,Diagnostic Equipment,Testing Kits,Roche Accu-Chek Guide Blood Glucose Meter Kit,519.12,8,0,-74.9107
1463,HC-2017-398087,2/19/2017,2/27/2017,Standard Class,JB-42493,Joseph Brown,Home Care,United States,Portland,Oregon,97201,West,MS-G&-10000008,Medical Supplies,Gloves & PPE,Cardinal Health Flexal Nitrile Exam Gloves XL,171.405,3,0.25,42.1577
1464,HC-2017-764379,7/10/2017,7/18/2017,Standard Class,WS-65255,William Sanchez,Home Care,United States,Kansas City,Missouri,64101,Central,P-V&-10000052,Pharmaceutical,Vitamins & Supplements,Garden of Life Vitamin C Organic 60 Capsules,134.28,8,0.5,21.8248
1465,HC-2017-941553,5/14/2017,5/16/2017,Second Class,JG-69470,Jessica Garcia,Health System,United States,Los Angeles,California,90001,West,P-V&-10000051,Pharmaceutical,Vitamins & Supplements,Centrum Silver Multivitamin Adults 50+ 250ct,58.5585,13,0.45,5.5179
1466,HC-2018-641426,2/1/2018,2/7/2018,Standard Class,MW-53025,Michael Wilson,Clinic,United States,Columbus,Ohio,43004,East,DE-LS-10000038,Diagnostic Equipment,Lab Supplies,Globe Scientific Disposable Transfer Pipettes 3mL,614.8,10,0.2,167.006
1467,HC-2018-184718,8/8/2018,8/10/2018,First Class,WW-37653,William Williams,Clinic,United States,Nashville,Tennessee,37201,South,MS-G&-10000009,Medical Supplies,Gloves & PPE,Dynarex SafeTouch Latex-Free Vinyl Gloves Medium,321.084,12,0.1,-25.7543
1468,HC-2017-819559,5/7/2017,5/11/2017,Standard Class,LT-87236,Linda Thomas,Health System,United States,Albuquerque,New Mexico,87101,West,MS-B&-10000018,Medical Supplies,Bandages & Tape,Medline Non-Sterile Rolled Gauze 2in x 4.1yd,71.64,5,0.2,25.6015
1469,HC-2016-119552,2/23/2016,2/27/2016,Second Class,OM-31178,Olivia Martinez,Clinic,United States,St. Louis,Missouri,63101,Central,DE-IS-10000030,Diagnostic Equipment,Imaging Supplies,Covidien Kendall Ultrasound Gel 8.5oz,1789.424,13,0.2,-323.9277
1470,HC-2016-971826,4/14/2016,4/20/2016,Standard Class,JC-77889,Jennifer Clark,Health System,United States,Cleveland,Ohio,44101,Central,P-V&-10000054,Pharmaceutical,Vitamins & Supplements,Nature Made Fish Oil 1200mg 200 Softgels,45.15,6,0.5,2.9875
1471,HC-2016-892272,11/7/2016,11/9/2016,First Class,JR-77839,Joseph Robinson,Health System,United States,Salt Lake City,Utah,84101,West,DE-IS-10000034,Diagnostic Equipment,Imaging Supplies,Carestream Health X-Omat Developer Solution,397.44,2,0.2,120.128
1472,HC-2017-467834,11/25/2017,12/3/2017,Standard Class,JA-53369,Jessica Anderson,Health System,United States,St. Louis,Missouri,63101,Central,MS-WC-10000000,Medical Supplies,Wound Care,3M Tegaderm Transparent Film Dressing 4x4.75in,10.56,2,0.4,-1.4059
1473,HC-2017-842510,2/11/2017,2/14/2017,Second Class,ER-50306,Ethan Ramirez,Home Care,United States,Newark,New Jersey,7101,East,DE-LS-10000037,Diagnostic Equipment,Lab Supplies,Corning 50mL Polypropylene Centrifuge Tubes 25pk,773.942,13,0.15,177.8167
1474,HC-2017-759415,3/4/2017,3/7/2017,Second Class,LL-24322,Liam Lopez,Clinic,United States,Nashville,Tennessee,37201,South,P-IS-10000048,Pharmaceutical,IV Solutions,ICU Medical Normal Saline 250mL IV Bag,354.35,10,0.5,51.7484
1475,HC-2016-599937,4/21/2016,4/24/2016,Second Class,RR-94259,Richard Robinson,Clinic,United States,Memphis,Tennessee,38101,South,P-V&-10000050,Pharmaceutical,Vitamins & Supplements,Nature's Bounty Vitamin D3 2000IU 240 Softgels,85.888,4,0.2,14.186
1476,HC-2017-830459,8/2/2017,8/7/2017,Standard Class,MW-54942,Michael White,Health System,United States,San Francisco,California,94101,West,MS-B&-10000018,Medical Supplies,Bandages & Tape,Medline Non-Sterile Rolled Gauze 2in x 4.1yd,53.536,8,0.3,-11.2984
1477,HC-2018-925451,8/24/2018,8/28/2018,Second Class,JA-92544,Joseph Anderson,Health System,United States,Baltimore,Maryland,21201,East,DE-MD-10000021,Diagnostic Equipment,Monitoring Devices,Nonin Onyx Vantage 9590 Finger Pulse Oximeter,3538.296,8,0.1,1172.9965
1478,HC-2015-467769,2/21/2015,2/26/2015,Second Class,NW-47196,Noah Williams,Health System,United States,Seattle,Washington,98101,West,MS-S&-10000010,Medical Supplies,Syringes & Needles,BD 3mL Luer-Lok Syringe with 21G Needle,80.73,13,0.1,26.9078
1479,HC-2017-939374,2/2/2017,2/7/2017,Standard Class,SH-61116,Susan Hernandez,Health System,United States,Pittsburgh,Pennsylvania,15201,East,DE-LS-10000037,Diagnostic Equipment,Lab Supplies,Corning 50mL Polypropylene Centrifuge Tubes 25pk,122.49,3,0,48.1366
1480,HC-2017-872656,4/22/2017,4/24/2017,Second Class,LM-12671,Linda Miller,Home Care,United States,Houston,Texas,77001,South,MS-WC-10000000,Medical Supplies,Wound Care,3M Tegaderm Transparent Film Dressing 4x4.75in,468.426,14,0.05,139.1145
1481,HC-2017-626786,5/13/2017,5/19/2017,Standard Class,IM-76244,Isabella Martinez,Clinic,United States,Minneapolis,Minnesota,55401,Central,MS-B&-10000017,Medical Supplies,Bandages & Tape,Covidien Curity Gauze Bandage Roll 4in,22.392,2,0.1,-2.9202
1482,HC-2018-674158,8/19/2018,8/25/2018,Standard Class,OM-62386,Olivia Moore,Health System,United States,Columbus,Ohio,43004,East,MS-WC-10000002,Medical Supplies,Wound Care,Dynarex Non-Adherent Sterile Dressing Pads 3x4in,185.436,6,0.1,-27.6617
1483,HC-2018-865455,4/15/2018,4/21/2018,Standard Class,LM-42098,Liam Martinez,Clinic,United States,Baltimore,Maryland,21201,East,MS-G&-10000008,Medical Supplies,Gloves & PPE,Cardinal Health Flexal Nitrile Exam Gloves XL,142.625,5,0.3,26.1674
1484,HC-2015-422466,5/18/2015,5/22/2015,Standard Class,JR-81810,Jessica Ramirez,Health System,United States,San Francisco,California,94101,West,DE-TK-10000026,Diagnostic Equipment,Testing Kits,Roche Accu-Chek Guide Blood Glucose Meter Kit,1547.28,14,0,-251.2777
1485,HC-2016-208120,11/26/2016,12/1/2016,Standard Class,MS-19508,Mia Sanchez,Clinic,United States,Charlotte,North Carolina,28201,South,MS-G&-10000006,Medical Supplies,Gloves & PPE,Kimberly-Clark Purple Nitrile Exam Gloves Large,417.6,8,0.2,94.0152
1486,HC-2017-484270,4/12/2017,4/13/2017,Same Day,JA-71213,Jessica Anderson,Health System,United States,Denver,Colorado,80201,West,MS-G&-10000005,Medical Supplies,Gloves & PPE,Ansell TouchNTuff Nitrile Disposable Gloves Medium,194.49,9,0,-17.0466
1487,HC-2016-827466,10/13/2016,10/16/2016,Second Class,AH-36365,Ava Harris,Health System,United States,Cleveland,Ohio,44101,Central,MS-B&-10000019,Medical Supplies,Bandages & Tape,Dukal Elastic Stretch Bandage 6in,69.93,6,0.3,23.8703
1488,HC-2017-478542,12/6/2017,12/8/2017,First Class,EA-83519,Emma Anderson,Home Care,United States,Cleveland,Ohio,44101,Central,P-OM-10000043,Pharmaceutical,OTC Medications,Pepcid AC Maximum Strength 20mg 50ct,236.236,13,0.45,18.4187
1489,HC-2016-658754,9/29/2016,9/30/2016,Same Day,CT-41850,Charles Taylor,Clinic,United States,Chicago,Illinois,60601,Central,MS-S&-10000013,Medical Supplies,Syringes & Needles,Terumo 10mL Hypodermic Syringe with Needle,20.433,3,0.3,6.1573
1490,HC-2015-981240,11/18/2015,11/26/2015,Standard Class,AH-20458,Ava Hernandez,Home Care,United States,Denver,Colorado,80201,West,P-V&-10000050,Pharmaceutical,Vitamins & Supplements,Nature's Bounty Vitamin D3 2000IU 240 Softgels,89.388,9,0.35,9.9564
1491,HC-2016-480049,8/27/2016,9/1/2016,Second Class,IG-33206,Isabella Garcia,Health System,United States,Dallas,Texas,75201,South,MS-WC-10000000,Medical Supplies,Wound Care,3M Tegaderm Transparent Film Dressing 4x4.75in,19.87,1,0,3.8106
1492,HC-2016-478077,8/30/2016,9/3/2016,Standard Class,NH-97900,Noah Harris,Home Care,United States,Omaha,Nebraska,68101,Central,P-V&-10000052,Pharmaceutical,Vitamins & Supplements,Garden of Life Vitamin C Organic 60 Capsules,107.61,6,0.5,-4.4284
1493,HC-2016-248225,9/17/2016,9/19/2016,First Class,RG-38746,Richard Gonzalez,Clinic,United States,Philadelphia,Pennsylvania,19101,East,DE-IS-10000032,Diagnostic Equipment,Imaging Supplies,Medline X-Ray Film Processing Chemical Kit,445.13,7,0,-95.3167
1494,HC-2015-767364,7/30/2015,7/31/2015,Same Day,IR-64921,Isabella Robinson,Health System,United States,Boston,Massachusetts,2101,East,MS-G&-10000007,Medical Supplies,Gloves & PPE,Medline SensiCare Ice Blue Nitrile Gloves Small,253.32,12,0,66.0911
1495,HC-2015-976251,9/15/2015,9/20/2015,Second Class,AM-56025,Ava Martinez,Health System,United States,St. Louis,Missouri,63101,Central,P-V&-10000053,Pharmaceutical,Vitamins & Supplements,Mason Natural Zinc 50mg Tablets 100ct,28.854,1,0.4,-1.5245
1496,HC-2018-678046,12/21/2018,12/25/2018,Second Class,IP-49117,Isabella Perez,Clinic,United States,Charlotte,North Carolina,28201,South,P-IS-10000045,Pharmaceutical,IV Solutions,Baxter 0.9% Sodium Chloride Injection 1000mL,216.84,3,0.2,-4.8625
1497,HC-2015-295314,9/21/2015,9/26/2015,Second Class,EW-29536,Ethan White,Health System,United States,Charlotte,North Carolina,28201,South,P-OM-10000042,Pharmaceutical,OTC Medications,Bayer Aspirin 325mg Enteric Coated 300ct,197.28,9,0.5,10.4556
1498,HC-2017-921219,3/29/2017,4/6/2017,Standard Class,JL-62743,Jessica Lopez,Health System,United States,Atlanta,Georgia,30301,South,DE-IS-10000033,Diagnostic Equipment,Imaging Supplies,3M Scotchcast Plus Fiberglass Casting Tape 2in,1029.249,13,0.1,-221.4026
1499,HC-2016-511191,11/29/2016,12/3/2016,Standard Class,LP-52237,Lisa Perez,Clinic,United States,Columbus,Ohio,43004,East,P-IS-10000046,Pharmaceutical,IV Solutions,Hospira 5% Dextrose Injection USP 500mL,82.355,7,0.5,-5.2486
1500,HC-2015-177666,10/3/2015,10/10/2015,Standard Class,WW-69638,William Walker,Clinic,United States,Sacramento,California,95814,West,MS-B&-10000015,Medical Supplies,Bandages & Tape,3M Micropore Surgical Tape 1in x 10yd,38.25,3,0,13.3366
1501,HC-2016-183510,2/1/2016,2/5/2016,Second Class,TT-92960,Thomas Thompson,Clinic,United States,Detroit,Michigan,48201,Central,P-V&-10000050,Pharmaceutical,Vitamins & Supplements,Nature's Bounty Vitamin D3 2000IU 240 Softgels,10.2,1,0.4,0.6708
1502,HC-2017-717738,12/3/2017,12/4/2017,Same Day,MP-83000,Mia Perez,Health System,United States,Columbus,Ohio,43004,East,P-OM-10000042,Pharmaceutical,OTC Medications,Bayer Aspirin 325mg Enteric Coated 300ct,263.84,10,0.2,46.0175
1503,HC-2016-959909,9/22/2016,9/26/2016,Standard Class,RM-69429,Richard Martinez,Clinic,United States,St. Louis,Missouri,63101,Central,P-IS-10000046,Pharmaceutical,IV Solutions,Hospira 5% Dextrose Injection USP 500mL,195.66,12,0.5,-5.9892
1504,HC-2017-485414,11/11/2017,11/17/2017,Standard Class,AH-36365,Ava Harris,Clinic,United States,Phoenix,Arizona,85001,West,P-V&-10000054,Pharmaceutical,Vitamins & Supplements,Nature Made Fish Oil 1200mg 200 Softgels,276.199,14,0.45,-27.8094
1505,HC-2015-639218,1/4/2015,1/7/2015,Second Class,EM-18418,Emma Miller,Health System,United States,Miami,Florida,33101,South,DE-LS-10000039,Diagnostic Equipment,Lab Supplies,Fisherbrand Microcentrifuge Tubes 1.5mL 500pk,703.703,11,0.3,-85.7057
1506,HC-2018-869724,8/1/2018,8/6/2018,Second Class,JT-86503,Jessica Thompson,Health System,United States,Albuquerque,New Mexico,87101,West,DE-IS-10000034,Diagnostic Equipment,Imaging Supplies,Carestream Health X-Omat Developer Solution,403.47,3,0,107.4078
1507,HC-2016-819146,11/6/2016,11/11/2016,Second Class,MP-75435,Michael Perez,Home Care,United States,Salt Lake City,Utah,84101,West,MS-S&-10000014,Medical Supplies,Syringes & Needles,BD Eclipse Safety Needle 25G 1in,37.332,3,0.15,10.0331
1508,HC-2018-472865,8/28/2018,9/4/2018,Standard Class,NH-97900,Noah Harris,Health System,United States,Miami,Florida,33101,South,DE-MD-10000022,Diagnostic Equipment,Monitoring Devices,Masimo Rad-8 Pulse Oximeter Tabletop Unit,5091.45,7,0,-1213.8346
1509,HC-2017-468010,4/5/2017,4/9/2017,Standard Class,IH-17100,Isabella Harris,Clinic,United States,Chicago,Illinois,60601,Central,P-V&-10000051,Pharmaceutical,Vitamins & Supplements,Centrum Silver Multivitamin Adults 50+ 250ct,12.672,2,0.4,2.0126
1510,HC-2016-896209,11/1/2016,11/6/2016,Standard Class,BT-51441,Barbara Thomas,Health System,United States,Kansas City,Missouri,64101,Central,P-V&-10000051,Pharmaceutical,Vitamins & Supplements,Centrum Silver Multivitamin Adults 50+ 250ct,137.412,11,0.4,-6.1752
1511,HC-2016-306081,6/4/2016,6/12/2016,Standard Class,JA-71213,Jessica Anderson,Health System,United States,Detroit,Michigan,48201,Central,DE-MD-10000020,Diagnostic Equipment,Monitoring Devices,Welch Allyn Connex Spot Monitor with SpO2,2786.508,6,0.4,735.1775
1512,HC-2017-116538,12/15/2017,12/16/2017,Same Day,TH-97410,Thomas Hernandez,Health System,United States,Milwaukee,Wisconsin,53201,Central,DE-TK-10000029,Diagnostic Equipment,Testing Kits,McKesson Blood Glucose Test Strips 100ct,308.133,7,0.1,-42.2772
1513,HC-2015-212287,10/10/2015,10/14/2015,Second Class,EW-99593,Emma Walker,Clinic,United States,Las Vegas,Nevada,89101,West,P-V&-10000051,Pharmaceutical,Vitamins & Supplements,Centrum Silver Multivitamin Adults 50+ 250ct,291.445,14,0.45,31.4114
1514,HC-2017-806297,10/23/2017,10/25/2017,Second Class,LT-87236,Linda Thomas,Clinic,United States,Indianapolis,Indiana,46201,Central,DE-LS-10000037,Diagnostic Equipment,Lab Supplies,Corning 50mL Polypropylene Centrifuge Tubes 25pk,865.485,9,0.1,205.8713
1515,HC-2017-102650,5/3/2017,5/4/2017,Same Day,SH-51114,Susan Harris,Health System,United States,Albuquerque,New Mexico,87101,West,DE-MD-10000023,Diagnostic Equipment,Monitoring Devices,Omron HEM-7320 Upper Arm Blood Pressure Monitor,1228.016,2,0.2,-277.2285
1516,HC-2018-810500,11/28/2018,11/30/2018,Second Class,LJ-41266,Lisa Jones,Health System,United States,Portland,Oregon,97201,West,P-IS-10000047,Pharmaceutical,IV Solutions,B. Braun Lactated Ringer's Injection 1000mL,103.6,5,0.3,9.7464
1517,HC-2017-497657,11/30/2017,12/8/2017,Standard Class,EL-63264,Ethan Lewis,Health System,United States,Salt Lake City,Utah,84101,West,DE-MD-10000023,Diagnostic Equipment,Monitoring Devices,Omron HEM-7320 Upper Arm Blood Pressure Monitor,807.72,6,0,294.8637
1518,HC-2016-247706,9/18/2016,9/25/2016,Standard Class,JB-42493,Joseph Brown,Home Care,United States,New Orleans,Louisiana,70112,South,P-OM-10000044,Pharmaceutical,OTC Medications,Zyrtec Allergy 10mg Cetirizine Tablets 70ct,174.6,10,0.25,19.7811
1519,HC-2016-774705,12/9/2016,12/13/2016,Standard Class,JB-19862,James Brown,Health System,United States,Chicago,Illinois,60601,Central,DE-LS-10000038,Diagnostic Equipment,Lab Supplies,Globe Scientific Disposable Transfer Pipettes 3mL,1230.489,13,0.1,-421.9498
1520,HC-2018-453125,9/12/2018,9/17/2018,Standard Class,EH-40735,Emma Hernandez,Clinic,United States,Portland,Oregon,97201,West,DE-IS-10000030,Diagnostic Equipment,Imaging Supplies,Covidien Kendall Ultrasound Gel 8.5oz,316.48,5,0.2,-52.318
1521,HC-2016-662463,9/24/2016,10/1/2016,Standard Class,PW-57576,Patricia Walker,Health System,United States,Charlotte,North Carolina,28201,South,DE-IS-10000032,Diagnostic Equipment,Imaging Supplies,Medline X-Ray Film Processing Chemical Kit,1485.582,14,0.3,-316.2776
1522,HC-2016-146463,12/5/2016,12/11/2016,Standard Class,EA-10221,Emma Anderson,Clinic,United States,Minneapolis,Minnesota,55401,Central,MS-S&-10000010,Medical Supplies,Syringes & Needles,BD 3mL Luer-Lok Syringe with 21G Needle,153.846,7,0.1,35.0257
1523,HC-2016-366847,9/7/2016,9/12/2016,Second Class,JR-86484,Jessica Robinson,Clinic,United States,Cincinnati,Ohio,45201,Central,P-IS-10000049,Pharmaceutical,IV Solutions,Fresenius Kabi Sterile Water for Injection 1000mL,447.915,13,0.5,-36.6943
1524,HC-2016-848562,12/16/2016,12/24/2016,Standard Class,MR-70332,Michael Ramirez,Home Care,United States,Hartford,Connecticut,6101,East,DE-MD-10000020,Diagnostic Equipment,Monitoring Devices,Welch Allyn Connex Spot Monitor with SpO2,1439.85,4,0.25,554.2402
1525,HC-2015-582357,2/9/2015,2/13/2015,Standard Class,OM-62386,Olivia Moore,Clinic,United States,Hartford,Connecticut,6101,East,P-V&-10000052,Pharmaceutical,Vitamins & Supplements,Garden of Life Vitamin C Organic 60 Capsules,141.372,8,0.45,19.9469
1526,HC-2017-796865,12/19/2017,12/24/2017,Standard Class,WW-69638,William Walker,Clinic,United States,Charlotte,North Carolina,28201,South,P-V&-10000053,Pharmaceutical,Vitamins & Supplements,Mason Natural Zinc 50mg Tablets 100ct,205.59,11,0.3,-14.7834
1527,HC-2017-664480,1/23/2017,1/27/2017,Standard Class,JT-13804,Jessica Taylor,Health System,United States,Salt Lake City,Utah,84101,West,MS-S&-10000010,Medical Supplies,Syringes & Needles,BD 3mL Luer-Lok Syringe with 21G Needle,81.704,4,0.3,20.3509
1528,HC-2016-744335,2/2/2016,2/5/2016,Second Class,LJ-30374,Liam Jackson,Health System,United States,Pittsburgh,Pennsylvania,15201,East,MS-B&-10000018,Medical Supplies,Bandages & Tape,Medline Non-Sterile Rolled Gauze 2in x 4.1yd,87.48,4,0,-14.4844
1529,HC-2017-796456,4/27/2017,4/29/2017,First Class,MS-22280,Mary Smith,Health System,United States,Los Angeles,California,90001,West,MS-B&-10000016,Medical Supplies,Bandages & Tape,Johnson & Johnson Elastikon Elastic Bandage 3in,217.36,13,0.2,58.12
1530,HC-2017-841911,11/17/2017,11/19/2017,First Class,LM-87924,Linda Martin,Home Care,United States,Memphis,Tennessee,38101,South,MS-G&-10000009,Medical Supplies,Gloves & PPE,Dynarex SafeTouch Latex-Free Vinyl Gloves Medium,541.2375,9,0.15,-86.3272
1531,HC-2015-437925,8/1/2015,8/4/2015,Second Class,AH-36365,Ava Harris,Health System,United States,Philadelphia,Pennsylvania,19101,East,MS-B&-10000015,Medical Supplies,Bandages & Tape,3M Micropore Surgical Tape 1in x 10yd,210.51,10,0.1,-42.6843
1532,HC-2016-393773,10/14/2016,10/18/2016,Second Class,IM-76244,Isabella Martinez,Health System,United States,Indianapolis,Indiana,46201,Central,DE-MD-10000020,Diagnostic Equipment,Monitoring Devices,Welch Allyn Connex Spot Monitor with SpO2,4104.36,13,0.4,-1467.3354
1533,HC-2016-205137,1/20/2016,1/24/2016,Second Class,LG-71261,Liam Garcia,Home Care,United States,Louisville,Kentucky,40201,South,P-V&-10000051,Pharmaceutical,Vitamins & Supplements,Centrum Silver Multivitamin Adults 50+ 250ct,160.02,12,0.5,14.2607
1534,HC-2018-373715,1/4/2018,1/9/2018,Second Class,LT-52504,Linda Thompson,Health System,United States,Atlanta,Georgia,30301,South,P-V&-10000051,Pharmaceutical,Vitamins & Supplements,Centrum Silver Multivitamin Adults 50+ 250ct,78.384,6,0.2,13.084
1535,HC-2016-405219,1/14/2016,1/18/2016,Standard Class,SH-51114,Susan Harris,Clinic,United States,Louisville,Kentucky,40201,South,DE-LS-10000035,Diagnostic Equipment,Lab Supplies,Thermo Scientific Nunc CryoTube Vials 1.8mL 100pk,82.701,1,0.1,-11.6536
1536,HC-2017-541521,6/10/2017,6/17/2017,Standard Class,LR-76162,Lisa Ramirez,Health System,United States,Birmingham,Alabama,35201,South,P-IS-10000045,Pharmaceutical,IV Solutions,Baxter 0.9% Sodium Chloride Injection 1000mL,138.0225,3,0.45,9.5438
1537,HC-2018-146888,1/22/2018,1/28/2018,Standard Class,JC-82132,Joseph Clark,Home Care,United States,New Orleans,Louisiana,70112,South,MS-G&-10000008,Medical Supplies,Gloves & PPE,Cardinal Health Flexal Nitrile Exam Gloves XL,725.857,11,0.05,246.1882
1538,HC-2018-505697,6/13/2018,6/15/2018,Second Class,LT-87236,Linda Thomas,Clinic,United States,Miami,Florida,33101,South,DE-MD-10000024,Diagnostic Equipment,Monitoring Devices,A&D Medical UA-767FAM Multi-User BP Monitor,7968.519,13,0.1,2781.2887
1539,HC-2016-873212,9/3/2016,9/5/2016,First Class,LD-31417,Liam Davis,Health System,United States,Los Angeles,California,90001,West,DE-MD-10000021,Diagnostic Equipment,Monitoring Devices,Nonin Onyx Vantage 9590 Finger Pulse Oximeter,3867.66,9,0,-519.6827
1540,HC-2015-864019,1/23/2015,1/27/2015,Second Class,JL-77033,Jessica Lee,Clinic,United States,Miami,Florida,33101,South,MS-S&-10000011,Medical Supplies,Syringes & Needles,Covidien Monoject 1mL Insulin Syringe 28G,15.04,1,0,-1.2925
1541,HC-2015-308652,2/21/2015,2/27/2015,Standard Class,SM-62565,Sarah Miller,Home Care,United States,Phoenix,Arizona,85001,West,DE-TK-10000029,Diagnostic Equipment,Testing Kits,McKesson Blood Glucose Test Strips 100ct,459.81,4,0.25,178.3324
1542,HC-2015-701788,1/9/2015,1/13/2015,Standard Class,MW-53025,Michael Wilson,Home Care,United States,Portland,Oregon,97201,West,MS-S&-10000010,Medical Supplies,Syringes & Needles,BD 3mL Luer-Lok Syringe with 21G Needle,12.7125,3,0.25,2.4954
1543,HC-2015-840854,7/1/2015,7/5/2015,Standard Class,LL-25012,Lisa Lee,Clinic,United States,Richmond,Virginia,23218,East,DE-MD-10000021,Diagnostic Equipment,Monitoring Devices,Nonin Onyx Vantage 9590 Finger Pulse Oximeter,3497.312,13,0.3,1191.1132
1544,HC-2018-177294,12/3/2018,12/8/2018,Second Class,BW-96951,Barbara Walker,Home Care,United States,Los Angeles,California,90001,West,MS-S&-10000013,Medical Supplies,Syringes & Needles,Terumo 10mL Hypodermic Syringe with Needle,8.704,2,0.15,2.0078
1545,HC-2018-579728,4/24/2018,4/29/2018,Second Class,EA-10221,Emma Anderson,Clinic,United States,Louisville,Kentucky,40201,South,DE-LS-10000035,Diagnostic Equipment,Lab Supplies,Thermo Scientific Nunc CryoTube Vials 1.8mL 100pk,79.95,5,0,-13.5291
1546,HC-2015-456815,4/2/2015,4/7/2015,Second Class,LM-87924,Linda Martin,Home Care,United States,Salt Lake City,Utah,84101,West,MS-WC-10000002,Medical Supplies,Wound Care,Dynarex Non-Adherent Sterile Dressing Pads 3x4in,164.3265,9,0.35,30.9982
1547,HC-2018-723222,1/13/2018,1/19/2018,Standard Class,SM-29313,Sophia Miller,Clinic,United States,Kansas City,Missouri,64101,Central,P-IS-10000049,Pharmaceutical,IV Solutions,Fresenius Kabi Sterile Water for Injection 1000mL,229.525,5,0.5,-23.8161
1548,HC-2015-538648,4/15/2015,4/16/2015,Same Day,EL-63264,Ethan Lewis,Health System,United States,Salt Lake City,Utah,84101,West,DE-LS-10000036,Diagnostic Equipment,Lab Supplies,BD Vacutainer EDTA Blood Collection Tubes 10mL,804.141,13,0.1,-80.5235
1549,HC-2018-110922,10/31/2018,11/4/2018,Second Class,JW-43586,Joseph White,Clinic,United States,Chicago,Illinois,60601,Central,P-V&-10000052,Pharmaceutical,Vitamins & Supplements,Garden of Life Vitamin C Organic 60 Capsules,202.356,7,0.4,29.6277
1550,HC-2018-599497,5/8/2018,5/10/2018,First Class,JW-94246,James Williams,Home Care,United States,Atlanta,Georgia,30301,South,MS-B&-10000018,Medical Supplies,Bandages & Tape,Medline Non-Sterile Rolled Gauze 2in x 4.1yd,136.2,8,0.25,34.7197
1551,HC-2018-881639,9/1/2018,9/6/2018,Standard Class,MD-18834,Mary Davis,Clinic,United States,Salt Lake City,Utah,84101,West,DE-MD-10000020,Diagnostic Equipment,Monitoring Devices,Welch Allyn Connex Spot Monitor with SpO2,913.024,8,0.3,244.3915
1552,HC-2015-401381,9/10/2015,9/15/2015,Standard Class,AH-36365,Ava Harris,Health System,United States,New York,New York,10001,East,MS-G&-10000006,Medical Supplies,Gloves & PPE,Kimberly-Clark Purple Nitrile Exam Gloves Large,326.3,13,0,62.1201
1553,HC-2016-842096,4/15/2016,4/19/2016,Standard Class,RL-18907,Robert Lee,Clinic,United States,St. Louis,Missouri,63101,Central,MS-WC-10000003,Medical Supplies,Wound Care,Smith & Nephew ALLEVYN Gentle Border Foam Dressing,303.336,11,0.1,-26.4686
1554,HC-2017-134609,3/13/2017,3/17/2017,Second Class,CM-19116,Charles Miller,Health System,United States,Charlotte,North Carolina,28201,South,DE-IS-10000032,Diagnostic Equipment,Imaging Supplies,Medline X-Ray Film Processing Chemical Kit,1644.496,14,0.2,-283.445
1555,HC-2016-655123,11/28/2016,11/30/2016,Second Class,DT-12552,David Taylor,Home Care,United States,Charlotte,North Carolina,28201,South,MS-S&-10000011,Medical Supplies,Syringes & Needles,Covidien Monoject 1mL Insulin Syringe 28G,133.588,7,0.35,50.586
1556,HC-2017-811705,1/17/2017,1/22/2017,Second Class,WJ-38221,William Jones,Clinic,United States,Salt Lake City,Utah,84101,West,MS-WC-10000001,Medical Supplies,Wound Care,Medline Bordered Gauze Island Dressing 4x4in,104.16,3,0,21.2975
1557,HC-2017-793982,9/11/2017,9/13/2017,First Class,PM-38569,Patricia Martin,Home Care,United States,San Francisco,California,94101,West,MS-B&-10000019,Medical Supplies,Bandages & Tape,Dukal Elastic Stretch Bandage 6in,114.076,8,0.05,-24.9099
1558,HC-2017-282117,10/14/2017,10/20/2017,Standard Class,MG-66531,Michael Gonzalez,Clinic,United States,Pittsburgh,Pennsylvania,15201,East,P-OM-10000043,Pharmaceutical,OTC Medications,Pepcid AC Maximum Strength 20mg 50ct,390.53,10,0.3,-13.9113
1559,HC-2015-287482,1/18/2015,1/25/2015,Standard Class,RJ-48427,Robert Jackson,Health System,United States,Charlotte,North Carolina,28201,South,P-IS-10000047,Pharmaceutical,IV Solutions,B. Braun Lactated Ringer's Injection 1000mL,86.16,2,0.2,5.9561
1560,HC-2018-655564,12/11/2018,12/16/2018,Second Class,LM-61876,Linda Martinez,Health System,United States,Las Vegas,Nevada,89101,West,DE-TK-10000025,Diagnostic Equipment,Testing Kits,Abbott BinaxNOW COVID-19 Antigen Rapid Test 2-Pack,151.245,5,0.1,-18.3315
1561,HC-2016-279107,10/16/2016,10/18/2016,Second Class,LM-61876,Linda Martinez,Health System,United States,Birmingham,Alabama,35201,South,MS-G&-10000008,Medical Supplies,Gloves & PPE,Cardinal Health Flexal Nitrile Exam Gloves XL,99.351,9,0.3,-14.8032
1562,HC-2016-326667,1/22/2016,1/30/2016,Standard Class,JL-54236,Joseph Lopez,Home Care,United States,Kansas City,Missouri,64101,Central,DE-MD-10000023,Diagnostic Equipment,Monitoring Devices,Omron HEM-7320 Upper Arm Blood Pressure Monitor,174.02,2,0.45,-18.928
1563,HC-2015-751124,11/11/2015,11/17/2015,Standard Class,JM-74686,John Moore,Health System,United States,Newark,New Jersey,7101,East,P-IS-10000045,Pharmaceutical,IV Solutions,Baxter 0.9% Sodium Chloride Injection 1000mL,23.656,1,0.2,-1.1687
1564,HC-2015-232464,2/26/2015,3/2/2015,Standard Class,LH-30257,Lisa Harris,Health System,United States,Louisville,Kentucky,40201,South,MS-G&-10000006,Medical Supplies,Gloves & PPE,Kimberly-Clark Purple Nitrile Exam Gloves Large,436.408,8,0.3,78.8808
1565,HC-2018-181081,4/14/2018,4/16/2018,Second Class,JG-69470,Jessica Garcia,Home Care,United States,Portland,Oregon,97201,West,DE-TK-10000029,Diagnostic Equipment,Testing Kits,McKesson Blood Glucose Test Strips 100ct,237.728,2,0.05,80.9008
1566,HC-2017-688553,8/13/2017,8/14/2017,Same Day,SP-79329,Sophia Perez,Home Care,United States,Detroit,Michigan,48201,Central,DE-TK-10000029,Diagnostic Equipment,Testing Kits,McKesson Blood Glucose Test Strips 100ct,528.7765,7,0.15,152.9039
1567,HC-2018-896629,1/22/2018,1/26/2018,Second Class,RS-61173,Richard Smith,Clinic,United States,Cincinnati,Ohio,45201,Central,P-IS-10000048,Pharmaceutical,IV Solutions,ICU Medical Normal Saline 250mL IV Bag,530.4,13,0.4,-39.7084
1568,HC-2017-333623,11/28/2017,12/4/2017,Standard Class,WB-24029,William Brown,Home Care,United States,Portland,Oregon,97201,West,P-V&-10000050,Pharmaceutical,Vitamins & Supplements,Nature's Bounty Vitamin D3 2000IU 240 Softgels,323.025,10,0.25,48.1879
1569,HC-2018-856018,8/18/2018,8/22/2018,Second Class,AL-23396,Ava Lopez,Home Care,United States,Buffalo,New York,14201,East,MS-S&-10000010,Medical Supplies,Syringes & Needles,BD 3mL Luer-Lok Syringe with 21G Needle,105.21,7,0.25,26.3938
1570,HC-2017-722748,9/5/2017,9/8/2017,Second Class,NL-40828,Noah Lewis,Health System,United States,Phoenix,Arizona,85001,West,MS-WC-10000001,Medical Supplies,Wound Care,Medline Bordered Gauze Island Dressing 4x4in,232.7,10,0,44.355
1571,HC-2015-371187,10/31/2015,11/2/2015,Second Class,OW-89840,Olivia Williams,Health System,United States,Atlanta,Georgia,30301,South,DE-IS-10000033,Diagnostic Equipment,Imaging Supplies,3M Scotchcast Plus Fiberglass Casting Tape 2in,2024.75,13,0,801.3159
1572,HC-2017-570155,12/4/2017,12/6/2017,First Class,MM-36772,Mia Martinez,Clinic,United States,Omaha,Nebraska,68101,Central,DE-TK-10000026,Diagnostic Equipment,Testing Kits,Roche Accu-Chek Guide Blood Glucose Meter Kit,1130.184,11,0.1,437.1697
1573,HC-2018-928001,11/2/2018,11/6/2018,Standard Class,LT-87236,Linda Thomas,Home Care,United States,Indianapolis,Indiana,46201,Central,MS-G&-10000008,Medical Supplies,Gloves & PPE,Cardinal Health Flexal Nitrile Exam Gloves XL,125.385,3,0.35,30.1224
1574,HC-2015-526329,1/22/2015,1/24/2015,Second Class,SM-29313,Sophia Miller,Health System,United States,Houston,Texas,77001,South,MS-S&-10000012,Medical Supplies,Syringes & Needles,Nipro 5mL Luer Slip Disposable Syringe,69.984,9,0.1,16.0882
1575,HC-2016-727773,10/13/2016,10/14/2016,Same Day,MP-46347,Mason Perez,Health System,United States,Boston,Massachusetts,2101,East,MS-WC-10000003,Medical Supplies,Wound Care,Smith & Nephew ALLEVYN Gentle Border Foam Dressing,102.438,6,0.3,-21.6728
1576,HC-2018-282994,11/1/2018,11/7/2018,Standard Class,ND-97416,Noah Davis,Home Care,United States,Omaha,Nebraska,68101,Central,P-IS-10000049,Pharmaceutical,IV Solutions,Fresenius Kabi Sterile Water for Injection 1000mL,294.987,6,0.45,-14.5586
1577,HC-2016-543653,3/29/2016,3/30/2016,Same Day,JA-73653,Jennifer Anderson,Health System,United States,Denver,Colorado,80201,West,DE-MD-10000021,Diagnostic Equipment,Monitoring Devices,Nonin Onyx Vantage 9590 Finger Pulse Oximeter,2795.949,13,0.1,1137.0591
1578,HC-2017-519179,2/5/2017,2/7/2017,First Class,MP-83000,Mia Perez,Health System,United States,Charlotte,North Carolina,28201,South,MS-G&-10000006,Medical Supplies,Gloves & PPE,Kimberly-Clark Purple Nitrile Exam Gloves Large,407.16,6,0,-55.9879
1579,HC-2018-764849,12/22/2018,12/23/2018,Same Day,ML-20745,Mary Lee,Home Care,United States,Chicago,Illinois,60601,Central,P-OM-10000042,Pharmaceutical,OTC Medications,Bayer Aspirin 325mg Enteric Coated 300ct,96.745,11,0.5,13.3279
1580,HC-2015-939683,5/26/2015,6/1/2015,Standard Class,EM-18418,Emma Miller,Health System,United States,Kansas City,Missouri,64101,Central,MS-B&-10000019,Medical Supplies,Bandages & Tape,Dukal Elastic Stretch Bandage 6in,6.696,2,0.4,1.5394
1581,HC-2016-215422,12/16/2016,12/20/2016,Second Class,AA-38683,Ava Anderson,Clinic,United States,Minneapolis,Minnesota,55401,Central,DE-LS-10000037,Diagnostic Equipment,Lab Supplies,Corning 50mL Polypropylene Centrifuge Tubes 25pk,84.128,2,0.2,-25.7809
1582,HC-2017-240643,11/20/2017,11/24/2017,Second Class,RT-53279,Robert Thompson,Health System,United States,New Orleans,Louisiana,70112,South,MS-S&-10000013,Medical Supplies,Syringes & Needles,Terumo 10mL Hypodermic Syringe with Needle,32.82,3,0,11.6445
1583,HC-2017-625310,7/27/2017,7/29/2017,Second Class,NR-80282,Noah Ramirez,Clinic,United States,Charlotte,North Carolina,28201,South,DE-LS-10000039,Diagnostic Equipment,Lab Supplies,Fisherbrand Microcentrifuge Tubes 1.5mL 500pk,123.54,2,0,31.8696
1584,HC-2017-868327,10/31/2017,11/4/2017,Standard Class,TH-97410,Thomas Hernandez,Clinic,United States,Nashville,Tennessee,37201,South,MS-WC-10000001,Medical Supplies,Wound Care,Medline Bordered Gauze Island Dressing 4x4in,169.12,8,0.3,-28.685
1585,HC-2018-354880,2/15/2018,2/21/2018,Standard Class,NR-80282,Noah Ramirez,Clinic,United States,Buffalo,New York,14201,East,P-V&-10000050,Pharmaceutical,Vitamins & Supplements,Nature's Bounty Vitamin D3 2000IU 240 Softgels,113.04,9,0.5,13.5236
1586,HC-2018-895602,11/3/2018,11/9/2018,Standard Class,PW-85574,Patricia Wilson,Health System,United States,Columbus,Ohio,43004,East,P-V&-10000051,Pharmaceutical,Vitamins & Supplements,Centrum Silver Multivitamin Adults 50+ 250ct,57.528,3,0.2,2.9664
1587,HC-2017-540375,9/26/2017,9/28/2017,Second Class,LH-30257,Lisa Harris,Clinic,United States,Denver,Colorado,80201,West,DE-MD-10000023,Diagnostic Equipment,Monitoring Devices,Omron HEM-7320 Upper Arm Blood Pressure Monitor,5014.08,12,0.2,1817.0232
1588,HC-2017-489261,12/28/2017,1/5/2018,Standard Class,MS-14067,Mary Sanchez,Clinic,United States,Columbus,Ohio,43004,East,MS-S&-10000012,Medical Supplies,Syringes & Needles,Nipro 5mL Luer Slip Disposable Syringe,235.36,10,0.2,-20.7949
1589,HC-2015-490672,6/12/2015,6/19/2015,Standard Class,MS-40784,Mason Sanchez,Clinic,United States,Albuquerque,New Mexico,87101,West,MS-S&-10000013,Medical Supplies,Syringes & Needles,Terumo 10mL Hypodermic Syringe with Needle,49.194,2,0.1,-4.7396
1590,HC-2015-628252,4/4/2015,4/11/2015,Standard Class,RR-94259,Richard Robinson,Health System,United States,Nashville,Tennessee,37201,South,MS-B&-10000016,Medical Supplies,Bandages & Tape,Johnson & Johnson Elastikon Elastic Bandage 3in,49.08,3,0,15.8996
1591,HC-2016-837679,12/16/2016,12/17/2016,Same Day,AA-38683,Ava Anderson,Health System,United States,Baltimore,Maryland,21201,East,DE-LS-10000036,Diagnostic Equipment,Lab Supplies,BD Vacutainer EDTA Blood Collection Tubes 10mL,67.72,4,0,-12.0151
1592,HC-2017-113228,9/12/2017,9/16/2017,Standard Class,RH-73699,Robert Harris,Clinic,United States,Albuquerque,New Mexico,87101,West,MS-G&-10000007,Medical Supplies,Gloves & PPE,Medline SensiCare Ice Blue Nitrile Gloves Small,171.63,3,0,63.6852
1593,HC-2016-798150,11/21/2016,11/27/2016,Standard Class,LM-15695,Lisa Martinez,Clinic,United States,New York,New York,10001,East,P-V&-10000054,Pharmaceutical,Vitamins & Supplements,Nature Made Fish Oil 1200mg 200 Softgels,238.7,10,0.45,-9.7571
1594,HC-2017-909969,9/6/2017,9/11/2017,Standard Class,JD-19880,Joseph Davis,Health System,United States,Nashville,Tennessee,37201,South,P-OM-10000040,Pharmaceutical,OTC Medications,Tylenol Extra Strength Acetaminophen 500mg 100ct,16.1,2,0.3,-0.8759
1595,HC-2016-636854,7/23/2016,7/24/2016,Same Day,RH-73699,Robert Harris,Clinic,United States,St. Louis,Missouri,63101,Central,P-IS-10000046,Pharmaceutical,IV Solutions,Hospira 5% Dextrose Injection USP 500mL,251.64,9,0.5,-17.7102
1596,HC-2016-140845,11/1/2016,11/4/2016,Second Class,CB-19602,Charles Brown,Health System,United States,Atlanta,Georgia,30301,South,DE-LS-10000038,Diagnostic Equipment,Lab Supplies,Globe Scientific Disposable Transfer Pipettes 3mL,873.88,14,0,224.4914
1597,HC-2018-909713,9/12/2018,9/18/2018,Standard Class,MW-80686,Michael Walker,Home Care,United States,Louisville,Kentucky,40201,South,P-OM-10000042,Pharmaceutical,OTC Medications,Bayer Aspirin 325mg Enteric Coated 300ct,70.7175,7,0.25,10.0598
1598,HC-2016-500154,1/4/2016,1/8/2016,Second Class,AR-59692,Ava Robinson,Health System,United States,Sacramento,California,95814,West,MS-B&-10000015,Medical Supplies,Bandages & Tape,3M Micropore Surgical Tape 1in x 10yd,78.12,8,0.1,-14.1694
1599,HC-2016-363257,7/31/2016,8/3/2016,Second Class,LJ-41571,Linda Johnson,Clinic,United States,Pittsburgh,Pennsylvania,15201,East,P-V&-10000053,Pharmaceutical,Vitamins & Supplements,Mason Natural Zinc 50mg Tablets 100ct,17.644,2,0.45,1.4205
1600,HC-2016-812025,9/6/2016,9/8/2016,Second Class,WL-19099,William Lewis,Clinic,United States,Chicago,Illinois,60601,Central,DE-MD-10000022,Diagnostic Equipment,Monitoring Devices,Masimo Rad-8 Pulse Oximeter Tabletop Unit,4407.78,10,0.4,-713.2862
1601,HC-2017-943304,2/23/2017,2/25/2017,Second Class,AG-31992,Ava Gonzalez,Home Care,United States,Boston,Massachusetts,2101,East,P-OM-10000042,Pharmaceutical,OTC Medications,Bayer Aspirin 325mg Enteric Coated 300ct,183.225,7,0.5,23.4349
1602,HC-2017-394548,9/22/2017,9/28/2017,Standard Class,LR-14207,Linda Ramirez,Health System,United States,Houston,Texas,77001,South,MS-G&-10000005,Medical Supplies,Gloves & PPE,Ansell TouchNTuff Nitrile Disposable Gloves Medium,65.898,2,0.3,-15.0202
1603,HC-2018-566547,7/21/2018,7/25/2018,Second Class,NH-25014,Noah Harris,Health System,United States,Baltimore,Maryland,21201,East,P-V&-10000050,Pharmaceutical,Vitamins & Supplements,Nature's Bounty Vitamin D3 2000IU 240 Softgels,92.444,8,0.45,8.9625
1604,HC-2017-948637,3/2/2017,3/7/2017,Second Class,RB-84668,Richard Brown,Health System,United States,Houston,Texas,77001,South,DE-LS-10000037,Diagnostic Equipment,Lab Supplies,Corning 50mL Polypropylene Centrifuge Tubes 25pk,100.884,3,0.3,25.2708
1605,HC-2018-743235,5/13/2018,5/17/2018,Second Class,AG-31992,Ava Gonzalez,Health System,United States,Memphis,Tennessee,38101,South,P-IS-10000045,Pharmaceutical,IV Solutions,Baxter 0.9% Sodium Chloride Injection 1000mL,176.946,4,0.45,11.2981
1606,HC-2018-547351,6/13/2018,6/18/2018,Second Class,AH-36365,Ava Harris,Health System,United States,New Orleans,Louisiana,70112,South,DE-IS-10000031,Diagnostic Equipment,Imaging Supplies,Parker Aquasonic 100 Ultrasound Transmission Gel,2273.952,12,0.2,753.3699
1607,HC-2017-409668,3/23/2017,3/27/2017,Standard Class,JB-19862,James Brown,Clinic,United States,Louisville,Kentucky,40201,South,DE-MD-10000021,Diagnostic Equipment,Monitoring Devices,Nonin Onyx Vantage 9590 Finger Pulse Oximeter,2598.75,7,0,773.6465
1608,HC-2015-955961,2/13/2015,2/20/2015,Standard Class,LL-25012,Lisa Lee,Health System,United States,Newark,New Jersey,7101,East,P-V&-10000052,Pharmaceutical,Vitamins & Supplements,Garden of Life Vitamin C Organic 60 Capsules,145.3815,9,0.45,7.4981
1609,HC-2015-955505,1/9/2015,1/16/2015,Standard Class,NA-56438,Noah Anderson,Clinic,United States,Las Vegas,Nevada,89101,West,MS-B&-10000019,Medical Supplies,Bandages & Tape,Dukal Elastic Stretch Bandage 6in,11.106,2,0.1,-0.8944
1610,HC-2016-343649,7/2/2016,7/6/2016,Second Class,RW-40982,Robert Walker,Health System,United States,St. Louis,Missouri,63101,Central,MS-S&-10000014,Medical Supplies,Syringes & Needles,BD Eclipse Safety Needle 25G 1in,251.208,12,0.1,-64.0091
1611,HC-2015-426229,8/12/2015,8/17/2015,Standard Class,RM-69429,Richard Martinez,Home Care,United States,Los Angeles,California,90001,West,P-V&-10000054,Pharmaceutical,Vitamins & Supplements,Nature Made Fish Oil 1200mg 200 Softgels,113.785,7,0.5,20.1847
1612,HC-2017-386309,7/23/2017,7/24/2017,Same Day,MW-79822,Mason Williams,Clinic,United States,St. Louis,Missouri,63101,Central,P-IS-10000046,Pharmaceutical,IV Solutions,Hospira 5% Dextrose Injection USP 500mL,225.82,4,0.5,35.1223
1613,HC-2018-353153,9/16/2018,9/23/2018,Standard Class,LR-14207,Linda Ramirez,Health System,United States,Seattle,Washington,98101,West,DE-TK-10000025,Diagnostic Equipment,Testing Kits,Abbott BinaxNOW COVID-19 Antigen Rapid Test 2-Pack,1047.36,8,0.2,312.2216
1614,HC-2017-224195,5/31/2017,6/7/2017,Standard Class,JH-44522,James Harris,Clinic,United States,Milwaukee,Wisconsin,53201,Central,P-OM-10000043,Pharmaceutical,OTC Medications,Pepcid AC Maximum Strength 20mg 50ct,8.405,1,0.5,-0.7841
1615,HC-2017-116332,1/29/2017,2/3/2017,Standard Class,LL-22240,Lisa Lopez,Clinic,United States,Newark,New Jersey,7101,East,MS-S&-10000012,Medical Supplies,Syringes & Needles,Nipro 5mL Luer Slip Disposable Syringe,9.814,1,0.3,-2.0891
1616,HC-2016-258246,5/1/2016,5/3/2016,Second Class,LL-25012,Lisa Lee,Home Care,United States,St. Louis,Missouri,63101,Central,DE-IS-10000031,Diagnostic Equipment,Imaging Supplies,Parker Aquasonic 100 Ultrasound Transmission Gel,1482.845,14,0.35,342.4662
1617,HC-2015-187203,12/22/2015,12/24/2015,Second Class,RM-69429,Richard Martinez,Clinic,United States,Boston,Massachusetts,2101,East,DE-LS-10000035,Diagnostic Equipment,Lab Supplies,Thermo Scientific Nunc CryoTube Vials 1.8mL 100pk,656.32,14,0.2,-122.8374
1618,HC-2015-656642,6/17/2015,6/20/2015,Second Class,MJ-27342,Michael Jackson,Clinic,United States,Louisville,Kentucky,40201,South,DE-LS-10000039,Diagnostic Equipment,Lab Supplies,Fisherbrand Microcentrifuge Tubes 1.5mL 500pk,837.928,13,0.2,-179.6449
1619,HC-2017-809119,4/9/2017,4/12/2017,Second Class,MP-46347,Mason Perez,Clinic,United States,Nashville,Tennessee,37201,South,DE-TK-10000028,Diagnostic Equipment,Testing Kits,BD Veritor System Flu A+B Analyzer,946.14,6,0,345.2729
1620,HC-2018-862561,5/25/2018,5/26/2018,Same Day,IR-64921,Isabella Robinson,Clinic,United States,Miami,Florida,33101,South,DE-IS-10000030,Diagnostic Equipment,Imaging Supplies,Covidien Kendall Ultrasound Gel 8.5oz,217.2,2,0.2,75.1379
1621,HC-2015-756068,3/1/2015,3/8/2015,Standard Class,IM-76244,Isabella Martinez,Clinic,United States,Buffalo,New York,14201,East,P-V&-10000050,Pharmaceutical,Vitamins & Supplements,Nature's Bounty Vitamin D3 2000IU 240 Softgels,142.128,8,0.3,7.3826
1622,HC-2015-926690,10/29/2015,11/6/2015,Standard Class,KS-79514,Karen Sanchez,Home Care,United States,Philadelphia,Pennsylvania,19101,East,P-OM-10000043,Pharmaceutical,OTC Medications,Pepcid AC Maximum Strength 20mg 50ct,50.25,2,0.5,8.3138
1623,HC-2018-370677,3/8/2018,3/10/2018,First Class,RL-34356,Robert Lewis,Health System,United States,Birmingham,Alabama,35201,South,DE-IS-10000031,Diagnostic Equipment,Imaging Supplies,Parker Aquasonic 100 Ultrasound Transmission Gel,1980.672,12,0.2,-363.4623
1624,HC-2015-125712,8/26/2015,8/31/2015,Standard Class,ES-85456,Emma Smith,Health System,United States,Nashville,Tennessee,37201,South,DE-LS-10000038,Diagnostic Equipment,Lab Supplies,Globe Scientific Disposable Transfer Pipettes 3mL,143.64,6,0,-31.069
1625,HC-2018-280072,10/14/2018,10/19/2018,Standard Class,AH-20458,Ava Hernandez,Clinic,United States,Newark,New Jersey,7101,East,DE-MD-10000021,Diagnostic Equipment,Monitoring Devices,Nonin Onyx Vantage 9590 Finger Pulse Oximeter,1587.96,12,0,652.5022
1626,HC-2017-633431,8/16/2017,8/23/2017,Standard Class,MM-15778,Mason Martinez,Health System,United States,Baltimore,Maryland,21201,East,DE-MD-10000024,Diagnostic Equipment,Monitoring Devices,A&D Medical UA-767FAM Multi-User BP Monitor,1778.688,3,0.2,-302.9764
1627,HC-2017-431189,9/29/2017,10/4/2017,Second Class,JW-43586,Joseph White,Home Care,United States,Charlotte,North Carolina,28201,South,DE-MD-10000024,Diagnostic Equipment,Monitoring Devices,A&D Medical UA-767FAM Multi-User BP Monitor,11572.33,14,0.05,-1254.3072
1628,HC-2015-512032,5/31/2015,6/7/2015,Standard Class,MW-41029,Mia Walker,Health System,United States,Louisville,Kentucky,40201,South,P-IS-10000048,Pharmaceutical,IV Solutions,ICU Medical Normal Saline 250mL IV Bag,50.1765,3,0.45,4.4113
1629,HC-2016-833400,2/25/2016,3/2/2016,Standard Class,RW-30028,Richard White,Health System,United States,Denver,Colorado,80201,West,MS-G&-10000007,Medical Supplies,Gloves & PPE,Medline SensiCare Ice Blue Nitrile Gloves Small,716.49,9,0,202.2331
1630,HC-2015-340677,12/17/2015,12/22/2015,Second Class,NM-77000,Noah Miller,Health System,United States,Seattle,Washington,98101,West,P-IS-10000047,Pharmaceutical,IV Solutions,B. Braun Lactated Ringer's Injection 1000mL,336.875,5,0.3,23.3842
1631,HC-2017-969903,8/24/2017,8/29/2017,Second Class,TW-79615,Thomas Walker,Clinic,United States,Phoenix,Arizona,85001,West,P-OM-10000043,Pharmaceutical,OTC Medications,Pepcid AC Maximum Strength 20mg 50ct,72.7485,3,0.45,10.2404
1632,HC-2018-184687,7/12/2018,7/16/2018,Second Class,ST-42527,Sophia Thompson,Health System,United States,Los Angeles,California,90001,West,MS-WC-10000004,Medical Supplies,Wound Care,Covidien Kendall Hydrogel Dressing 4x4in,121.149,9,0.3,28.008
1633,HC-2015-235268,9/21/2015,9/23/2015,Second Class,MP-76540,Mason Perez,Home Care,United States,Houston,Texas,77001,South,MS-S&-10000010,Medical Supplies,Syringes & Needles,BD 3mL Luer-Lok Syringe with 21G Needle,72.93,11,0.25,16.4955
1634,HC-2018-220301,10/3/2018,10/7/2018,Second Class,JT-97747,John Taylor,Home Care,United States,Milwaukee,Wisconsin,53201,Central,DE-TK-10000029,Diagnostic Equipment,Testing Kits,McKesson Blood Glucose Test Strips 100ct,252.195,10,0.15,-39.7701
1635,HC-2018-364997,2/17/2018,2/22/2018,Standard Class,JT-94607,John Thompson,Health System,United States,Houston,Texas,77001,South,MS-WC-10000003,Medical Supplies,Wound Care,Smith & Nephew ALLEVYN Gentle Border Foam Dressing,81.76,7,0,24.2056
1636,HC-2016-249633,8/11/2016,8/15/2016,Standard Class,SP-79329,Sophia Perez,Clinic,United States,Seattle,Washington,98101,West,P-IS-10000046,Pharmaceutical,IV Solutions,Hospira 5% Dextrose Injection USP 500mL,500.99,10,0.3,31.2949
1637,HC-2015-228103,1/13/2015,1/18/2015,Second Class,LW-84847,Liam Walker,Health System,United States,Buffalo,New York,14201,East,DE-TK-10000027,Diagnostic Equipment,Testing Kits,Quidel QuickVue Influenza A+B Test Kit 25ct,992.76,12,0,356.6618
1638,HC-2016-876124,10/26/2016,11/2/2016,Standard Class,CM-51467,Charles Moore,Health System,United States,Baltimore,Maryland,21201,East,MS-S&-10000013,Medical Supplies,Syringes & Needles,Terumo 10mL Hypodermic Syringe with Needle,89.64,3,0,29.5122
1639,HC-2018-631148,5/5/2018,5/9/2018,Standard Class,SM-16658,Sarah Martinez,Home Care,United States,Kansas City,Missouri,64101,Central,P-IS-10000046,Pharmaceutical,IV Solutions,Hospira 5% Dextrose Injection USP 500mL,397.8,12,0.5,-19.0911
1640,HC-2015-966980,2/10/2015,2/11/2015,Same Day,LJ-30374,Liam Jackson,Health System,United States,Albuquerque,New Mexico,87101,West,MS-G&-10000009,Medical Supplies,Gloves & PPE,Dynarex SafeTouch Latex-Free Vinyl Gloves Medium,317.72,4,0,118.0189
1641,HC-2018-690904,11/18/2018,11/26/2018,Standard Class,LH-30257,Lisa Harris,Health System,United States,Chicago,Illinois,60601,Central,DE-LS-10000037,Diagnostic Equipment,Lab Supplies,Corning 50mL Polypropylene Centrifuge Tubes 25pk,432.04,10,0.3,-179.9494
1642,HC-2016-563629,1/21/2016,1/22/2016,Same Day,DT-12552,David Taylor,Clinic,United States,Richmond,Virginia,23218,East,DE-IS-10000030,Diagnostic Equipment,Imaging Supplies,Covidien Kendall Ultrasound Gel 8.5oz,345.17,7,0,113.871
1643,HC-2017-311201,12/22/2017,12/24/2017,First Class,IH-17100,Isabella Harris,Health System,United States,Kansas City,Missouri,64101,Central,DE-LS-10000035,Diagnostic Equipment,Lab Supplies,Thermo Scientific Nunc CryoTube Vials 1.8mL 100pk,128.142,9,0.1,-14.0679
1644,HC-2015-876442,5/25/2015,5/29/2015,Standard Class,OG-99192,Olivia Garcia,Health System,United States,Hartford,Connecticut,6101,East,MS-G&-10000009,Medical Supplies,Gloves & PPE,Dynarex SafeTouch Latex-Free Vinyl Gloves Medium,525.591,11,0.1,-93.1757
1645,HC-2015-884511,9/17/2015,9/24/2015,Standard Class,JR-81810,Jessica Ramirez,Health System,United States,Indianapolis,Indiana,46201,Central,P-V&-10000052,Pharmaceutical,Vitamins & Supplements,Garden of Life Vitamin C Organic 60 Capsules,81.126,3,0.4,-7.0776
1646,HC-2017-153634,11/14/2017,11/19/2017,Standard Class,JM-48890,John Miller,Health System,United States,Cincinnati,Ohio,45201,Central,P-V&-10000050,Pharmaceutical,Vitamins & Supplements,Nature's Bounty Vitamin D3 2000IU 240 Softgels,140.36,8,0.5,-10.6415
1647,HC-2016-968576,7/20/2016,7/26/2016,Standard Class,AG-31992,Ava Gonzalez,Clinic,United States,Houston,Texas,77001,South,MS-B&-10000016,Medical Supplies,Bandages & Tape,Johnson & Johnson Elastikon Elastic Bandage 3in,157.3,13,0,37.2741
1648,HC-2016-951836,6/14/2016,6/22/2016,Standard Class,CM-60328,Charles Miller,Clinic,United States,Sacramento,California,95814,West,P-V&-10000054,Pharmaceutical,Vitamins & Supplements,Nature Made Fish Oil 1200mg 200 Softgels,204.036,6,0.3,22.1496
1649,HC-2018-421475,10/8/2018,10/15/2018,Standard Class,JG-46509,Jessica Garcia,Home Care,United States,Las Vegas,Nevada,89101,West,P-OM-10000043,Pharmaceutical,OTC Medications,Pepcid AC Maximum Strength 20mg 50ct,468.45,12,0.25,84.0822
1650,HC-2018-264335,11/6/2018,11/8/2018,Second Class,LL-25012,Lisa Lee,Health System,United States,Albuquerque,New Mexico,87101,West,MS-G&-10000006,Medical Supplies,Gloves & PPE,Kimberly-Clark Purple Nitrile Exam Gloves Large,545.85,9,0,129.0958
1651,HC-2016-863410,1/23/2016,1/28/2016,Standard Class,MP-91070,Mason Perez,Clinic,United States,Milwaukee,Wisconsin,53201,Central,MS-G&-10000005,Medical Supplies,Gloves & PPE,Ansell TouchNTuff Nitrile Disposable Gloves Medium,115.236,3,0.4,-14.597
1652,HC-2015-297525,11/21/2015,11/25/2015,Standard Class,ID-23238,Isabella Davis,Health System,United States,Salt Lake City,Utah,84101,West,MS-G&-10000006,Medical Supplies,Gloves & PPE,Kimberly-Clark Purple Nitrile Exam Gloves Large,241.68,8,0,-34.5705
1653,HC-2018-138532,4/13/2018,4/19/2018,Standard Class,LJ-41571,Linda Johnson,Home Care,United States,New York,New York,10001,East,MS-B&-10000015,Medical Supplies,Bandages & Tape,3M Micropore Surgical Tape 1in x 10yd,26.372,2,0.05,6.9522
1654,HC-2017-794861,1/8/2017,1/12/2017,Standard Class,LL-17492,Liam Lopez,Clinic,United States,Boston,Massachusetts,2101,East,P-OM-10000041,Pharmaceutical,OTC Medications,Ibuprofen USP 200mg Tablets 500ct Bulk,325.248,12,0.2,51.8953
1655,HC-2015-482392,3/2/2015,3/7/2015,Standard Class,EA-54597,Emma Anderson,Clinic,United States,Cleveland,Ohio,44101,Central,DE-IS-10000032,Diagnostic Equipment,Imaging Supplies,Medline X-Ray Film Processing Chemical Kit,1320.084,12,0.1,355.9824
1656,HC-2017-839972,1/29/2017,1/31/2017,First Class,LL-24322,Liam Lopez,Home Care,United States,Phoenix,Arizona,85001,West,DE-LS-10000035,Diagnostic Equipment,Lab Supplies,Thermo Scientific Nunc CryoTube Vials 1.8mL 100pk,350.844,8,0.35,115.002
1657,HC-2016-137083,3/19/2016,3/24/2016,Second Class,RT-53279,Robert Thompson,Health System,United States,Columbus,Ohio,43004,East,MS-G&-10000006,Medical Supplies,Gloves & PPE,Kimberly-Clark Purple Nitrile Exam Gloves Large,219.632,7,0.2,68.5555
1658,HC-2018-809397,2/26/2018,2/27/2018,Same Day,KJ-58393,Karen Johnson,Health System,United States,Memphis,Tennessee,38101,South,MS-B&-10000015,Medical Supplies,Bandages & Tape,3M Micropore Surgical Tape 1in x 10yd,136.2,10,0,-14.5098
1659,HC-2018-579299,10/20/2018,10/23/2018,Second Class,RW-22676,Robert Wilson,Health System,United States,Detroit,Michigan,48201,Central,DE-LS-10000036,Diagnostic Equipment,Lab Supplies,BD Vacutainer EDTA Blood Collection Tubes 10mL,698.04,7,0.1,-153.1318
1660,HC-2018-706067,11/5/2018,11/13/2018,Standard Class,AJ-26828,Ava Jones,Clinic,United States,Boston,Massachusetts,2101,East,DE-TK-10000025,Diagnostic Equipment,Testing Kits,Abbott BinaxNOW COVID-19 Antigen Rapid Test 2-Pack,152.28,6,0,34.2597
1661,HC-2015-566062,11/23/2015,12/1/2015,Standard Class,SW-41979,Sarah Wilson,Clinic,United States,Atlanta,Georgia,30301,South,P-IS-10000046,Pharmaceutical,IV Solutions,Hospira 5% Dextrose Injection USP 500mL,45.78,1,0.3,5.9815
1662,HC-2015-541857,10/25/2015,10/28/2015,Second Class,AH-36365,Ava Harris,Home Care,United States,Chicago,Illinois,60601,Central,P-V&-10000050,Pharmaceutical,Vitamins & Supplements,Nature's Bounty Vitamin D3 2000IU 240 Softgels,114.65,5,0.5,-7.1873
1663,HC-2015-956235,1/27/2015,2/3/2015,Standard Class,RL-34356,Robert Lewis,Health System,United States,Detroit,Michigan,48201,Central,DE-TK-10000027,Diagnostic Equipment,Testing Kits,Quidel QuickVue Influenza A+B Test Kit 25ct,540.176,8,0.3,169.159
1664,HC-2016-555057,6/18/2016,6/22/2016,Second Class,ID-23238,Isabella Davis,Clinic,United States,Salt Lake City,Utah,84101,West,MS-G&-10000009,Medical Supplies,Gloves & PPE,Dynarex SafeTouch Latex-Free Vinyl Gloves Medium,422.55,10,0.1,156.6389
1665,HC-2018-841808,1/22/2018,1/30/2018,Standard Class,JW-45382,Joseph Wilson,Home Care,United States,Atlanta,Georgia,30301,South,P-IS-10000047,Pharmaceutical,IV Solutions,B. Braun Lactated Ringer's Injection 1000mL,20.7675,1,0.35,-0.6269
1666,HC-2017-496360,5/18/2017,5/26/2017,Standard Class,MM-15817,Michael Martinez,Health System,United States,Denver,Colorado,80201,West,DE-LS-10000039,Diagnostic Equipment,Lab Supplies,Fisherbrand Microcentrifuge Tubes 1.5mL 500pk,1133.0,11,0,-169.1812
1667,HC-2017-804906,12/8/2017,12/11/2017,Second Class,SH-39831,Susan Hernandez,Health System,United States,Charlotte,North Carolina,28201,South,P-IS-10000045,Pharmaceutical,IV Solutions,Baxter 0.9% Sodium Chloride Injection 1000mL,1080.04,13,0.2,134.9878
1668,HC-2017-609501,12/5/2017,12/6/2017,Same Day,PW-85574,Patricia Wilson,Clinic,United States,Louisville,Kentucky,40201,South,MS-S&-10000011,Medical Supplies,Syringes & Needles,Covidien Monoject 1mL Insulin Syringe 28G,38.336,8,0.2,7.6937
1669,HC-2015-532310,4/30/2015,5/4/2015,Second Class,SH-30676,Susan Hernandez,Clinic,United States,Hartford,Connecticut,6101,East,MS-WC-10000002,Medical Supplies,Wound Care,Dynarex Non-Adherent Sterile Dressing Pads 3x4in,88.1,2,0,-19.3084
1670,HC-2015-112394,1/2/2015,1/9/2015,Standard Class,LW-54313,Linda Williams,Health System,United States,Portland,Oregon,97201,West,DE-MD-10000021,Diagnostic Equipment,Monitoring Devices,Nonin Onyx Vantage 9590 Finger Pulse Oximeter,1565.8,5,0.2,492.7746
1671,HC-2018-482179,12/11/2018,12/13/2018,Second Class,AA-38683,Ava Anderson,Clinic,United States,Kansas City,Missouri,64101,Central,P-V&-10000053,Pharmaceutical,Vitamins & Supplements,Mason Natural Zinc 50mg Tablets 100ct,77.2,8,0.5,10.4231
1672,HC-2018-795317,5/12/2018,5/18/2018,Standard Class,OM-62386,Olivia Moore,Health System,United States,Atlanta,Georgia,30301,South,P-V&-10000054,Pharmaceutical,Vitamins & Supplements,Nature Made Fish Oil 1200mg 200 Softgels,100.175,5,0.5,7.1674
1673,HC-2015-349933,6/20/2015,6/23/2015,Second Class,RM-41195,Robert Moore,Health System,United States,Portland,Oregon,97201,West,DE-TK-10000028,Diagnostic Equipment,Testing Kits,BD Veritor System Flu A+B Analyzer,1340.976,13,0.3,-240.6467
1674,HC-2018-460191,11/7/2018,11/14/2018,Standard Class,SM-16658,Sarah Martinez,Home Care,United States,New York,New York,10001,East,DE-MD-10000023,Diagnostic Equipment,Monitoring Devices,Omron HEM-7320 Upper Arm Blood Pressure Monitor,3708.914,11,0.05,-845.605
1675,HC-2017-627764,3/11/2017,3/15/2017,Second Class,KJ-58393,Karen Johnson,Health System,United States,Newark,New Jersey,7101,East,DE-TK-10000027,Diagnostic Equipment,Testing Kits,Quidel QuickVue Influenza A+B Test Kit 25ct,1527.24,11,0,471.6755
1676,HC-2016-252417,11/8/2016,11/13/2016,Standard Class,IM-76244,Isabella Martinez,Clinic,United States,Charlotte,North Carolina,28201,South,DE-MD-10000020,Diagnostic Equipment,Monitoring Devices,Welch Allyn Connex Spot Monitor with SpO2,1316.896,2,0.2,-325.9788
1677,HC-2017-725427,1/31/2017,2/2/2017,First Class,RP-65518,Robert Perez,Clinic,United States,Newark,New Jersey,7101,East,MS-G&-10000005,Medical Supplies,Gloves & PPE,Ansell TouchNTuff Nitrile Disposable Gloves Medium,319.312,14,0.2,-50.2744
1678,HC-2018-263784,9/25/2018,9/27/2018,First Class,PW-59615,Patricia Walker,Health System,United States,Newark,New Jersey,7101,East,MS-B&-10000017,Medical Supplies,Bandages & Tape,Covidien Curity Gauze Bandage Roll 4in,65.25,10,0.1,20.3932
1679,HC-2015-206928,1/18/2015,1/26/2015,Standard Class,JW-94246,James Williams,Home Care,United States,Salt Lake City,Utah,84101,West,P-V&-10000051,Pharmaceutical,Vitamins & Supplements,Centrum Silver Multivitamin Adults 50+ 250ct,442.897,14,0.35,49.2335
1680,HC-2017-815331,3/2/2017,3/5/2017,Second Class,TW-79615,Thomas Walker,Clinic,United States,Cincinnati,Ohio,45201,Central,DE-TK-10000025,Diagnostic Equipment,Testing Kits,Abbott BinaxNOW COVID-19 Antigen Rapid Test 2-Pack,105.04,2,0.2,26.9567
1681,HC-2016-643655,7/9/2016,7/12/2016,Second Class,WL-51904,William Lopez,Clinic,United States,San Francisco,California,94101,West,P-V&-10000053,Pharmaceutical,Vitamins & Supplements,Mason Natural Zinc 50mg Tablets 100ct,162.2115,9,0.45,27.9478
1682,HC-2016-740026,8/23/2016,8/29/2016,Standard Class,NH-25014,Noah Harris,Health System,United States,Indianapolis,Indiana,46201,Central,MS-G&-10000008,Medical Supplies,Gloves & PPE,Cardinal Health Flexal Nitrile Exam Gloves XL,55.748,1,0.3,-8.217
1683,HC-2018-732092,11/25/2018,12/3/2018,Standard Class,MM-65069,Mary Miller,Home Care,United States,New Orleans,Louisiana,70112,South,MS-WC-10000001,Medical Supplies,Wound Care,Medline Bordered Gauze Island Dressing 4x4in,410.445,14,0.25,97.3857
1684,HC-2018-835293,10/2/2018,10/4/2018,Second Class,IP-49117,Isabella Perez,Health System,United States,San Francisco,California,94101,West,MS-WC-10000003,Medical Supplies,Wound Care,Smith & Nephew ALLEVYN Gentle Border Foam Dressing,63.28,7,0,-11.4913
1685,HC-2016-323535,4/20/2016,4/23/2016,Second Class,ID-23238,Isabella Davis,Health System,United States,Pittsburgh,Pennsylvania,15201,East,DE-TK-10000028,Diagnostic Equipment,Testing Kits,BD Veritor System Flu A+B Analyzer,198.52,7,0.2,69.4304
1686,HC-2016-319893,9/2/2016,9/4/2016,First Class,MS-17331,Mason Sanchez,Health System,United States,Minneapolis,Minnesota,55401,Central,P-V&-10000050,Pharmaceutical,Vitamins & Supplements,Nature's Bounty Vitamin D3 2000IU 240 Softgels,200.48,14,0.5,-20.1519
1687,HC-2017-495007,5/2/2017,5/8/2017,Standard Class,MM-15817,Michael Martinez,Health System,United States,Newark,New Jersey,7101,East,MS-S&-10000013,Medical Supplies,Syringes & Needles,Terumo 10mL Hypodermic Syringe with Needle,184.1,14,0,36.0801
1688,HC-2015-839133,12/5/2015,12/11/2015,Standard Class,RT-10772,Richard Taylor,Home Care,United States,Atlanta,Georgia,30301,South,P-IS-10000048,Pharmaceutical,IV Solutions,ICU Medical Normal Saline 250mL IV Bag,235.2,6,0.5,-12.0553
1689,HC-2016-261601,9/27/2016,10/5/2016,Standard Class,LT-82309,Liam Thomas,Home Care,United States,Cincinnati,Ohio,45201,Central,MS-G&-10000005,Medical Supplies,Gloves & PPE,Ansell TouchNTuff Nitrile Disposable Gloves Medium,523.705,14,0.35,-67.0905
1690,HC-2017-500173,7/31/2017,8/5/2017,Standard Class,BH-37549,Barbara Hernandez,Health System,United States,New York,New York,10001,East,P-IS-10000047,Pharmaceutical,IV Solutions,B. Braun Lactated Ringer's Injection 1000mL,130.72,8,0.5,-5.8808
1691,HC-2015-130471,10/6/2015,10/11/2015,Standard Class,MW-53025,Michael Wilson,Clinic,United States,Albuquerque,New Mexico,87101,West,P-OM-10000041,Pharmaceutical,OTC Medications,Ibuprofen USP 200mg Tablets 500ct Bulk,45.364,8,0.45,3.6039
1692,HC-2015-603671,1/15/2015,1/20/2015,Standard Class,RL-15075,Richard Lewis,Home Care,United States,Charlotte,North Carolina,28201,South,MS-S&-10000013,Medical Supplies,Syringes & Needles,Terumo 10mL Hypodermic Syringe with Needle,97.603,11,0.05,-13.733
1693,HC-2017-592638,10/20/2017,10/26/2017,Standard Class,AR-31465,Ava Ramirez,Clinic,United States,Portland,Oregon,97201,West,MS-WC-10000001,Medical Supplies,Wound Care,Medline Bordered Gauze Island Dressing 4x4in,117.472,4,0.2,36.0881
1694,HC-2015-900380,12/15/2015,12/17/2015,First Class,RJ-48427,Robert Jackson,Clinic,United States,Phoenix,Arizona,85001,West,P-OM-10000042,Pharmaceutical,OTC Medications,Bayer Aspirin 325mg Enteric Coated 300ct,74.5525,5,0.45,9.5779
1695,HC-2016-519148,8/23/2016,8/29/2016,Standard Class,CB-19602,Charles Brown,Clinic,United States,Buffalo,New York,14201,East,P-IS-10000046,Pharmaceutical,IV Solutions,Hospira 5% Dextrose Injection USP 500mL,713.048,14,0.3,70.8875
1696,HC-2016-587844,4/12/2016,4/17/2016,Standard Class,JT-13804,Jessica Taylor,Health System,United States,Sacramento,California,95814,West,P-IS-10000045,Pharmaceutical,IV Solutions,Baxter 0.9% Sodium Chloride Injection 1000mL,206.388,14,0.3,-10.0416
1697,HC-2015-189279,11/23/2015,11/28/2015,Second Class,JG-56566,Jennifer Gonzalez,Health System,United States,Columbus,Ohio,43004,East,MS-WC-10000001,Medical Supplies,Wound Care,Medline Bordered Gauze Island Dressing 4x4in,127.36,4,0.2,35.9576
1698,HC-2017-754892,10/30/2017,11/1/2017,First Class,JJ-70515,Jessica Jones,Health System,United States,Denver,Colorado,80201,West,MS-S&-10000014,Medical Supplies,Syringes & Needles,BD Eclipse Safety Needle 25G 1in,48.76,2,0,14.0511
1699,HC-2015-122204,8/28/2015,9/2/2015,Second Class,SL-19545,Sarah Lee,Health System,United States,Indianapolis,Indiana,46201,Central,MS-B&-10000018,Medical Supplies,Bandages & Tape,Medline Non-Sterile Rolled Gauze 2in x 4.1yd,77.792,13,0.2,15.1053
1700,HC-2017-470622,1/19/2017,1/26/2017,Standard Class,JR-81200,Joseph Ramirez,Clinic,United States,Columbus,Ohio,43004,East,DE-IS-10000034,Diagnostic Equipment,Imaging Supplies,Carestream Health X-Omat Developer Solution,1055.2,10,0,438.1745
1701,HC-2016-638911,12/2/2016,12/7/2016,Standard Class,SP-79329,Sophia Perez,Health System,United States,Boston,Massachusetts,2101,East,DE-IS-10000030,Diagnostic Equipment,Imaging Supplies,Covidien Kendall Ultrasound Gel 8.5oz,1530.1,10,0,624.9111
1702,HC-2015-197026,12/2/2015,12/6/2015,Second Class,MD-18834,Mary Davis,Clinic,United States,Omaha,Nebraska,68101,Central,DE-IS-10000033,Diagnostic Equipment,Imaging Supplies,3M Scotchcast Plus Fiberglass Casting Tape 2in,427.455,5,0.1,-106.7729
1703,HC-2018-248369,9/23/2018,9/30/2018,Standard Class,JW-94246,James Williams,Clinic,United States,Louisville,Kentucky,40201,South,DE-MD-10000021,Diagnostic Equipment,Monitoring Devices,Nonin Onyx Vantage 9590 Finger Pulse Oximeter,3655.584,6,0.2,1431.7044
1704,HC-2016-284578,8/8/2016,8/15/2016,Standard Class,JJ-44718,Joseph Jones,Clinic,United States,Houston,Texas,77001,South,P-OM-10000044,Pharmaceutical,OTC Medications,Zyrtec Allergy 10mg Cetirizine Tablets 70ct,165.18,6,0.5,-4.7188
1705,HC-2018-192841,3/16/2018,3/22/2018,Standard Class,TW-79615,Thomas Walker,Clinic,United States,Cincinnati,Ohio,45201,Central,MS-G&-10000006,Medical Supplies,Gloves & PPE,Kimberly-Clark Purple Nitrile Exam Gloves Large,214.767,7,0.1,-25.4201
1706,HC-2015-324750,8/22/2015,8/28/2015,Standard Class,NA-56438,Noah Anderson,Clinic,United States,Richmond,Virginia,23218,East,P-V&-10000054,Pharmaceutical,Vitamins & Supplements,Nature Made Fish Oil 1200mg 200 Softgels,43.164,3,0.45,5.2268
1707,HC-2016-749326,1/16/2016,1/19/2016,Second Class,MW-80686,Michael Walker,Health System,United States,Philadelphia,Pennsylvania,19101,East,MS-G&-10000009,Medical Supplies,Gloves & PPE,Dynarex SafeTouch Latex-Free Vinyl Gloves Medium,70.72,4,0,-8.4208
1708,HC-2015-498297,11/30/2015,12/1/2015,Same Day,JW-43586,Joseph White,Clinic,United States,Albuquerque,New Mexico,87101,West,P-IS-10000047,Pharmaceutical,IV Solutions,B. Braun Lactated Ringer's Injection 1000mL,242.304,3,0.2,38.0866
1709,HC-2018-862377,10/16/2018,10/20/2018,Standard Class,WR-20735,William Ramirez,Health System,United States,Baltimore,Maryland,21201,East,P-OM-10000040,Pharmaceutical,OTC Medications,Tylenol Extra Strength Acetaminophen 500mg 100ct,52.9815,3,0.45,-3.4868
1710,HC-2017-196722,9/28/2017,10/5/2017,Standard Class,SS-80702,Sarah Smith,Clinic,United States,Miami,Florida,33101,South,P-OM-10000044,Pharmaceutical,OTC Medications,Zyrtec Allergy 10mg Cetirizine Tablets 70ct,317.824,8,0.2,29.1565
1711,HC-2015-721211,8/18/2015,8/21/2015,Second Class,RB-84668,Richard Brown,Health System,United States,Baltimore,Maryland,21201,East,DE-LS-10000035,Diagnostic Equipment,Lab Supplies,Thermo Scientific Nunc CryoTube Vials 1.8mL 100pk,231.22,2,0,-36.891
1712,HC-2017-259408,3/11/2017,3/13/2017,First Class,JA-92544,Joseph Anderson,Health System,United States,Phoenix,Arizona,85001,West,MS-WC-10000003,Medical Supplies,Wound Care,Smith & Nephew ALLEVYN Gentle Border Foam Dressing,143.88,4,0,37.2469
1713,HC-2018-988023,9/18/2018,9/22/2018,Standard Class,NM-77000,Noah Miller,Health System,United States,New York,New York,10001,East,MS-G&-10000009,Medical Supplies,Gloves & PPE,Dynarex SafeTouch Latex-Free Vinyl Gloves Medium,525.476,14,0.3,-46.4846
1714,HC-2015-850479,2/16/2015,2/23/2015,Standard Class,MJ-85914,Michael Johnson,Health System,United States,St. Louis,Missouri,63101,Central,MS-G&-10000006,Medical Supplies,Gloves & PPE,Kimberly-Clark Purple Nitrile Exam Gloves Large,53.028,1,0.1,14.7752
1715,HC-2015-291475,1/19/2015,1/25/2015,Standard Class,LL-17492,Liam Lopez,Health System,United States,Newark,New Jersey,7101,East,MS-S&-10000011,Medical Supplies,Syringes & Needles,Covidien Monoject 1mL Insulin Syringe 28G,237.601,13,0.3,-37.2431
1716,HC-2017-728913,10/2/2017,10/4/2017,First Class,EW-29536,Ethan White,Health System,United States,Kansas City,Missouri,64101,Central,P-OM-10000044,Pharmaceutical,OTC Medications,Zyrtec Allergy 10mg Cetirizine Tablets 70ct,62.352,3,0.4,10.5209
1717,HC-2016-919695,7/15/2016,7/16/2016,Same Day,EH-82667,Emma Hernandez,Home Care,United States,Boston,Massachusetts,2101,East,MS-G&-10000007,Medical Supplies,Gloves & PPE,Medline SensiCare Ice Blue Nitrile Gloves Small,92.274,3,0.35,-12.1875
1718,HC-2017-252431,10/12/2017,10/14/2017,First Class,MJ-27342,Michael Jackson,Home Care,United States,Sacramento,California,95814,West,MS-WC-10000000,Medical Supplies,Wound Care,3M Tegaderm Transparent Film Dressing 4x4.75in,59.67,4,0.15,13.7878
1719,HC-2017-203038,11/28/2017,12/6/2017,Standard Class,ML-20745,Mary Lee,Home Care,United States,Salt Lake City,Utah,84101,West,DE-TK-10000028,Diagnostic Equipment,Testing Kits,BD Veritor System Flu A+B Analyzer,409.944,3,0.05,123.0098
1720,HC-2017-416575,7/25/2017,7/27/2017,First Class,JA-53369,Jessica Anderson,Health System,United States,Seattle,Washington,98101,West,MS-WC-10000000,Medical Supplies,Wound Care,3M Tegaderm Transparent Film Dressing 4x4.75in,178.6,5,0,60.6973
1721,HC-2017-499726,6/18/2017,6/22/2017,Second Class,NC-62994,Noah Clark,Health System,United States,Boston,Massachusetts,2101,East,MS-WC-10000002,Medical Supplies,Wound Care,Dynarex Non-Adherent Sterile Dressing Pads 3x4in,15.617,1,0.3,-1.3721
1722,HC-2015-497498,6/5/2015,6/9/2015,Standard Class,CM-51467,Charles Moore,Health System,United States,Richmond,Virginia,23218,East,DE-IS-10000031,Diagnostic Equipment,Imaging Supplies,Parker Aquasonic 100 Ultrasound Transmission Gel,1738.17,9,0,514.4201
1723,HC-2016-394450,4/19/2016,4/23/2016,Second Class,MT-93130,Michael Thompson,Clinic,United States,Nashville,Tennessee,37201,South,DE-IS-10000033,Diagnostic Equipment,Imaging Supplies,3M Scotchcast Plus Fiberglass Casting Tape 2in,203.34,1,0,54.1237
1724,HC-2015-494691,6/26/2015,6/27/2015,Same Day,RT-10772,Richard Taylor,Home Care,United States,Phoenix,Arizona,85001,West,P-IS-10000047,Pharmaceutical,IV Solutions,B. Braun Lactated Ringer's Injection 1000mL,532.2,12,0.5,-34.3676
1725,HC-2016-122519,3/1/2016,3/5/2016,Standard Class,MS-40784,Mason Sanchez,Home Care,United States,Milwaukee,Wisconsin,53201,Central,P-OM-10000042,Pharmaceutical,OTC Medications,Bayer Aspirin 325mg Enteric Coated 300ct,68.82,12,0.5,-4.2018
1726,HC-2015-385223,8/21/2015,8/25/2015,Standard Class,WR-20735,William Ramirez,Clinic,United States,Louisville,Kentucky,40201,South,MS-B&-10000018,Medical Supplies,Bandages & Tape,Medline Non-Sterile Rolled Gauze 2in x 4.1yd,50.868,12,0.1,-4.3654
1727,HC-2018-367473,3/14/2018,3/18/2018,Standard Class,MW-41029,Mia Walker,Clinic,United States,Phoenix,Arizona,85001,West,DE-LS-10000038,Diagnostic Equipment,Lab Supplies,Globe Scientific Disposable Transfer Pipettes 3mL,377.45,5,0,-58.4385
1728,HC-2018-217698,11/25/2018,11/30/2018,Standard Class,MD-76237,Michael Davis,Clinic,United States,Phoenix,Arizona,85001,West,DE-MD-10000023,Diagnostic Equipment,Monitoring Devices,Omron HEM-7320 Upper Arm Blood Pressure Monitor,1258.47,5,0.1,422.8354
1729,HC-2018-339026,11/28/2018,12/4/2018,Standard Class,JJ-44099,Jennifer Johnson,Clinic,United States,Buffalo,New York,14201,East,MS-B&-10000017,Medical Supplies,Bandages & Tape,Covidien Curity Gauze Bandage Roll 4in,166.32,9,0.2,46.1177
1730,HC-2015-767164,4/5/2015,4/13/2015,Standard Class,JT-91416,James Thomas,Health System,United States,Minneapolis,Minnesota,55401,Central,P-IS-10000048,Pharmaceutical,IV Solutions,ICU Medical Normal Saline 250mL IV Bag,60.5,2,0.5,4.9079
1731,HC-2018-911459,3/5/2018,3/9/2018,Second Class,EL-63264,Ethan Lewis,Health System,United States,Baltimore,Maryland,21201,East,MS-G&-10000006,Medical Supplies,Gloves & PPE,Kimberly-Clark Purple Nitrile Exam Gloves Large,394.856,11,0.2,135.0153
1732,HC-2017-864160,2/13/2017,2/17/2017,Standard Class,TW-23947,Thomas Walker,Clinic,United States,Richmond,Virginia,23218,East,P-OM-10000044,Pharmaceutical,OTC Medications,Zyrtec Allergy 10mg Cetirizine Tablets 70ct,213.08,8,0.5,-21.1862
1733,HC-2016-225053,7/22/2016,7/29/2016,Standard Class,TH-97410,Thomas Hernandez,Health System,United States,Boston,Massachusetts,2101,East,MS-S&-10000013,Medical Supplies,Syringes & Needles,Terumo 10mL Hypodermic Syringe with Needle,64.064,7,0.2,19.8552
1734,HC-2016-323226,5/8/2016,5/14/2016,Standard Class,LL-72216,Liam Lewis,Home Care,United States,Nashville,Tennessee,37201,South,P-V&-10000054,Pharmaceutical,Vitamins & Supplements,Nature Made Fish Oil 1200mg 200 Softgels,423.332,14,0.35,74.5525
1735,HC-2018-763248,10/2/2018,10/7/2018,Second Class,AM-94012,Ava Martinez,Clinic,United States,Memphis,Tennessee,38101,South,MS-S&-10000011,Medical Supplies,Syringes & Needles,Covidien Monoject 1mL Insulin Syringe 28G,18.62,2,0,-2.2043
1736,HC-2015-798188,3/5/2015,3/8/2015,Second Class,MG-66531,Michael Gonzalez,Health System,United States,Sacramento,California,95814,West,DE-LS-10000035,Diagnostic Equipment,Lab Supplies,Thermo Scientific Nunc CryoTube Vials 1.8mL 100pk,214.06,7,0,86.0763
1737,HC-2017-969383,1/9/2017,1/17/2017,Standard Class,OB-13278,Olivia Brown,Clinic,United States,Dallas,Texas,75201,South,MS-G&-10000008,Medical Supplies,Gloves & PPE,Cardinal Health Flexal Nitrile Exam Gloves XL,131.56,13,0.2,39.303
1738,HC-2017-887963,7/4/2017,7/6/2017,Second Class,JC-86019,Jessica Clark,Home Care,United States,Buffalo,New York,14201,East,P-OM-10000041,Pharmaceutical,OTC Medications,Ibuprofen USP 200mg Tablets 500ct Bulk,76.895,13,0.5,-2.5175
1739,HC-2016-817346,4/25/2016,4/28/2016,Second Class,MG-66531,Michael Gonzalez,Clinic,United States,Las Vegas,Nevada,89101,West,MS-B&-10000017,Medical Supplies,Bandages & Tape,Covidien Curity Gauze Bandage Roll 4in,29.344,8,0.3,6.9627
1740,HC-2016-267939,11/27/2016,12/4/2016,Standard Class,EM-18418,Emma Miller,Health System,United States,Las Vegas,Nevada,89101,West,P-OM-10000043,Pharmaceutical,OTC Medications,Pepcid AC Maximum Strength 20mg 50ct,164.725,5,0.45,20.6007
1741,HC-2015-741158,3/24/2015,3/29/2015,Standard Class,JL-77033,Jessica Lee,Home Care,United States,New Orleans,Louisiana,70112,South,MS-WC-10000001,Medical Supplies,Wound Care,Medline Bordered Gauze Island Dressing 4x4in,128.826,12,0.15,40.2788
1742,HC-2016-583861,12/8/2016,12/9/2016,Same Day,RW-22676,Robert Wilson,Home Care,United States,Birmingham,Alabama,35201,South,DE-MD-10000023,Diagnostic Equipment,Monitoring Devices,Omron HEM-7320 Upper Arm Blood Pressure Monitor,505.138,2,0.15,163.1536
1743,HC-2018-605610,8/18/2018,8/24/2018,Standard Class,MB-22704,Michael Brown,Clinic,United States,Charlotte,North Carolina,28201,South,P-V&-10000054,Pharmaceutical,Vitamins & Supplements,Nature Made Fish Oil 1200mg 200 Softgels,34.51,1,0.3,5.4965
1744,HC-2016-831016,3/3/2016,3/8/2016,Standard Class,MW-41029,Mia Walker,Health System,United States,Kansas City,Missouri,64101,Central,DE-TK-10000029,Diagnostic Equipment,Testing Kits,McKesson Blood Glucose Test Strips 100ct,109.422,3,0.4,42.3003
1745,HC-2015-107241,12/28/2015,1/1/2016,Standard Class,ID-23238,Isabella Davis,Clinic,United States,Miami,Florida,33101,South,P-V&-10000054,Pharmaceutical,Vitamins & Supplements,Nature Made Fish Oil 1200mg 200 Softgels,162.547,11,0.3,27.8977
1746,HC-2015-320769,1/23/2015,1/26/2015,Second Class,KT-64496,Karen Thomas,Home Care,United States,Newark,New Jersey,7101,East,P-IS-10000047,Pharmaceutical,IV Solutions,B. Braun Lactated Ringer's Injection 1000mL,505.817,13,0.35,-19.5865
1747,HC-2018-889306,1/26/2018,1/31/2018,Second Class,MR-70332,Michael Ramirez,Clinic,United States,Sacramento,California,95814,West,P-V&-10000050,Pharmaceutical,Vitamins & Supplements,Nature's Bounty Vitamin D3 2000IU 240 Softgels,98.21,7,0.5,9.8341
1748,HC-2016-798024,8/28/2016,9/3/2016,Standard Class,LL-72216,Liam Lewis,Health System,United States,Philadelphia,Pennsylvania,19101,East,P-V&-10000051,Pharmaceutical,Vitamins & Supplements,Centrum Silver Multivitamin Adults 50+ 250ct,166.1935,11,0.45,14.5615
1749,HC-2016-480276,2/27/2016,3/3/2016,Standard Class,SL-38906,Sophia Lee,Health System,United States,Columbus,Ohio,43004,East,P-OM-10000042,Pharmaceutical,OTC Medications,Bayer Aspirin 325mg Enteric Coated 300ct,76.3785,3,0.45,-3.5626
1750,HC-2015-123967,3/19/2015,3/27/2015,Standard Class,MR-70332,Michael Ramirez,Health System,United States,Indianapolis,Indiana,46201,Central,MS-G&-10000005,Medical Supplies,Gloves & PPE,Ansell TouchNTuff Nitrile Disposable Gloves Medium,188.568,6,0.4,-22.3514
1751,HC-2017-524449,1/13/2017,1/18/2017,Standard Class,SH-61116,Susan Hernandez,Health System,United States,San Francisco,California,94101,West,P-V&-10000050,Pharmaceutical,Vitamins & Supplements,Nature's Bounty Vitamin D3 2000IU 240 Softgels,139.664,8,0.3,-6.3825
1752,HC-2018-866208,3/9/2018,3/14/2018,Standard Class,RR-94259,Richard Robinson,Clinic,United States,Portland,Oregon,97201,West,MS-G&-10000009,Medical Supplies,Gloves & PPE,Dynarex SafeTouch Latex-Free Vinyl Gloves Medium,173.9,5,0,-24.4367
1753,HC-2015-809534,12/12/2015,12/17/2015,Standard Class,LJ-41266,Lisa Jones,Health System,United States,Cincinnati,Ohio,45201,Central,DE-TK-10000029,Diagnostic Equipment,Testing Kits,McKesson Blood Glucose Test Strips 100ct,1067.22,10,0.1,-430.5067
1754,HC-2018-161035,2/13/2018,2/20/2018,Standard Class,AA-38683,Ava Anderson,Health System,United States,Portland,Oregon,97201,West,P-IS-10000046,Pharmaceutical,IV Solutions,Hospira 5% Dextrose Injection USP 500mL,55.512,3,0.2,2.8889
1755,HC-2017-278270,2/17/2017,2/20/2017,Second Class,EJ-53309,Ethan Johnson,Health System,United States,Hartford,Connecticut,6101,East,P-OM-10000042,Pharmaceutical,OTC Medications,Bayer Aspirin 325mg Enteric Coated 300ct,246.004,8,0.45,19.1385
1756,HC-2015-854972,1/11/2015,1/19/2015,Standard Class,SH-51114,Susan Harris,Clinic,United States,Louisville,Kentucky,40201,South,P-OM-10000043,Pharmaceutical,OTC Medications,Pepcid AC Maximum Strength 20mg 50ct,199.822,14,0.3,20.7286
1757,HC-2018-728589,9/22/2018,9/28/2018,Standard Class,WC-10851,William Clark,Clinic,United States,New Orleans,Louisiana,70112,South,MS-B&-10000015,Medical Supplies,Bandages & Tape,3M Micropore Surgical Tape 1in x 10yd,81.515,5,0.3,26.2031
1758,HC-2015-975971,8/9/2015,8/14/2015,Standard Class,JT-97747,John Taylor,Health System,United States,Buffalo,New York,14201,East,DE-IS-10000033,Diagnostic Equipment,Imaging Supplies,3M Scotchcast Plus Fiberglass Casting Tape 2in,2452.92,12,0,-482.6057
1759,HC-2018-679994,12/28/2018,1/3/2019,Standard Class,MP-75435,Michael Perez,Home Care,United States,Portland,Oregon,97201,West,MS-B&-10000019,Medical Supplies,Bandages & Tape,Dukal Elastic Stretch Bandage 6in,77.925,5,0.25,21.0298
1760,HC-2018-632793,1/10/2018,1/11/2018,Same Day,EA-10221,Emma Anderson,Health System,United States,Richmond,Virginia,23218,East,DE-TK-10000029,Diagnostic Equipment,Testing Kits,McKesson Blood Glucose Test Strips 100ct,75.096,3,0.2,21.3779
1761,HC-2016-378100,5/5/2016,5/7/2016,First Class,MW-80686,Michael Walker,Home Care,United States,Sacramento,California,95814,West,MS-S&-10000011,Medical Supplies,Syringes & Needles,Covidien Monoject 1mL Insulin Syringe 28G,106.794,9,0.15,31.9285
1762,HC-2015-105357,8/18/2015,8/22/2015,Second Class,EW-99593,Emma Walker,Clinic,United States,Miami,Florida,33101,South,P-V&-10000050,Pharmaceutical,Vitamins & Supplements,Nature's Bounty Vitamin D3 2000IU 240 Softgels,129.36,14,0.45,-6.7705
1763,HC-2017-551215,5/24/2017,5/26/2017,Second Class,JA-92544,Joseph Anderson,Health System,United States,Las Vegas,Nevada,89101,West,P-V&-10000050,Pharmaceutical,Vitamins & Supplements,Nature's Bounty Vitamin D3 2000IU 240 Softgels,56.96,2,0.2,4.2272
1764,HC-2016-845492,11/23/2016,11/29/2016,Standard Class,WL-51904,William Lopez,Clinic,United States,Cleveland,Ohio,44101,Central,P-OM-10000044,Pharmaceutical,OTC Medications,Zyrtec Allergy 10mg Cetirizine Tablets 70ct,33.09,1,0.4,-1.3092
1765,HC-2016-885601,3/16/2016,3/21/2016,Second Class,MT-93130,Michael Thompson,Clinic,United States,Miami,Florida,33101,South,MS-WC-10000001,Medical Supplies,Wound Care,Medline Bordered Gauze Island Dressing 4x4in,270.179,13,0.3,-44.8039
1766,HC-2015-199275,1/24/2015,1/26/2015,First Class,JP-10726,John Perez,Home Care,United States,Nashville,Tennessee,37201,South,P-OM-10000042,Pharmaceutical,OTC Medications,Bayer Aspirin 325mg Enteric Coated 300ct,132.825,7,0.5,-12.3603
1767,HC-2018-804478,3/30/2018,4/1/2018,First Class,KM-86622,Karen Martinez,Health System,United States,Milwaukee,Wisconsin,53201,Central,P-V&-10000051,Pharmaceutical,Vitamins & Supplements,Centrum Silver Multivitamin Adults 50+ 250ct,215.0,10,0.5,-13.7956
1768,HC-2018-841485,9/14/2018,9/20/2018,Standard Class,JA-71213,Jessica Anderson,Clinic,United States,Philadelphia,Pennsylvania,19101,East,MS-S&-10000010,Medical Supplies,Syringes & Needles,BD 3mL Luer-Lok Syringe with 21G Needle,207.12,12,0,62.1427
1769,HC-2016-689863,3/26/2016,3/29/2016,Second Class,RJ-48427,Robert Jackson,Home Care,United States,Philadelphia,Pennsylvania,19101,East,DE-MD-10000020,Diagnostic Equipment,Monitoring Devices,Welch Allyn Connex Spot Monitor with SpO2,11385.598,14,0.05,3593.2958
1770,HC-2017-507539,8/22/2017,8/29/2017,Standard Class,NH-81482,Noah Harris,Health System,United States,Memphis,Tennessee,38101,South,DE-MD-10000020,Diagnostic Equipment,Monitoring Devices,Welch Allyn Connex Spot Monitor with SpO2,1778.193,3,0.1,671.7989
1771,HC-2017-668372,5/29/2017,6/2/2017,Standard Class,EW-99593,Emma Walker,Health System,United States,New Orleans,Louisiana,70112,South,MS-WC-10000001,Medical Supplies,Wound Care,Medline Bordered Gauze Island Dressing 4x4in,383.52,12,0.2,-77.3137
1772,HC-2016-331904,2/5/2016,2/13/2016,Standard Class,EM-20322,Ethan Martin,Health System,United States,Philadelphia,Pennsylvania,19101,East,MS-S&-10000012,Medical Supplies,Syringes & Needles,Nipro 5mL Luer Slip Disposable Syringe,144.0,9,0.2,-27.4324
1773,HC-2018-247830,7/20/2018,7/26/2018,Standard Class,OW-89840,Olivia Williams,Health System,United States,Portland,Oregon,97201,West,MS-G&-10000008,Medical Supplies,Gloves & PPE,Cardinal Health Flexal Nitrile Exam Gloves XL,22.32,2,0.1,7.5264
1774,HC-2015-207171,1/28/2015,2/1/2015,Standard Class,WT-20155,William Thomas,Clinic,United States,Minneapolis,Minnesota,55401,Central,DE-MD-10000024,Diagnostic Equipment,Monitoring Devices,A&D Medical UA-767FAM Multi-User BP Monitor,3103.24,5,0.2,1032.7105
1775,HC-2016-375016,12/22/2016,12/30/2016,Standard Class,JJ-42092,James Johnson,Clinic,United States,Atlanta,Georgia,30301,South,DE-LS-10000038,Diagnostic Equipment,Lab Supplies,Globe Scientific Disposable Transfer Pipettes 3mL,247.616,4,0.2,-51.0556
1776,HC-2016-797466,12/14/2016,12/18/2016,Second Class,DT-12552,David Taylor,Health System,United States,Pittsburgh,Pennsylvania,15201,East,P-V&-10000050,Pharmaceutical,Vitamins & Supplements,Nature's Bounty Vitamin D3 2000IU 240 Softgels,60.57,6,0.5,-2.6069
1777,HC-2016-304735,1/2/2016,1/6/2016,Second Class,EG-37535,Ethan Gonzalez,Clinic,United States,San Francisco,California,94101,West,MS-WC-10000003,Medical Supplies,Wound Care,Smith & Nephew ALLEVYN Gentle Border Foam Dressing,192.195,5,0.1,-15.975
1778,HC-2015-235766,9/10/2015,9/15/2015,Second Class,DS-25118,David Smith,Health System,United States,Los Angeles,California,90001,West,P-IS-10000048,Pharmaceutical,IV Solutions,ICU Medical Normal Saline 250mL IV Bag,203.632,13,0.45,-8.2866
1779,HC-2017-675030,3/28/2017,4/5/2017,Standard Class,PW-85574,Patricia Wilson,Home Care,United States,Las Vegas,Nevada,89101,West,P-V&-10000053,Pharmaceutical,Vitamins & Supplements,Mason Natural Zinc 50mg Tablets 100ct,14.145,1,0.5,1.3868
1780,HC-2018-437944,11/1/2018,11/5/2018,Second Class,ER-50306,Ethan Ramirez,Health System,United States,Indianapolis,Indiana,46201,Central,MS-S&-10000011,Medical Supplies,Syringes & Needles,Covidien Monoject 1mL Insulin Syringe 28G,156.762,6,0.1,-15.5705
1781,HC-2015-479548,1/2/2015,1/10/2015,Standard Class,JL-18326,Jessica Lee,Clinic,United States,Seattle,Washington,98101,West,MS-S&-10000011,Medical Supplies,Syringes & Needles,Covidien Monoject 1mL Insulin Syringe 28G,25.008,6,0.2,8.9883
1782,HC-2016-402152,1/21/2016,1/28/2016,Standard Class,JA-73653,Jennifer Anderson,Home Care,United States,Birmingham,Alabama,35201,South,P-OM-10000041,Pharmaceutical,OTC Medications,Ibuprofen USP 200mg Tablets 500ct Bulk,104.82,12,0.5,-4.155
1783,HC-2018-394689,3/31/2018,4/3/2018,Second Class,LT-52504,Linda Thompson,Home Care,United States,Pittsburgh,Pennsylvania,15201,East,MS-B&-10000019,Medical Supplies,Bandages & Tape,Dukal Elastic Stretch Bandage 6in,67.626,12,0.35,-9.5116
1784,HC-2018-254426,1/19/2018,1/21/2018,First Class,SL-38906,Sophia Lee,Health System,United States,Dallas,Texas,75201,South,MS-WC-10000001,Medical Supplies,Wound Care,Medline Bordered Gauze Island Dressing 4x4in,183.47,10,0.3,-34.818
1785,HC-2018-585662,8/30/2018,9/4/2018,Second Class,EG-37535,Ethan Gonzalez,Home Care,United States,Kansas City,Missouri,64101,Central,P-V&-10000053,Pharmaceutical,Vitamins & Supplements,Mason Natural Zinc 50mg Tablets 100ct,254.4025,11,0.45,-11.7546
1786,HC-2017-429847,5/4/2017,5/9/2017,Standard Class,LJ-41571,Linda Johnson,Home Care,United States,Hartford,Connecticut,6101,East,DE-IS-10000031,Diagnostic Equipment,Imaging Supplies,Parker Aquasonic 100 Ultrasound Transmission Gel,331.854,6,0.05,94.7069
1787,HC-2018-341593,10/23/2018,10/25/2018,Second Class,WG-24168,William Garcia,Health System,United States,Miami,Florida,33101,South,P-V&-10000054,Pharmaceutical,Vitamins & Supplements,Nature Made Fish Oil 1200mg 200 Softgels,101.376,8,0.2,-7.2306
1788,HC-2017-413763,3/23/2017,3/27/2017,Standard Class,AS-78327,Ava Sanchez,Clinic,United States,Albuquerque,New Mexico,87101,West,DE-LS-10000035,Diagnostic Equipment,Lab Supplies,Thermo Scientific Nunc CryoTube Vials 1.8mL 100pk,272.73,3,0,94.1338
1789,HC-2016-914885,3/1/2016,3/3/2016,First Class,MR-70332,Michael Ramirez,Health System,United States,Sacramento,California,95814,West,P-OM-10000043,Pharmaceutical,OTC Medications,Pepcid AC Maximum Strength 20mg 50ct,144.496,11,0.2,16.2557
1790,HC-2015-185584,6/18/2015,6/19/2015,Same Day,DS-25118,David Smith,Health System,United States,Boston,Massachusetts,2101,East,DE-IS-10000032,Diagnostic Equipment,Imaging Supplies,Medline X-Ray Film Processing Chemical Kit,557.921,13,0.3,189.4144
1791,HC-2016-950158,12/22/2016,12/27/2016,Standard Class,JR-86484,Jessica Robinson,Home Care,United States,Birmingham,Alabama,35201,South,MS-S&-10000011,Medical Supplies,Syringes & Needles,Covidien Monoject 1mL Insulin Syringe 28G,40.584,4,0.05,-5.4723
1792,HC-2015-337278,12/4/2015,12/6/2015,First Class,JT-82692,James Thompson,Clinic,United States,Houston,Texas,77001,South,DE-IS-10000034,Diagnostic Equipment,Imaging Supplies,Carestream Health X-Omat Developer Solution,777.216,6,0.2,281.5759
1793,HC-2018-221219,2/3/2018,2/10/2018,Standard Class,TW-23947,Thomas Walker,Home Care,United States,Los Angeles,California,90001,West,DE-TK-10000028,Diagnostic Equipment,Testing Kits,BD Veritor System Flu A+B Analyzer,404.906,4,0.15,124.4766
1794,HC-2017-731328,11/20/2017,11/22/2017,First Class,JA-73653,Jennifer Anderson,Health System,United States,Atlanta,Georgia,30301,South,DE-IS-10000034,Diagnostic Equipment,Imaging Supplies,Carestream Health X-Omat Developer Solution,312.08,8,0,86.7481
1795,HC-2018-368265,11/5/2018,11/12/2018,Standard Class,SP-41358,Sarah Perez,Clinic,United States,Las Vegas,Nevada,89101,West,MS-B&-10000015,Medical Supplies,Bandages & Tape,3M Micropore Surgical Tape 1in x 10yd,54.432,7,0.1,19.156
1796,HC-2017-993910,4/3/2017,4/10/2017,Standard Class,JJ-70515,Jessica Jones,Health System,United States,Kansas City,Missouri,64101,Central,MS-WC-10000001,Medical Supplies,Wound Care,Medline Bordered Gauze Island Dressing 4x4in,285.978,11,0.3,-35.246
1797,HC-2017-547387,10/28/2017,10/29/2017,Same Day,MP-76540,Mason Perez,Clinic,United States,Las Vegas,Nevada,89101,West,DE-TK-10000029,Diagnostic Equipment,Testing Kits,McKesson Blood Glucose Test Strips 100ct,797.02,14,0,319.8139
1798,HC-2017-364633,4/3/2017,4/4/2017,Same Day,NA-56438,Noah Anderson,Health System,United States,Denver,Colorado,80201,West,P-IS-10000046,Pharmaceutical,IV Solutions,Hospira 5% Dextrose Injection USP 500mL,539.325,9,0.5,-27.8373
1799,HC-2015-224100,7/7/2015,7/14/2015,Standard Class,LM-38864,Linda Martin,Home Care,United States,Phoenix,Arizona,85001,West,MS-B&-10000016,Medical Supplies,Bandages & Tape,Johnson & Johnson Elastikon Elastic Bandage 3in,144.419,11,0.05,39.6817
1800,HC-2017-945666,12/19/2017,12/27/2017,Standard Class,JJ-44099,Jennifer Johnson,Clinic,United States,Portland,Oregon,97201,West,P-V&-10000052,Pharmaceutical,Vitamins & Supplements,Garden of Life Vitamin C Organic 60 Capsules,128.2,5,0.2,-6.7149
1801,HC-2015-583620,8/2/2015,8/4/2015,First Class,PW-85574,Patricia Wilson,Health System,United States,Salt Lake City,Utah,84101,West,DE-LS-10000038,Diagnostic Equipment,Lab Supplies,Globe Scientific Disposable Transfer Pipettes 3mL,662.5,10,0,-116.14
1802,HC-2017-330748,5/20/2017,5/22/2017,First Class,ND-97416,Noah Davis,Health System,United States,Sacramento,California,95814,West,P-OM-10000044,Pharmaceutical,OTC Medications,Zyrtec Allergy 10mg Cetirizine Tablets 70ct,387.842,13,0.3,-16.4764
1803,HC-2015-134768,9/24/2015,10/1/2015,Standard Class,WJ-38221,William Jones,Health System,United States,Minneapolis,Minnesota,55401,Central,MS-WC-10000000,Medical Supplies,Wound Care,3M Tegaderm Transparent Film Dressing 4x4.75in,29.322,2,0.1,7.0839
1804,HC-2016-733034,1/11/2016,1/18/2016,Standard Class,AR-31465,Ava Ramirez,Health System,United States,Boston,Massachusetts,2101,East,MS-WC-10000000,Medical Supplies,Wound Care,3M Tegaderm Transparent Film Dressing 4x4.75in,323.757,9,0.1,-25.8293
1805,HC-2018-499948,12/12/2018,12/18/2018,Standard Class,EA-54597,Emma Anderson,Health System,United States,Cincinnati,Ohio,45201,Central,DE-LS-10000038,Diagnostic Equipment,Lab Supplies,Globe Scientific Disposable Transfer Pipettes 3mL,475.776,7,0.2,121.9421
1806,HC-2017-159910,3/18/2017,3/20/2017,First Class,JR-77839,Joseph Robinson,Health System,United States,Nashville,Tennessee,37201,South,DE-LS-10000039,Diagnostic Equipment,Lab Supplies,Fisherbrand Microcentrifuge Tubes 1.5mL 500pk,223.26,3,0,-53.8817
1807,HC-2017-905537,8/18/2017,8/20/2017,First Class,AJ-26828,Ava Jones,Clinic,United States,Cincinnati,Ohio,45201,Central,DE-LS-10000035,Diagnostic Equipment,Lab Supplies,Thermo Scientific Nunc CryoTube Vials 1.8mL 100pk,271.755,11,0.1,-45.924
1808,HC-2016-526037,2/26/2016,3/2/2016,Second Class,JJ-15482,Jessica Jones,Health System,United States,Columbus,Ohio,43004,East,P-V&-10000054,Pharmaceutical,Vitamins & Supplements,Nature Made Fish Oil 1200mg 200 Softgels,268.8015,11,0.45,39.7993
1809,HC-2017-969560,12/8/2017,12/14/2017,Standard Class,SH-30676,Susan Hernandez,Home Care,United States,Salt Lake City,Utah,84101,West,MS-G&-10000008,Medical Supplies,Gloves & PPE,Cardinal Health Flexal Nitrile Exam Gloves XL,232.712,8,0.05,49.7173
1810,HC-2015-566039,11/4/2015,11/6/2015,First Class,RR-86556,Richard Robinson,Clinic,United States,Pittsburgh,Pennsylvania,15201,East,P-V&-10000053,Pharmaceutical,Vitamins & Supplements,Mason Natural Zinc 50mg Tablets 100ct,66.4675,5,0.45,-3.5172
1811,HC-2015-851725,6/10/2015,6/12/2015,First Class,LM-15695,Lisa Martinez,Home Care,United States,Detroit,Michigan,48201,Central,P-OM-10000042,Pharmaceutical,OTC Medications,Bayer Aspirin 325mg Enteric Coated 300ct,33.54,6,0.5,-2.3016
1812,HC-2017-393242,12/9/2017,12/17/2017,Standard Class,PG-83385,Patricia Gonzalez,Health System,United States,Houston,Texas,77001,South,P-OM-10000043,Pharmaceutical,OTC Medications,Pepcid AC Maximum Strength 20mg 50ct,119.625,6,0.45,-5.6034
1813,HC-2018-144983,4/3/2018,4/8/2018,Standard Class,SH-61116,Susan Hernandez,Health System,United States,San Francisco,California,94101,West,P-IS-10000045,Pharmaceutical,IV Solutions,Baxter 0.9% Sodium Chloride Injection 1000mL,431.808,8,0.2,75.9061
1814,HC-2015-208380,6/28/2015,7/3/2015,Standard Class,MW-54942,Michael White,Home Care,United States,Nashville,Tennessee,37201,South,MS-G&-10000008,Medical Supplies,Gloves & PPE,Cardinal Health Flexal Nitrile Exam Gloves XL,95.03,4,0.35,-16.3409
1815,HC-2017-552862,6/3/2017,6/5/2017,First Class,PL-66959,Patricia Lee,Health System,United States,San Francisco,California,94101,West,P-OM-10000041,Pharmaceutical,OTC Medications,Ibuprofen USP 200mg Tablets 500ct Bulk,161.084,14,0.45,-7.3023
1816,HC-2015-122175,8/17/2015,8/19/2015,Second Class,RR-94259,Richard Robinson,Health System,United States,Seattle,Washington,98101,West,MS-B&-10000018,Medical Supplies,Bandages & Tape,Medline Non-Sterile Rolled Gauze 2in x 4.1yd,51.376,13,0.2,-6.2279
1817,HC-2016-312005,11/2/2016,11/6/2016,Second Class,AA-38683,Ava Anderson,Clinic,United States,Cincinnati,Ohio,45201,Central,P-OM-10000041,Pharmaceutical,OTC Medications,Ibuprofen USP 200mg Tablets 500ct Bulk,37.205,1,0.3,3.1351
1818,HC-2017-529805,1/30/2017,1/31/2017,Same Day,JW-92719,James Williams,Clinic,United States,Charlotte,North Carolina,28201,South,MS-G&-10000008,Medical Supplies,Gloves & PPE,Cardinal Health Flexal Nitrile Exam Gloves XL,68.453,7,0.3,19.5482
1819,HC-2018-697672,12/3/2018,12/4/2018,Same Day,JG-46509,Jessica Garcia,Home Care,United States,New Orleans,Louisiana,70112,South,MS-G&-10000006,Medical Supplies,Gloves & PPE,Kimberly-Clark Purple Nitrile Exam Gloves Large,215.8875,5,0.05,-38.8137
1820,HC-2018-827107,10/8/2018,10/13/2018,Standard Class,EW-29536,Ethan White,Health System,United States,Albuquerque,New Mexico,87101,West,P-OM-10000043,Pharmaceutical,OTC Medications,Pepcid AC Maximum Strength 20mg 50ct,253.11,13,0.5,-15.6264
1821,HC-2018-314942,8/6/2018,8/8/2018,First Class,KH-81582,Karen Harris,Home Care,United States,Houston,Texas,77001,South,P-V&-10000052,Pharmaceutical,Vitamins & Supplements,Garden of Life Vitamin C Organic 60 Capsules,159.24,12,0.5,28.0212
1822,HC-2016-405192,4/11/2016,4/13/2016,First Class,NH-81482,Noah Harris,Clinic,United States,Charlotte,North Carolina,28201,South,DE-TK-10000028,Diagnostic Equipment,Testing Kits,BD Veritor System Flu A+B Analyzer,42.904,1,0.2,9.5238
1823,HC-2017-441439,11/2/2017,11/8/2017,Standard Class,RR-86556,Richard Robinson,Health System,United States,Dallas,Texas,75201,South,P-V&-10000054,Pharmaceutical,Vitamins & Supplements,Nature Made Fish Oil 1200mg 200 Softgels,171.2,5,0.2,-12.4915
1824,HC-2018-262020,4/18/2018,4/21/2018,Second Class,BG-15229,Barbara Gonzalez,Health System,United States,Portland,Oregon,97201,West,DE-MD-10000020,Diagnostic Equipment,Monitoring Devices,Welch Allyn Connex Spot Monitor with SpO2,2099.13,3,0,811.6937
1825,HC-2017-356717,4/3/2017,4/6/2017,Second Class,LM-42098,Liam Martinez,Health System,United States,San Francisco,California,94101,West,MS-B&-10000019,Medical Supplies,Bandages & Tape,Dukal Elastic Stretch Bandage 6in,24.5,2,0.3,6.1408
1826,HC-2016-685552,1/4/2016,1/7/2016,Second Class,JD-83579,John Davis,Health System,United States,Birmingham,Alabama,35201,South,DE-MD-10000020,Diagnostic Equipment,Monitoring Devices,Welch Allyn Connex Spot Monitor with SpO2,1391.68,4,0,-294.6411
1827,HC-2017-463426,11/25/2017,11/27/2017,First Class,RM-69429,Richard Martinez,Clinic,United States,Chicago,Illinois,60601,Central,DE-IS-10000033,Diagnostic Equipment,Imaging Supplies,3M Scotchcast Plus Fiberglass Casting Tape 2in,630.585,9,0.1,-77.8629
1828,HC-2016-348200,2/23/2016,2/29/2016,Standard Class,OM-31178,Olivia Martinez,Clinic,United States,Milwaukee,Wisconsin,53201,Central,P-OM-10000042,Pharmaceutical,OTC Medications,Bayer Aspirin 325mg Enteric Coated 300ct,238.05,9,0.5,16.4003
1829,HC-2015-479937,10/10/2015,10/13/2015,Second Class,MD-18834,Mary Davis,Clinic,United States,Seattle,Washington,98101,West,DE-LS-10000038,Diagnostic Equipment,Lab Supplies,Globe Scientific Disposable Transfer Pipettes 3mL,1001.208,13,0.2,352.7022
1830,HC-2018-374519,4/26/2018,4/28/2018,Second Class,BW-96951,Barbara Walker,Health System,United States,Sacramento,California,95814,West,P-V&-10000053,Pharmaceutical,Vitamins & Supplements,Mason Natural Zinc 50mg Tablets 100ct,186.956,11,0.3,9.7098
1831,HC-2017-402101,11/15/2017,11/21/2017,Standard Class,JJ-76562,Jennifer Johnson,Clinic,United States,Newark,New Jersey,7101,East,DE-IS-10000030,Diagnostic Equipment,Imaging Supplies,Covidien Kendall Ultrasound Gel 8.5oz,493.26,6,0,-60.9125
1832,HC-2016-632455,12/10/2016,12/16/2016,Standard Class,MT-44993,Michael Thompson,Clinic,United States,Cleveland,Ohio,44101,Central,P-OM-10000041,Pharmaceutical,OTC Medications,Ibuprofen USP 200mg Tablets 500ct Bulk,252.174,13,0.4,-10.9054
1833,HC-2017-569109,10/6/2017,10/12/2017,Standard Class,KT-64496,Karen Thomas,Health System,United States,Seattle,Washington,98101,West,MS-S&-10000014,Medical Supplies,Syringes & Needles,BD Eclipse Safety Needle 25G 1in,91.116,4,0.1,-16.3586
1834,HC-2015-972549,3/20/2015,3/24/2015,Second Class,JW-94246,James Williams,Home Care,United States,Omaha,Nebraska,68101,Central,DE-LS-10000038,Diagnostic Equipment,Lab Supplies,Globe Scientific Disposable Transfer Pipettes 3mL,720.192,12,0.45,-114.805
1835,HC-2016-460192,2/9/2016,2/16/2016,Standard Class,JC-82132,Joseph Clark,Health System,United States,Charlotte,North Carolina,28201,South,MS-G&-10000008,Medical Supplies,Gloves & PPE,Cardinal Health Flexal Nitrile Exam Gloves XL,165.2,5,0.2,53.9952
1836,HC-2017-944386,2/8/2017,2/15/2017,Standard Class,ST-63354,Sophia Taylor,Health System,United States,Memphis,Tennessee,38101,South,MS-S&-10000012,Medical Supplies,Syringes & Needles,Nipro 5mL Luer Slip Disposable Syringe,275.616,12,0.2,60.7435
1837,HC-2015-971135,4/25/2015,4/26/2015,Same Day,KJ-58393,Karen Johnson,Health System,United States,Nashville,Tennessee,37201,South,DE-LS-10000036,Diagnostic Equipment,Lab Supplies,BD Vacutainer EDTA Blood Collection Tubes 10mL,647.416,7,0.2,266.2578
1838,HC-2016-895478,2/21/2016,2/22/2016,Same Day,IG-33206,Isabella Garcia,Clinic,United States,Los Angeles,California,90001,West,MS-S&-10000014,Medical Supplies,Syringes & Needles,BD Eclipse Safety Needle 25G 1in,59.049,9,0.1,19.594
1839,HC-2016-198031,8/24/2016,8/30/2016,Standard Class,NT-82063,Noah Taylor,Health System,United States,Newark,New Jersey,7101,East,P-V&-10000054,Pharmaceutical,Vitamins & Supplements,Nature Made Fish Oil 1200mg 200 Softgels,59.818,4,0.45,7.3145
1840,HC-2015-306468,3/15/2015,3/16/2015,Same Day,JJ-44099,Jennifer Johnson,Health System,United States,Chicago,Illinois,60601,Central,P-OM-10000040,Pharmaceutical,OTC Medications,Tylenol Extra Strength Acetaminophen 500mg 100ct,129.36,14,0.4,-2.8812
1841,HC-2015-293924,3/9/2015,3/12/2015,Second Class,RJ-48427,Robert Jackson,Health System,United States,St. Louis,Missouri,63101,Central,MS-G&-10000009,Medical Supplies,Gloves & PPE,Dynarex SafeTouch Latex-Free Vinyl Gloves Medium,280.672,8,0.3,60.0391
1842,HC-2018-523814,6/13/2018,6/18/2018,Second Class,BH-37549,Barbara Hernandez,Clinic,United States,New Orleans,Louisiana,70112,South,MS-S&-10000011,Medical Supplies,Syringes & Needles,Covidien Monoject 1mL Insulin Syringe 28G,211.32,9,0,50.6736
1843,HC-2016-421864,1/16/2016,1/23/2016,Standard Class,LL-96951,Lisa Lopez,Health System,United States,Las Vegas,Nevada,89101,West,DE-MD-10000022,Diagnostic Equipment,Monitoring Devices,Masimo Rad-8 Pulse Oximeter Tabletop Unit,4330.98,9,0,1616.7513
1844,HC-2017-597414,10/10/2017,10/17/2017,Standard Class,JJ-70515,Jessica Jones,Clinic,United States,Richmond,Virginia,23218,East,DE-IS-10000032,Diagnostic Equipment,Imaging Supplies,Medline X-Ray Film Processing Chemical Kit,492.18,3,0,-58.5958
1845,HC-2018-746556,9/21/2018,9/22/2018,Same Day,MS-14067,Mary Sanchez,Home Care,United States,Baltimore,Maryland,21201,East,P-IS-10000046,Pharmaceutical,IV Solutions,Hospira 5% Dextrose Injection USP 500mL,87.57,6,0.5,8.9706
1846,HC-2016-692808,2/6/2016,2/9/2016,Second Class,JL-54236,Joseph Lopez,Clinic,United States,Columbus,Ohio,43004,East,DE-IS-10000034,Diagnostic Equipment,Imaging Supplies,Carestream Health X-Omat Developer Solution,646.744,7,0.2,-162.669
1847,HC-2018-614478,1/6/2018,1/9/2018,Second Class,WS-65255,William Sanchez,Health System,United States,Philadelphia,Pennsylvania,19101,East,MS-G&-10000005,Medical Supplies,Gloves & PPE,Ansell TouchNTuff Nitrile Disposable Gloves Medium,109.64,4,0,-18.2349
1848,HC-2016-442655,7/6/2016,7/11/2016,Standard Class,ES-85456,Emma Smith,Home Care,United States,Salt Lake City,Utah,84101,West,DE-TK-10000025,Diagnostic Equipment,Testing Kits,Abbott BinaxNOW COVID-19 Antigen Rapid Test 2-Pack,2085.668,13,0.05,-238.243
1849,HC-2017-170363,1/31/2017,2/8/2017,Standard Class,KJ-58393,Karen Johnson,Home Care,United States,New York,New York,10001,East,P-OM-10000043,Pharmaceutical,OTC Medications,Pepcid AC Maximum Strength 20mg 50ct,167.44,8,0.5,14.0562
1850,HC-2018-555494,5/17/2018,5/18/2018,Same Day,JJ-76562,Jennifer Johnson,Health System,United States,Portland,Oregon,97201,West,DE-TK-10000027,Diagnostic Equipment,Testing Kits,Quidel QuickVue Influenza A+B Test Kit 25ct,446.82,3,0,103.792
1851,HC-2017-197190,11/10/2017,11/12/2017,Second Class,JT-97747,John Taylor,Health System,United States,Miami,Florida,33101,South,P-V&-10000052,Pharmaceutical,Vitamins & Supplements,Garden of Life Vitamin C Organic 60 Capsules,278.509,11,0.3,28.7283
1852,HC-2016-973417,4/27/2016,4/29/2016,First Class,EJ-53309,Ethan Johnson,Home Care,United States,Las Vegas,Nevada,89101,West,MS-B&-10000018,Medical Supplies,Bandages & Tape,Medline Non-Sterile Rolled Gauze 2in x 4.1yd,47.994,4,0.05,-10.103
1853,HC-2018-880124,11/17/2018,11/22/2018,Standard Class,PW-59615,Patricia Walker,Health System,United States,Dallas,Texas,75201,South,P-V&-10000050,Pharmaceutical,Vitamins & Supplements,Nature's Bounty Vitamin D3 2000IU 240 Softgels,249.216,8,0.2,24.2417
1854,HC-2018-449964,5/20/2018,5/25/2018,Second Class,LT-87236,Linda Thomas,Health System,United States,Buffalo,New York,14201,East,MS-B&-10000015,Medical Supplies,Bandages & Tape,3M Micropore Surgical Tape 1in x 10yd,90.096,6,0.2,27.3971
1855,HC-2016-867110,3/17/2016,3/18/2016,Same Day,NM-83259,Noah Moore,Clinic,United States,Los Angeles,California,90001,West,P-V&-10000052,Pharmaceutical,Vitamins & Supplements,Garden of Life Vitamin C Organic 60 Capsules,10.552,1,0.2,0.5425
1856,HC-2015-396239,10/14/2015,10/20/2015,Standard Class,RW-88104,Richard Wilson,Home Care,United States,Denver,Colorado,80201,West,DE-TK-10000026,Diagnostic Equipment,Testing Kits,Roche Accu-Chek Guide Blood Glucose Meter Kit,120.764,4,0.05,-16.5165
1857,HC-2016-332431,7/31/2016,8/5/2016,Second Class,JB-42493,Joseph Brown,Home Care,United States,San Francisco,California,94101,West,MS-B&-10000015,Medical Supplies,Bandages & Tape,3M Micropore Surgical Tape 1in x 10yd,131.043,6,0.05,-14.7837
1858,HC-2015-524864,10/26/2015,10/31/2015,Standard Class,NW-73788,Noah White,Home Care,United States,Phoenix,Arizona,85001,West,P-IS-10000045,Pharmaceutical,IV Solutions,Baxter 0.9% Sodium Chloride Injection 1000mL,309.6,12,0.25,15.7906
1859,HC-2018-187272,1/31/2018,2/6/2018,Standard Class,JM-82603,James Martin,Clinic,United States,Seattle,Washington,98101,West,P-V&-10000050,Pharmaceutical,Vitamins & Supplements,Nature's Bounty Vitamin D3 2000IU 240 Softgels,174.68,8,0.5,22.3324
1860,HC-2016-869734,5/8/2016,5/13/2016,Standard Class,MS-19508,Mia Sanchez,Health System,United States,Charlotte,North Carolina,28201,South,P-V&-10000052,Pharmaceutical,Vitamins & Supplements,Garden of Life Vitamin C Organic 60 Capsules,374.759,14,0.45,34.8564
1861,HC-2016-532291,1/21/2016,1/24/2016,Second Class,LM-87924,Linda Martin,Health System,United States,Atlanta,Georgia,30301,South,P-V&-10000052,Pharmaceutical,Vitamins & Supplements,Garden of Life Vitamin C Organic 60 Capsules,189.09,11,0.5,12.1676
1862,HC-2016-203312,9/15/2016,9/21/2016,Standard Class,MT-93130,Michael Thompson,Clinic,United States,Newark,New Jersey,7101,East,MS-G&-10000006,Medical Supplies,Gloves & PPE,Kimberly-Clark Purple Nitrile Exam Gloves Large,407.42,13,0,132.2815
1863,HC-2017-588072,5/3/2017,5/7/2017,Second Class,LW-84847,Liam Walker,Clinic,United States,Richmond,Virginia,23218,East,P-OM-10000040,Pharmaceutical,OTC Medications,Tylenol Extra Strength Acetaminophen 500mg 100ct,279.936,9,0.2,28.758
1864,HC-2016-562250,4/22/2016,4/26/2016,Standard Class,CM-51467,Charles Moore,Home Care,United States,New York,New York,10001,East,MS-WC-10000001,Medical Supplies,Wound Care,Medline Bordered Gauze Island Dressing 4x4in,160.836,12,0.35,-29.3828
1865,HC-2017-493190,8/21/2017,8/28/2017,Standard Class,NW-47196,Noah Williams,Health System,United States,Salt Lake City,Utah,84101,West,MS-S&-10000014,Medical Supplies,Syringes & Needles,BD Eclipse Safety Needle 25G 1in,88.32,12,0,-19.7965
1866,HC-2016-736040,5/4/2016,5/10/2016,Standard Class,MW-53025,Michael Wilson,Health System,United States,Columbus,Ohio,43004,East,P-OM-10000041,Pharmaceutical,OTC Medications,Ibuprofen USP 200mg Tablets 500ct Bulk,50.457,2,0.45,-1.5651
1867,HC-2015-472184,2/27/2015,3/5/2015,Standard Class,JR-81200,Joseph Ramirez,Clinic,United States,Charlotte,North Carolina,28201,South,MS-S&-10000014,Medical Supplies,Syringes & Needles,BD Eclipse Safety Needle 25G 1in,140.98,14,0,-15.4185
1868,HC-2015-572034,1/14/2015,1/21/2015,Standard Class,JW-92719,James Williams,Health System,United States,Portland,Oregon,97201,West,MS-G&-10000008,Medical Supplies,Gloves & PPE,Cardinal Health Flexal Nitrile Exam Gloves XL,28.917,3,0.3,-3.5431
1869,HC-2015-557184,5/13/2015,5/17/2015,Standard Class,JD-19880,Joseph Davis,Home Care,United States,Birmingham,Alabama,35201,South,MS-WC-10000004,Medical Supplies,Wound Care,Covidien Kendall Hydrogel Dressing 4x4in,173.85,10,0.05,59.616
1870,HC-2018-125295,8/31/2018,9/3/2018,Second Class,KH-81582,Karen Harris,Clinic,United States,San Francisco,California,94101,West,DE-LS-10000038,Diagnostic Equipment,Lab Supplies,Globe Scientific Disposable Transfer Pipettes 3mL,1278.144,14,0.1,481.8334
1871,HC-2017-420768,8/8/2017,8/12/2017,Standard Class,MM-15817,Michael Martinez,Health System,United States,Charlotte,North Carolina,28201,South,DE-MD-10000023,Diagnostic Equipment,Monitoring Devices,Omron HEM-7320 Upper Arm Blood Pressure Monitor,5177.59,11,0,2134.9845
1872,HC-2018-520760,2/26/2018,2/27/2018,Same Day,RL-15075,Richard Lewis,Home Care,United States,Dallas,Texas,75201,South,MS-B&-10000017,Medical Supplies,Bandages & Tape,Covidien Curity Gauze Bandage Roll 4in,188.565,13,0.25,56.9395
1873,HC-2015-298324,4/2/2015,4/9/2015,Standard Class,JJ-83060,Joseph Johnson,Health System,United States,Newark,New Jersey,7101,East,DE-MD-10000024,Diagnostic Equipment,Monitoring Devices,A&D Medical UA-767FAM Multi-User BP Monitor,399.528,2,0.1,145.9826
1874,HC-2017-786403,11/9/2017,11/10/2017,Same Day,JB-19862,James Brown,Home Care,United States,Richmond,Virginia,23218,East,P-IS-10000046,Pharmaceutical,IV Solutions,Hospira 5% Dextrose Injection USP 500mL,221.1,6,0.5,-11.0753
1875,HC-2015-546468,9/12/2015,9/14/2015,Second Class,JJ-76562,Jennifer Johnson,Clinic,United States,New York,New York,10001,East,P-V&-10000050,Pharmaceutical,Vitamins & Supplements,Nature's Bounty Vitamin D3 2000IU 240 Softgels,148.2,13,0.2,-11.1197
1876,HC-2018-683859,3/24/2018,3/29/2018,Standard Class,JJ-70901,Joseph Jones,Clinic,United States,Baltimore,Maryland,21201,East,MS-WC-10000002,Medical Supplies,Wound Care,Dynarex Non-Adherent Sterile Dressing Pads 3x4in,285.57,9,0,-32.3402
1877,HC-2017-913225,2/4/2017,2/9/2017,Standard Class,LM-61876,Linda Martinez,Health System,United States,Phoenix,Arizona,85001,West,P-IS-10000047,Pharmaceutical,IV Solutions,B. Braun Lactated Ringer's Injection 1000mL,95.214,2,0.3,-4.6696
1878,HC-2018-707135,4/21/2018,4/28/2018,Standard Class,SS-31174,Susan Sanchez,Home Care,United States,Atlanta,Georgia,30301,South,MS-WC-10000003,Medical Supplies,Wound Care,Smith & Nephew ALLEVYN Gentle Border Foam Dressing,243.729,9,0.15,60.2326
1879,HC-2017-859976,6/18/2017,6/24/2017,Standard Class,AS-78327,Ava Sanchez,Clinic,United States,Salt Lake City,Utah,84101,West,DE-MD-10000023,Diagnostic Equipment,Monitoring Devices,Omron HEM-7320 Upper Arm Blood Pressure Monitor,709.02,2,0,250.8963
1880,HC-2016-581744,2/27/2016,3/2/2016,Standard Class,MS-88504,Mia Smith,Health System,United States,Hartford,Connecticut,6101,East,MS-WC-10000004,Medical Supplies,Wound Care,Covidien Kendall Hydrogel Dressing 4x4in,14.44,1,0.2,-1.9491
1881,HC-2017-205297,2/3/2017,2/8/2017,Standard Class,PM-38569,Patricia Martin,Health System,United States,Detroit,Michigan,48201,Central,DE-LS-10000038,Diagnostic Equipment,Lab Supplies,Globe Scientific Disposable Transfer Pipettes 3mL,1069.523,13,0.3,-350.1847
1882,HC-2016-373093,7/12/2016,7/14/2016,Second Class,JJ-83060,Joseph Johnson,Clinic,United States,Salt Lake City,Utah,84101,West,P-OM-10000042,Pharmaceutical,OTC Medications,Bayer Aspirin 325mg Enteric Coated 300ct,191.36,10,0.2,32.4751
1883,HC-2017-205639,1/27/2017,1/28/2017,Same Day,MS-17331,Mason Sanchez,Home Care,United States,Albuquerque,New Mexico,87101,West,MS-S&-10000013,Medical Supplies,Syringes & Needles,Terumo 10mL Hypodermic Syringe with Needle,22.572,4,0.05,-2.4523
1884,HC-2017-536444,4/23/2017,4/24/2017,Same Day,JT-91416,James Thomas,Home Care,United States,Charlotte,North Carolina,28201,South,MS-WC-10000001,Medical Supplies,Wound Care,Medline Bordered Gauze Island Dressing 4x4in,579.614,14,0.05,143.9393
1885,HC-2018-798779,11/25/2018,11/29/2018,Standard Class,LJ-17989,Liam Jackson,Clinic,United States,Seattle,Washington,98101,West,DE-TK-10000027,Diagnostic Equipment,Testing Kits,Quidel QuickVue Influenza A+B Test Kit 25ct,59.262,1,0.3,20.4362
1886,HC-2015-911378,4/14/2015,4/22/2015,Standard Class,PM-38569,Patricia Martin,Health System,United States,Seattle,Washington,98101,West,DE-MD-10000023,Diagnostic Equipment,Monitoring Devices,Omron HEM-7320 Upper Arm Blood Pressure Monitor,804.33,3,0,218.7389
1887,HC-2015-143626,12/30/2015,1/3/2016,Second Class,KT-64496,Karen Thomas,Health System,United States,San Francisco,California,94101,West,P-IS-10000048,Pharmaceutical,IV Solutions,ICU Medical Normal Saline 250mL IV Bag,348.887,14,0.45,50.6414
1888,HC-2016-726295,7/6/2016,7/9/2016,Second Class,JJ-15482,Jessica Jones,Health System,United States,Los Angeles,California,90001,West,MS-S&-10000013,Medical Supplies,Syringes & Needles,Terumo 10mL Hypodermic Syringe with Needle,107.616,6,0.2,-13.1279
1889,HC-2018-774365,3/4/2018,3/12/2018,Standard Class,NH-25014,Noah Harris,Home Care,United States,Dallas,Texas,75201,South,P-OM-10000042,Pharmaceutical,OTC Medications,Bayer Aspirin 325mg Enteric Coated 300ct,117.0,10,0.35,13.5125
1890,HC-2015-298769,8/14/2015,8/22/2015,Standard Class,AG-31992,Ava Gonzalez,Home Care,United States,St. Louis,Missouri,63101,Central,P-OM-10000042,Pharmaceutical,OTC Medications,Bayer Aspirin 325mg Enteric Coated 300ct,203.049,7,0.45,10.3035
1891,HC-2018-557011,12/26/2018,12/31/2018,Standard Class,WB-24029,William Brown,Clinic,United States,Louisville,Kentucky,40201,South,P-V&-10000054,Pharmaceutical,Vitamins & Supplements,Nature Made Fish Oil 1200mg 200 Softgels,236.817,7,0.3,-18.6353
1892,HC-2015-736140,10/28/2015,10/29/2015,Same Day,OM-31178,Olivia Martinez,Home Care,United States,Hartford,Connecticut,6101,East,MS-B&-10000017,Medical Supplies,Bandages & Tape,Covidien Curity Gauze Bandage Roll 4in,216.81,12,0.25,64.0333
1893,HC-2016-328304,1/27/2016,1/31/2016,Standard Class,SS-31174,Susan Sanchez,Clinic,United States,Houston,Texas,77001,South,MS-S&-10000013,Medical Supplies,Syringes & Needles,Terumo 10mL Hypodermic Syringe with Needle,162.036,9,0.3,34.7025
1894,HC-2016-599765,8/16/2016,8/18/2016,Second Class,PL-66959,Patricia Lee,Health System,United States,Nashville,Tennessee,37201,South,MS-G&-10000006,Medical Supplies,Gloves & PPE,Kimberly-Clark Purple Nitrile Exam Gloves Large,38.04,3,0,8.7256
1895,HC-2015-749151,11/22/2015,11/29/2015,Standard Class,MP-76540,Mason Perez,Health System,United States,Los Angeles,California,90001,West,P-OM-10000044,Pharmaceutical,OTC Medications,Zyrtec Allergy 10mg Cetirizine Tablets 70ct,190.24,8,0.5,-12.8063
1896,HC-2018-178683,12/21/2018,12/29/2018,Standard Class,MP-76540,Mason Perez,Clinic,United States,Hartford,Connecticut,6101,East,MS-B&-10000017,Medical Supplies,Bandages & Tape,Covidien Curity Gauze Bandage Roll 4in,27.125,5,0.3,8.6157
1897,HC-2018-251666,12/2/2018,12/6/2018,Standard Class,MP-46347,Mason Perez,Clinic,United States,Columbus,Ohio,43004,East,DE-LS-10000036,Diagnostic Equipment,Lab Supplies,BD Vacutainer EDTA Blood Collection Tubes 10mL,138.213,3,0.1,39.981
1898,HC-2018-682537,4/30/2018,5/1/2018,Same Day,JD-19880,Joseph Davis,Clinic,United States,Richmond,Virginia,23218,East,P-OM-10000044,Pharmaceutical,OTC Medications,Zyrtec Allergy 10mg Cetirizine Tablets 70ct,116.298,9,0.3,19.5402
1899,HC-2018-387516,10/5/2018,10/13/2018,Standard Class,PW-59615,Patricia Walker,Health System,United States,Newark,New Jersey,7101,East,MS-G&-10000007,Medical Supplies,Gloves & PPE,Medline SensiCare Ice Blue Nitrile Gloves Small,411.376,8,0.3,127.5627
1900,HC-2017-807224,12/3/2017,12/7/2017,Standard Class,EJ-53309,Ethan Johnson,Clinic,United States,Buffalo,New York,14201,East,MS-G&-10000007,Medical Supplies,Gloves & PPE,Medline SensiCare Ice Blue Nitrile Gloves Small,312.768,12,0.1,101.3315
1901,HC-2015-911940,1/15/2015,1/16/2015,Same Day,JJ-44099,Jennifer Johnson,Clinic,United States,Los Angeles,California,90001,West,DE-IS-10000034,Diagnostic Equipment,Imaging Supplies,Carestream Health X-Omat Developer Solution,1919.619,13,0.1,498.2639
1902,HC-2017-951303,7/23/2017,7/28/2017,Standard Class,MS-22280,Mary Smith,Clinic,United States,Baltimore,Maryland,21201,East,DE-IS-10000030,Diagnostic Equipment,Imaging Supplies,Covidien Kendall Ultrasound Gel 8.5oz,2301.6,14,0,760.6535
1903,HC-2018-200943,4/8/2018,4/11/2018,Second Class,SH-30676,Susan Hernandez,Health System,United States,Columbus,Ohio,43004,East,P-IS-10000046,Pharmaceutical,IV Solutions,Hospira 5% Dextrose Injection USP 500mL,257.82,6,0.5,36.4867
1904,HC-2015-869795,2/23/2015,2/27/2015,Standard Class,IG-33206,Isabella Garcia,Health System,United States,Buffalo,New York,14201,East,P-OM-10000042,Pharmaceutical,OTC Medications,Bayer Aspirin 325mg Enteric Coated 300ct,128.425,5,0.45,10.3839
1905,HC-2015-843828,10/16/2015,10/21/2015,Second Class,PW-59615,Patricia Walker,Home Care,United States,Hartford,Connecticut,6101,East,MS-G&-10000006,Medical Supplies,Gloves & PPE,Kimberly-Clark Purple Nitrile Exam Gloves Large,470.763,9,0.05,97.9119
1906,HC-2017-245781,6/22/2017,6/28/2017,Standard Class,SM-16658,Sarah Martinez,Clinic,United States,Detroit,Michigan,48201,Central,MS-WC-10000001,Medical Supplies,Wound Care,Medline Bordered Gauze Island Dressing 4x4in,102.186,6,0.3,-10.8163
1907,HC-2016-628344,3/21/2016,3/26/2016,Standard Class,JT-13804,Jessica Taylor,Home Care,United States,Minneapolis,Minnesota,55401,Central,DE-TK-10000026,Diagnostic Equipment,Testing Kits,Roche Accu-Chek Guide Blood Glucose Meter Kit,151.697,7,0.35,-33.9834
1908,HC-2015-673719,2/24/2015,2/25/2015,Same Day,EH-90173,Emma Hernandez,Clinic,United States,Baltimore,Maryland,21201,East,DE-MD-10000020,Diagnostic Equipment,Monitoring Devices,Welch Allyn Connex Spot Monitor with SpO2,2507.4,3,0,802.7691
1909,HC-2015-593441,2/18/2015,2/26/2015,Standard Class,JJ-70515,Jessica Jones,Health System,United States,New Orleans,Louisiana,70112,South,P-IS-10000046,Pharmaceutical,IV Solutions,Hospira 5% Dextrose Injection USP 500mL,42.207,2,0.45,-2.1754
1910,HC-2015-323394,1/23/2015,1/25/2015,Second Class,JJ-76562,Jennifer Johnson,Clinic,United States,Nashville,Tennessee,37201,South,P-OM-10000042,Pharmaceutical,OTC Medications,Bayer Aspirin 325mg Enteric Coated 300ct,27.797,2,0.45,2.6952
1911,HC-2015-452560,2/12/2015,2/16/2015,Standard Class,RS-61173,Richard Smith,Health System,United States,Boston,Massachusetts,2101,East,DE-IS-10000033,Diagnostic Equipment,Imaging Supplies,3M Scotchcast Plus Fiberglass Casting Tape 2in,467.01,3,0,170.0618
1912,HC-2018-612880,11/3/2018,11/10/2018,Standard Class,MM-51245,Mia Martin,Health System,United States,Hartford,Connecticut,6101,East,DE-MD-10000024,Diagnostic Equipment,Monitoring Devices,A&D Medical UA-767FAM Multi-User BP Monitor,5212.06,10,0.3,-1037.806
1913,HC-2018-328314,2/9/2018,2/16/2018,Standard Class,EW-99593,Emma Walker,Home Care,United States,Salt Lake City,Utah,84101,West,P-IS-10000048,Pharmaceutical,IV Solutions,ICU Medical Normal Saline 250mL IV Bag,166.9785,3,0.35,21.5137
1914,HC-2015-458175,11/26/2015,11/30/2015,Standard Class,SM-16658,Sarah Martinez,Clinic,United States,Dallas,Texas,75201,South,P-V&-10000053,Pharmaceutical,Vitamins & Supplements,Mason Natural Zinc 50mg Tablets 100ct,489.112,13,0.2,-26.1922
1915,HC-2016-863273,4/2/2016,4/9/2016,Standard Class,WH-89276,William Hernandez,Clinic,United States,Omaha,Nebraska,68101,Central,P-OM-10000041,Pharmaceutical,OTC Medications,Ibuprofen USP 200mg Tablets 500ct Bulk,322.296,13,0.4,52.8335
1916,HC-2018-967422,6/23/2018,6/28/2018,Standard Class,JT-94607,John Thompson,Health System,United States,Philadelphia,Pennsylvania,19101,East,DE-TK-10000026,Diagnostic Equipment,Testing Kits,Roche Accu-Chek Guide Blood Glucose Meter Kit,923.6,8,0,327.7435
1917,HC-2016-874773,5/30/2016,6/6/2016,Standard Class,ID-23238,Isabella Davis,Health System,United States,Chicago,Illinois,60601,Central,DE-MD-10000022,Diagnostic Equipment,Monitoring Devices,Masimo Rad-8 Pulse Oximeter Tabletop Unit,1725.129,9,0.3,475.8268
1918,HC-2016-572043,12/10/2016,12/15/2016,Standard Class,LM-15695,Lisa Martinez,Health System,United States,Pittsburgh,Pennsylvania,15201,East,P-V&-10000054,Pharmaceutical,Vitamins & Supplements,Nature Made Fish Oil 1200mg 200 Softgels,145.84,8,0.5,-15.3831
1919,HC-2015-917497,12/4/2015,12/6/2015,First Class,JJ-42092,James Johnson,Clinic,United States,New York,New York,10001,East,MS-WC-10000002,Medical Supplies,Wound Care,Dynarex Non-Adherent Sterile Dressing Pads 3x4in,91.52,13,0.2,22.1544
1920,HC-2016-199382,8/27/2016,9/3/2016,Standard Class,BT-51441,Barbara Thomas,Home Care,United States,Los Angeles,California,90001,West,MS-S&-10000014,Medical Supplies,Syringes & Needles,BD Eclipse Safety Needle 25G 1in,119.244,8,0.05,33.9086
1921,HC-2016-690296,7/13/2016,7/19/2016,Standard Class,RL-18907,Robert Lee,Health System,United States,Hartford,Connecticut,6101,East,P-IS-10000048,Pharmaceutical,IV Solutions,ICU Medical Normal Saline 250mL IV Bag,293.488,13,0.2,-13.5322
1922,HC-2015-586099,1/29/2015,2/3/2015,Second Class,WJ-38221,William Jones,Health System,United States,Pittsburgh,Pennsylvania,15201,East,MS-G&-10000007,Medical Supplies,Gloves & PPE,Medline SensiCare Ice Blue Nitrile Gloves Small,684.387,11,0.1,-137.3711
1923,HC-2018-941795,10/23/2018,10/25/2018,Second Class,JM-74686,John Moore,Clinic,United States,Baltimore,Maryland,21201,East,DE-LS-10000039,Diagnostic Equipment,Lab Supplies,Fisherbrand Microcentrifuge Tubes 1.5mL 500pk,743.52,12,0.2,-181.4336
1924,HC-2015-210396,10/20/2015,10/22/2015,First Class,DB-48469,David Brown,Home Care,United States,Las Vegas,Nevada,89101,West,P-OM-10000040,Pharmaceutical,OTC Medications,Tylenol Extra Strength Acetaminophen 500mg 100ct,66.703,7,0.35,5.4602
1925,HC-2017-956560,1/1/2017,1/3/2017,First Class,SL-62581,Sophia Lopez,Clinic,United States,Philadelphia,Pennsylvania,19101,East,DE-MD-10000020,Diagnostic Equipment,Monitoring Devices,Welch Allyn Connex Spot Monitor with SpO2,872.676,4,0.3,272.3263
1926,HC-2015-430513,11/13/2015,11/19/2015,Standard Class,SS-31174,Susan Sanchez,Health System,United States,Charlotte,North Carolina,28201,South,MS-G&-10000006,Medical Supplies,Gloves & PPE,Kimberly-Clark Purple Nitrile Exam Gloves Large,285.6,14,0,66.1355
1927,HC-2015-155320,2/25/2015,2/27/2015,Second Class,JA-71213,Jessica Anderson,Clinic,United States,New Orleans,Louisiana,70112,South,MS-S&-10000011,Medical Supplies,Syringes & Needles,Covidien Monoject 1mL Insulin Syringe 28G,103.51,11,0,-9.6453
1928,HC-2017-213946,1/18/2017,1/24/2017,Standard Class,MG-66531,Michael Gonzalez,Health System,United States,Boston,Massachusetts,2101,East,P-IS-10000049,Pharmaceutical,IV Solutions,Fresenius Kabi Sterile Water for Injection 1000mL,539.63,10,0.3,-31.4049
1929,HC-2018-520978,12/8/2018,12/12/2018,Second Class,RH-73699,Robert Harris,Clinic,United States,Charlotte,North Carolina,28201,South,P-OM-10000044,Pharmaceutical,OTC Medications,Zyrtec Allergy 10mg Cetirizine Tablets 70ct,179.172,9,0.3,-17.2754
1930,HC-2018-965575,9/7/2018,9/10/2018,Second Class,JA-73653,Jennifer Anderson,Health System,United States,Louisville,Kentucky,40201,South,DE-MD-10000021,Diagnostic Equipment,Monitoring Devices,Nonin Onyx Vantage 9590 Finger Pulse Oximeter,8258.112,12,0.2,2367.2033
1931,HC-2017-192306,11/6/2017,11/12/2017,Standard Class,RW-30028,Richard White,Clinic,United States,Memphis,Tennessee,38101,South,P-V&-10000053,Pharmaceutical,Vitamins & Supplements,Mason Natural Zinc 50mg Tablets 100ct,176.19,6,0.3,29.7002
1932,HC-2016-692963,1/6/2016,1/13/2016,Standard Class,NW-51180,Noah White,Clinic,United States,Las Vegas,Nevada,89101,West,DE-IS-10000034,Diagnostic Equipment,Imaging Supplies,Carestream Health X-Omat Developer Solution,377.82,5,0.1,104.453
1933,HC-2015-481843,4/10/2015,4/17/2015,Standard Class,SL-19545,Sarah Lee,Health System,United States,San Francisco,California,94101,West,DE-TK-10000028,Diagnostic Equipment,Testing Kits,BD Veritor System Flu A+B Analyzer,270.788,4,0.3,-64.5331
1934,HC-2017-477971,2/16/2017,2/18/2017,Second Class,AJ-26828,Ava Jones,Health System,United States,Detroit,Michigan,48201,Central,DE-IS-10000031,Diagnostic Equipment,Imaging Supplies,Parker Aquasonic 100 Ultrasound Transmission Gel,146.403,1,0.1,54.335
1935,HC-2016-478083,3/31/2016,4/7/2016,Standard Class,LM-30032,Lisa Miller,Health System,United States,Birmingham,Alabama,35201,South,P-OM-10000043,Pharmaceutical,OTC Medications,Pepcid AC Maximum Strength 20mg 50ct,27.313,2,0.45,4.1134
1936,HC-2015-371221,9/27/2015,10/5/2015,Standard Class,SL-38906,Sophia Lee,Clinic,United States,Sacramento,California,95814,West,DE-TK-10000028,Diagnostic Equipment,Testing Kits,BD Veritor System Flu A+B Analyzer,667.86,6,0,238.5167
1937,HC-2017-733860,5/25/2017,5/27/2017,First Class,PR-27601,Patricia Robinson,Health System,United States,Las Vegas,Nevada,89101,West,P-V&-10000052,Pharmaceutical,Vitamins & Supplements,Garden of Life Vitamin C Organic 60 Capsules,124.971,6,0.45,18.1578
1938,HC-2015-560795,12/21/2015,12/23/2015,Second Class,DT-12552,David Taylor,Clinic,United States,Pittsburgh,Pennsylvania,15201,East,P-OM-10000044,Pharmaceutical,OTC Medications,Zyrtec Allergy 10mg Cetirizine Tablets 70ct,150.01,14,0.5,12.9581
1939,HC-2015-845004,11/27/2015,11/28/2015,Same Day,CM-51467,Charles Moore,Clinic,United States,Seattle,Washington,98101,West,MS-S&-10000010,Medical Supplies,Syringes & Needles,BD 3mL Luer-Lok Syringe with 21G Needle,83.65,7,0,26.162
1940,HC-2015-841709,6/15/2015,6/19/2015,Standard Class,LM-30032,Lisa Miller,Health System,United States,Milwaukee,Wisconsin,53201,Central,MS-G&-10000005,Medical Supplies,Gloves & PPE,Ansell TouchNTuff Nitrile Disposable Gloves Medium,439.758,11,0.1,138.8906
1941,HC-2015-291428,12/14/2015,12/15/2015,Same Day,MM-36772,Mia Martinez,Clinic,United States,Buffalo,New York,14201,East,MS-G&-10000007,Medical Supplies,Gloves & PPE,Medline SensiCare Ice Blue Nitrile Gloves Small,166.74,4,0.3,-15.0631
1942,HC-2018-244654,5/30/2018,6/3/2018,Standard Class,MD-76237,Michael Davis,Health System,United States,Richmond,Virginia,23218,East,DE-MD-10000023,Diagnostic Equipment,Monitoring Devices,Omron HEM-7320 Upper Arm Blood Pressure Monitor,1392.0,3,0,377.9168
1943,HC-2018-599544,11/28/2018,11/29/2018,Same Day,IG-33206,Isabella Garcia,Health System,United States,Memphis,Tennessee,38101,South,MS-WC-10000000,Medical Supplies,Wound Care,3M Tegaderm Transparent Film Dressing 4x4.75in,16.944,1,0.2,4.9741
1944,HC-2016-571116,3/30/2016,4/1/2016,First Class,ES-23970,Ethan Sanchez,Home Care,United States,Denver,Colorado,80201,West,MS-WC-10000001,Medical Supplies,Wound Care,Medline Bordered Gauze Island Dressing 4x4in,116.508,4,0.05,42.9062
1945,HC-2017-651011,11/25/2017,11/27/2017,First Class,EA-54597,Emma Anderson,Clinic,United States,Richmond,Virginia,23218,East,MS-B&-10000019,Medical Supplies,Bandages & Tape,Dukal Elastic Stretch Bandage 6in,15.232,1,0.2,2.9209
1946,HC-2015-464033,12/20/2015,12/24/2015,Standard Class,JT-94607,John Thompson,Clinic,United States,Minneapolis,Minnesota,55401,Central,MS-G&-10000009,Medical Supplies,Gloves & PPE,Dynarex SafeTouch Latex-Free Vinyl Gloves Medium,861.084,12,0.1,-253.1991
1947,HC-2016-307304,3/5/2016,3/11/2016,Standard Class,AL-23396,Ava Lopez,Health System,United States,Charlotte,North Carolina,28201,South,MS-G&-10000005,Medical Supplies,Gloves & PPE,Ansell TouchNTuff Nitrile Disposable Gloves Medium,487.44,9,0.2,-56.0918
1948,HC-2015-227678,1/7/2015,1/9/2015,Second Class,BT-51441,Barbara Thomas,Home Care,United States,Phoenix,Arizona,85001,West,MS-WC-10000000,Medical Supplies,Wound Care,3M Tegaderm Transparent Film Dressing 4x4.75in,201.465,11,0.25,53.3156
1949,HC-2017-889637,11/22/2017,11/30/2017,Standard Class,JT-97747,John Taylor,Clinic,United States,Los Angeles,California,90001,West,MS-S&-10000012,Medical Supplies,Syringes & Needles,Nipro 5mL Luer Slip Disposable Syringe,42.56,10,0.3,15.3959
1950,HC-2016-209454,5/23/2016,5/28/2016,Standard Class,CJ-29410,Charles Jackson,Health System,United States,Albuquerque,New Mexico,87101,West,P-OM-10000042,Pharmaceutical,OTC Medications,Bayer Aspirin 325mg Enteric Coated 300ct,101.556,3,0.3,15.5502
1951,HC-2018-794575,9/18/2018,9/22/2018,Second Class,NL-40828,Noah Lewis,Home Care,United States,Memphis,Tennessee,38101,South,MS-S&-10000014,Medical Supplies,Syringes & Needles,BD Eclipse Safety Needle 25G 1in,280.875,14,0.25,101.3538
1952,HC-2017-691019,2/12/2017,2/13/2017,Same Day,JL-62743,Jessica Lopez,Clinic,United States,Cleveland,Ohio,44101,Central,P-V&-10000052,Pharmaceutical,Vitamins & Supplements,Garden of Life Vitamin C Organic 60 Capsules,121.52,8,0.5,-7.2668
1953,HC-2017-154929,10/29/2017,11/3/2017,Second Class,JJ-83060,Joseph Johnson,Health System,United States,Richmond,Virginia,23218,East,MS-G&-10000007,Medical Supplies,Gloves & PPE,Medline SensiCare Ice Blue Nitrile Gloves Small,715.4,14,0,190.4624
1954,HC-2016-561788,12/30/2016,1/5/2017,Standard Class,CM-51467,Charles Moore,Clinic,United States,Cincinnati,Ohio,45201,Central,MS-S&-10000010,Medical Supplies,Syringes & Needles,BD 3mL Luer-Lok Syringe with 21G Needle,153.54,10,0.1,39.5819
1955,HC-2017-974176,7/4/2017,7/11/2017,Standard Class,MT-39871,Mary Thompson,Health System,United States,Omaha,Nebraska,68101,Central,MS-G&-10000008,Medical Supplies,Gloves & PPE,Cardinal Health Flexal Nitrile Exam Gloves XL,276.444,6,0.4,77.2007
1956,HC-2015-465875,5/29/2015,5/31/2015,Second Class,JT-97747,John Taylor,Clinic,United States,Hartford,Connecticut,6101,East,P-OM-10000042,Pharmaceutical,OTC Medications,Bayer Aspirin 325mg Enteric Coated 300ct,182.364,12,0.3,-6.8755
1957,HC-2017-831679,2/18/2017,2/24/2017,Standard Class,EL-57400,Ethan Lewis,Health System,United States,Cleveland,Ohio,44101,Central,MS-WC-10000001,Medical Supplies,Wound Care,Medline Bordered Gauze Island Dressing 4x4in,186.165,5,0.1,64.0837
1958,HC-2017-855108,4/10/2017,4/14/2017,Second Class,NW-47196,Noah Williams,Health System,United States,Newark,New Jersey,7101,East,DE-MD-10000023,Diagnostic Equipment,Monitoring Devices,Omron HEM-7320 Upper Arm Blood Pressure Monitor,5214.93,7,0,1173.2487
1959,HC-2017-868874,2/11/2017,2/14/2017,Second Class,JT-94607,John Thompson,Home Care,United States,Chicago,Illinois,60601,Central,P-OM-10000043,Pharmaceutical,OTC Medications,Pepcid AC Maximum Strength 20mg 50ct,148.975,5,0.5,18.2906
1960,HC-2017-842258,2/20/2017,2/22/2017,First Class,JJ-70901,Joseph Jones,Home Care,United States,Dallas,Texas,75201,South,DE-IS-10000030,Diagnostic Equipment,Imaging Supplies,Covidien Kendall Ultrasound Gel 8.5oz,914.8025,5,0.05,-141.4899
1961,HC-2017-345226,5/28/2017,6/2/2017,Second Class,SW-63964,Sophia Walker,Clinic,United States,Atlanta,Georgia,30301,South,P-OM-10000042,Pharmaceutical,OTC Medications,Bayer Aspirin 325mg Enteric Coated 300ct,101.904,12,0.45,11.7265
1962,HC-2017-704233,5/6/2017,5/9/2017,Second Class,JD-19880,Joseph Davis,Health System,United States,Philadelphia,Pennsylvania,19101,East,P-V&-10000051,Pharmaceutical,Vitamins & Supplements,Centrum Silver Multivitamin Adults 50+ 250ct,105.2,10,0.2,5.4555
1963,HC-2015-174523,10/11/2015,10/15/2015,Second Class,LR-76162,Lisa Ramirez,Health System,United States,Charlotte,North Carolina,28201,South,DE-IS-10000030,Diagnostic Equipment,Imaging Supplies,Covidien Kendall Ultrasound Gel 8.5oz,1225.6,8,0.2,-176.0677
1964,HC-2015-488584,1/15/2015,1/23/2015,Standard Class,LJ-30374,Liam Jackson,Health System,United States,Dallas,Texas,75201,South,DE-LS-10000038,Diagnostic Equipment,Lab Supplies,Globe Scientific Disposable Transfer Pipettes 3mL,1250.704,14,0.2,-204.7263
1965,HC-2017-803819,6/5/2017,6/7/2017,First Class,EH-40735,Emma Hernandez,Health System,United States,Charlotte,North Carolina,28201,South,P-IS-10000046,Pharmaceutical,IV Solutions,Hospira 5% Dextrose Injection USP 500mL,275.135,5,0.3,46.898
1966,HC-2017-590754,10/2/2017,10/7/2017,Second Class,DT-12552,David Taylor,Clinic,United States,Louisville,Kentucky,40201,South,DE-IS-10000032,Diagnostic Equipment,Imaging Supplies,Medline X-Ray Film Processing Chemical Kit,55.062,1,0.1,-7.777
1967,HC-2017-776703,1/10/2017,1/18/2017,Standard Class,SM-62565,Sarah Miller,Clinic,United States,Hartford,Connecticut,6101,East,P-IS-10000047,Pharmaceutical,IV Solutions,B. Braun Lactated Ringer's Injection 1000mL,90.3595,7,0.45,-2.4636
1968,HC-2017-830121,6/3/2017,6/6/2017,Second Class,KS-61645,Karen Smith,Health System,United States,Houston,Texas,77001,South,MS-G&-10000006,Medical Supplies,Gloves & PPE,Kimberly-Clark Purple Nitrile Exam Gloves Large,135.62,2,0,-29.6484
1969,HC-2017-472746,3/31/2017,4/6/2017,Standard Class,WJ-55745,William Jones,Health System,United States,Portland,Oregon,97201,West,MS-B&-10000015,Medical Supplies,Bandages & Tape,3M Micropore Surgical Tape 1in x 10yd,56.1,5,0,-5.8886
1970,HC-2016-309420,6/2/2016,6/8/2016,Standard Class,CM-96900,Charles Martin,Home Care,United States,Memphis,Tennessee,38101,South,P-V&-10000053,Pharmaceutical,Vitamins & Supplements,Mason Natural Zinc 50mg Tablets 100ct,49.309,2,0.35,-1.8277
1971,HC-2018-815670,1/16/2018,1/22/2018,Standard Class,OM-31178,Olivia Martinez,Home Care,United States,Louisville,Kentucky,40201,South,DE-MD-10000020,Diagnostic Equipment,Monitoring Devices,Welch Allyn Connex Spot Monitor with SpO2,5292.0,12,0.25,-886.1712
1972,HC-2015-940651,9/22/2015,9/29/2015,Standard Class,PL-66959,Patricia Lee,Clinic,United States,Phoenix,Arizona,85001,West,P-V&-10000052,Pharmaceutical,Vitamins & Supplements,Garden of Life Vitamin C Organic 60 Capsules,86.751,9,0.3,-5.5086
1973,HC-2018-952691,4/23/2018,4/27/2018,Standard Class,AS-78327,Ava Sanchez,Health System,United States,New York,New York,10001,East,MS-WC-10000004,Medical Supplies,Wound Care,Covidien Kendall Hydrogel Dressing 4x4in,187.872,12,0.2,59.2209
1974,HC-2015-767881,1/19/2015,1/20/2015,Same Day,WG-24168,William Garcia,Health System,United States,Atlanta,Georgia,30301,South,MS-WC-10000002,Medical Supplies,Wound Care,Dynarex Non-Adherent Sterile Dressing Pads 3x4in,346.584,12,0.3,88.912
1975,HC-2016-730850,7/8/2016,7/10/2016,Second Class,RS-61173,Richard Smith,Health System,United States,San Francisco,California,94101,West,MS-S&-10000010,Medical Supplies,Syringes & Needles,BD 3mL Luer-Lok Syringe with 21G Needle,90.25,5,0,-11.7815
1976,HC-2015-428591,9/20/2015,9/26/2015,Standard Class,MW-54942,Michael White,Clinic,United States,Houston,Texas,77001,South,P-V&-10000052,Pharmaceutical,Vitamins & Supplements,Garden of Life Vitamin C Organic 60 Capsules,43.0,5,0.2,2.939
1977,HC-2017-873326,12/19/2017,12/23/2017,Standard Class,LL-24322,Liam Lopez,Health System,United States,Portland,Oregon,97201,West,MS-G&-10000009,Medical Supplies,Gloves & PPE,Dynarex SafeTouch Latex-Free Vinyl Gloves Medium,125.44,10,0.2,-27.7011
1978,HC-2015-200865,2/20/2015,2/24/2015,Second Class,LR-76162,Lisa Ramirez,Health System,United States,Birmingham,Alabama,35201,South,P-V&-10000051,Pharmaceutical,Vitamins & Supplements,Centrum Silver Multivitamin Adults 50+ 250ct,53.7,6,0.5,4.3711
1979,HC-2017-558826,9/28/2017,10/5/2017,Standard Class,OW-89840,Olivia Williams,Health System,United States,Las Vegas,Nevada,89101,West,MS-B&-10000017,Medical Supplies,Bandages & Tape,Covidien Curity Gauze Bandage Roll 4in,55.96,4,0,-8.1958
1980,HC-2015-708276,8/7/2015,8/8/2015,Same Day,LJ-17989,Liam Jackson,Health System,United States,Seattle,Washington,98101,West,MS-G&-10000009,Medical Supplies,Gloves & PPE,Dynarex SafeTouch Latex-Free Vinyl Gloves Medium,192.704,8,0.2,36.6525
1981,HC-2015-152994,5/22/2015,5/23/2015,Same Day,MS-14067,Mary Sanchez,Clinic,United States,Indianapolis,Indiana,46201,Central,DE-TK-10000028,Diagnostic Equipment,Testing Kits,BD Veritor System Flu A+B Analyzer,1015.56,12,0.3,420.936
1982,HC-2017-571777,8/27/2017,9/1/2017,Standard Class,JC-82132,Joseph Clark,Home Care,United States,Columbus,Ohio,43004,East,MS-WC-10000001,Medical Supplies,Wound Care,Medline Bordered Gauze Island Dressing 4x4in,200.25,6,0.25,45.7539
1983,HC-2016-285886,10/7/2016,10/8/2016,Same Day,EJ-53309,Ethan Johnson,Health System,United States,Dallas,Texas,75201,South,MS-B&-10000017,Medical Supplies,Bandages & Tape,Covidien Curity Gauze Bandage Roll 4in,16.56,1,0,5.356
1984,HC-2016-947630,1/24/2016,1/26/2016,First Class,SS-80702,Sarah Smith,Home Care,United States,Denver,Colorado,80201,West,DE-MD-10000022,Diagnostic Equipment,Monitoring Devices,Masimo Rad-8 Pulse Oximeter Tabletop Unit,1832.532,12,0.35,762.5457
1985,HC-2018-584248,7/17/2018,7/24/2018,Standard Class,AJ-26828,Ava Jones,Health System,United States,Albuquerque,New Mexico,87101,West,P-OM-10000044,Pharmaceutical,OTC Medications,Zyrtec Allergy 10mg Cetirizine Tablets 70ct,308.672,8,0.3,42.2649
1986,HC-2016-797933,3/23/2016,3/27/2016,Standard Class,JG-56566,Jennifer Gonzalez,Health System,United States,Birmingham,Alabama,35201,South,DE-TK-10000026,Diagnostic Equipment,Testing Kits,Roche Accu-Chek Guide Blood Glucose Meter Kit,655.452,12,0.3,-79.9194
1987,HC-2016-353052,8/3/2016,8/10/2016,Standard Class,WJ-38221,William Jones,Home Care,United States,Nashville,Tennessee,37201,South,DE-IS-10000033,Diagnostic Equipment,Imaging Supplies,3M Scotchcast Plus Fiberglass Casting Tape 2in,647.14,4,0.05,-93.7958
1988,HC-2016-870542,12/25/2016,12/26/2016,Same Day,RT-53279,Robert Thompson,Health System,United States,Seattle,Washington,98101,West,MS-S&-10000010,Medical Supplies,Syringes & Needles,BD 3mL Luer-Lok Syringe with 21G Needle,133.12,8,0,32.3104
1989,HC-2017-478463,11/20/2017,11/27/2017,Standard Class,MG-39389,Mary Gonzalez,Health System,United States,Buffalo,New York,14201,East,P-IS-10000047,Pharmaceutical,IV Solutions,B. Braun Lactated Ringer's Injection 1000mL,49.455,1,0.5,8.3975
1990,HC-2018-368736,12/15/2018,12/20/2018,Standard Class,MM-65069,Mary Miller,Clinic,United States,Buffalo,New York,14201,East,P-OM-10000040,Pharmaceutical,OTC Medications,Tylenol Extra Strength Acetaminophen 500mg 100ct,21.924,3,0.3,2.0255
1991,HC-2016-533284,11/24/2016,11/26/2016,First Class,JL-77033,Jessica Lee,Health System,United States,Phoenix,Arizona,85001,West,MS-S&-10000010,Medical Supplies,Syringes & Needles,BD 3mL Luer-Lok Syringe with 21G Needle,84.84,7,0,18.9024
1992,HC-2015-426523,11/14/2015,11/18/2015,Standard Class,LJ-41571,Linda Johnson,Health System,United States,Baltimore,Maryland,21201,East,P-OM-10000044,Pharmaceutical,OTC Medications,Zyrtec Allergy 10mg Cetirizine Tablets 70ct,123.48,10,0.3,6.7027
1993,HC-2018-307761,3/8/2018,3/12/2018,Second Class,LT-82309,Liam Thomas,Clinic,United States,San Francisco,California,94101,West,P-OM-10000044,Pharmaceutical,OTC Medications,Zyrtec Allergy 10mg Cetirizine Tablets 70ct,66.78,4,0.5,-2.3567
1994,HC-2017-511180,4/5/2017,4/12/2017,Standard Class,RJ-10053,Richard Jackson,Health System,United States,Las Vegas,Nevada,89101,West,DE-IS-10000034,Diagnostic Equipment,Imaging Supplies,Carestream Health X-Omat Developer Solution,607.068,11,0.3,-80.488
1995,HC-2018-707420,7/21/2018,7/27/2018,Standard Class,EW-29536,Ethan White,Clinic,United States,Chicago,Illinois,60601,Central,MS-S&-10000013,Medical Supplies,Syringes & Needles,Terumo 10mL Hypodermic Syringe with Needle,43.824,8,0.4,-3.8017
1996,HC-2015-852709,10/27/2015,10/29/2015,First Class,BW-96951,Barbara Walker,Clinic,United States,Phoenix,Arizona,85001,West,DE-TK-10000028,Diagnostic Equipment,Testing Kits,BD Veritor System Flu A+B Analyzer,1669.92,12,0.2,457.719
1997,HC-2016-148206,1/30/2016,2/5/2016,Standard Class,IB-30033,Isabella Brown,Health System,United States,St. Louis,Missouri,63101,Central,DE-MD-10000022,Diagnostic Equipment,Monitoring Devices,Masimo Rad-8 Pulse Oximeter Tabletop Unit,5641.056,12,0.2,1339.1124
1998,HC-2017-385043,11/17/2017,11/25/2017,Standard Class,EH-62296,Emma Hernandez,Home Care,United States,Hartford,Connecticut,6101,East,DE-IS-10000030,Diagnostic Equipment,Imaging Supplies,Covidien Kendall Ultrasound Gel 8.5oz,1400.399,11,0.35,-312.4408
1999,HC-2017-149335,1/7/2017,1/8/2017,Same Day,MM-36772,Mia Martinez,Clinic,United States,Baltimore,Maryland,21201,East,P-V&-10000051,Pharmaceutical,Vitamins & Supplements,Centrum Silver Multivitamin Adults 50+ 250ct,119.072,4,0.2,-8.6289
2000,HC-2015-776752,2/26/2015,3/4/2015,Standard Class,LM-30032,Lisa Miller,Health System,United States,Sacramento,California,95814,West,MS-B&-10000018,Medical Supplies,Bandages & Tape,Medline Non-Sterile Rolled Gauze 2in x 4.1yd,216.45,13,0,-39.7828
2001,HC-2015-132589,11/20/2015,11/27/2015,Standard Class,LM-38864,Linda Martin,Clinic,United States,Louisville,Kentucky,40201,South,MS-G&-10000006,Medical Supplies,Gloves & PPE,Kimberly-Clark Purple Nitrile Exam Gloves Large,308.64,6,0,68.9038
2002,HC-2018-292509,11/5/2018,11/7/2018,Second Class,EL-57400,Ethan Lewis,Health System,United States,Seattle,Washington,98101,West,MS-WC-10000004,Medical Supplies,Wound Care,Covidien Kendall Hydrogel Dressing 4x4in,189.063,7,0.1,41.1136
2003,HC-2016-518227,1/10/2016,1/14/2016,Standard Class,SM-16658,Sarah Martinez,Clinic,United States,Hartford,Connecticut,6101,East,P-V&-10000050,Pharmaceutical,Vitamins & Supplements,Nature's Bounty Vitamin D3 2000IU 240 Softgels,6.664,1,0.2,0.9016
2004,HC-2017-329342,8/6/2017,8/11/2017,Standard Class,RL-34356,Robert Lewis,Clinic,United States,Detroit,Michigan,48201,Central,P-IS-10000045,Pharmaceutical,IV Solutions,Baxter 0.9% Sodium Chloride Injection 1000mL,68.724,2,0.4,9.8579
2005,HC-2015-295428,8/25/2015,8/26/2015,Same Day,SD-45774,Sarah Davis,Clinic,United States,Phoenix,Arizona,85001,West,MS-S&-10000010,Medical Supplies,Syringes & Needles,BD 3mL Luer-Lok Syringe with 21G Needle,19.712,4,0.2,-4.4737
2006,HC-2015-978051,1/20/2015,1/26/2015,Standard Class,JM-82603,James Martin,Clinic,United States,Columbus,Ohio,43004,East,MS-G&-10000005,Medical Supplies,Gloves & PPE,Ansell TouchNTuff Nitrile Disposable Gloves Medium,416.57,11,0,-46.2396
2007,HC-2018-503052,12/25/2018,12/27/2018,Second Class,MS-40784,Mason Sanchez,Health System,United States,Charlotte,North Carolina,28201,South,MS-S&-10000011,Medical Supplies,Syringes & Needles,Covidien Monoject 1mL Insulin Syringe 28G,21.39,1,0,4.2278
2008,HC-2015-618109,7/22/2015,7/27/2015,Standard Class,NR-80282,Noah Ramirez,Health System,United States,Denver,Colorado,80201,West,P-OM-10000040,Pharmaceutical,OTC Medications,Tylenol Extra Strength Acetaminophen 500mg 100ct,52.206,2,0.45,6.0413
2009,HC-2018-369053,1/4/2018,1/6/2018,Second Class,JL-77033,Jessica Lee,Health System,United States,Portland,Oregon,97201,West,MS-B&-10000018,Medical Supplies,Bandages & Tape,Medline Non-Sterile Rolled Gauze 2in x 4.1yd,8.91,1,0,-1.1452
2010,HC-2018-478550,3/20/2018,3/25/2018,Standard Class,MD-76237,Michael Davis,Health System,United States,New York,New York,10001,East,MS-WC-10000004,Medical Supplies,Wound Care,Covidien Kendall Hydrogel Dressing 4x4in,355.03,13,0,68.2118
2011,HC-2015-532915,2/26/2015,3/6/2015,Standard Class,EW-42018,Ethan Williams,Health System,United States,Charlotte,North Carolina,28201,South,DE-LS-10000035,Diagnostic Equipment,Lab Supplies,Thermo Scientific Nunc CryoTube Vials 1.8mL 100pk,252.352,8,0.2,-27.2642
2012,HC-2015-634707,1/15/2015,1/22/2015,Standard Class,CJ-29410,Charles Jackson,Home Care,United States,Las Vegas,Nevada,89101,West,MS-S&-10000012,Medical Supplies,Syringes & Needles,Nipro 5mL Luer Slip Disposable Syringe,21.8025,1,0.05,6.094
2013,HC-2017-127051,6/23/2017,6/28/2017,Standard Class,MG-39389,Mary Gonzalez,Clinic,United States,Kansas City,Missouri,64101,Central,MS-G&-10000006,Medical Supplies,Gloves & PPE,Kimberly-Clark Purple Nitrile Exam Gloves Large,22.932,2,0.1,7.574
2014,HC-2016-130901,6/7/2016,6/9/2016,First Class,ST-42527,Sophia Thompson,Clinic,United States,Birmingham,Alabama,35201,South,MS-S&-10000010,Medical Supplies,Syringes & Needles,BD 3mL Luer-Lok Syringe with 21G Needle,30.06,2,0,9.4653
2015,HC-2018-761394,9/30/2018,10/8/2018,Standard Class,LW-84847,Liam Walker,Clinic,United States,Albuquerque,New Mexico,87101,West,P-OM-10000041,Pharmaceutical,OTC Medications,Ibuprofen USP 200mg Tablets 500ct Bulk,497.861,13,0.3,-31.4309
2016,HC-2018-960824,1/17/2018,1/18/2018,Same Day,NW-51180,Noah White,Health System,United States,Dallas,Texas,75201,South,DE-LS-10000038,Diagnostic Equipment,Lab Supplies,Globe Scientific Disposable Transfer Pipettes 3mL,620.865,7,0.1,191.0995
2017,HC-2015-571702,9/22/2015,9/26/2015,Standard Class,KM-86622,Karen Martinez,Health System,United States,Sacramento,California,95814,West,DE-IS-10000032,Diagnostic Equipment,Imaging Supplies,Medline X-Ray Film Processing Chemical Kit,260.512,8,0.3,106.6864
2018,HC-2018-582815,9/24/2018,9/28/2018,Second Class,NM-77000,Noah Miller,Home Care,United States,Albuquerque,New Mexico,87101,West,P-OM-10000042,Pharmaceutical,OTC Medications,Bayer Aspirin 325mg Enteric Coated 300ct,477.9,12,0.25,62.244
2019,HC-2018-279723,11/13/2018,11/18/2018,Second Class,SL-19545,Sarah Lee,Clinic,United States,Albuquerque,New Mexico,87101,West,P-V&-10000051,Pharmaceutical,Vitamins & Supplements,Centrum Silver Multivitamin Adults 50+ 250ct,102.18,12,0.5,11.3867
2020,HC-2015-423312,12/1/2015,12/4/2015,Second Class,KH-81582,Karen Harris,Health System,United States,San Francisco,California,94101,West,DE-IS-10000034,Diagnostic Equipment,Imaging Supplies,Carestream Health X-Omat Developer Solution,223.008,3,0.2,-41.611
2021,HC-2018-868650,2/15/2018,2/21/2018,Standard Class,RL-37742,Richard Lopez,Clinic,United States,Miami,Florida,33101,South,P-IS-10000048,Pharmaceutical,IV Solutions,ICU Medical Normal Saline 250mL IV Bag,432.7895,13,0.45,35.6448
2022,HC-2018-374520,7/15/2018,7/17/2018,First Class,NH-25014,Noah Harris,Clinic,United States,Nashville,Tennessee,37201,South,P-OM-10000040,Pharmaceutical,OTC Medications,Tylenol Extra Strength Acetaminophen 500mg 100ct,241.248,12,0.3,39.7314
2023,HC-2017-397074,5/1/2017,5/6/2017,Second Class,RW-22676,Robert Wilson,Health System,United States,Indianapolis,Indiana,46201,Central,DE-IS-10000032,Diagnostic Equipment,Imaging Supplies,Medline X-Ray Film Processing Chemical Kit,1186.704,12,0.1,-436.7537
2024,HC-2015-274798,6/22/2015,6/30/2015,Standard Class,KM-76307,Karen Miller,Health System,United States,Birmingham,Alabama,35201,South,MS-S&-10000011,Medical Supplies,Syringes & Needles,Covidien Monoject 1mL Insulin Syringe 28G,343.33,13,0,-52.6764
2025,HC-2015-792718,6/2/2015,6/7/2015,Second Class,MM-72493,Mary Martin,Health System,United States,Columbus,Ohio,43004,East,DE-IS-10000031,Diagnostic Equipment,Imaging Supplies,Parker Aquasonic 100 Ultrasound Transmission Gel,1288.386,9,0.1,-131.2638
2026,HC-2016-351517,2/23/2016,2/29/2016,Standard Class,JH-53540,Jennifer Harris,Home Care,United States,Columbus,Ohio,43004,East,MS-WC-10000003,Medical Supplies,Wound Care,Smith & Nephew ALLEVYN Gentle Border Foam Dressing,37.43,2,0.05,9.4966
2027,HC-2017-279847,12/19/2017,12/22/2017,Second Class,AR-59692,Ava Robinson,Home Care,United States,Memphis,Tennessee,38101,South,DE-IS-10000031,Diagnostic Equipment,Imaging Supplies,Parker Aquasonic 100 Ultrasound Transmission Gel,187.11,1,0.25,59.9939
2028,HC-2016-315574,5/29/2016,6/1/2016,Second Class,WB-24029,William Brown,Home Care,United States,San Francisco,California,94101,West,P-OM-10000040,Pharmaceutical,OTC Medications,Tylenol Extra Strength Acetaminophen 500mg 100ct,462.4125,11,0.25,-29.2293
2029,HC-2017-937790,3/8/2017,3/13/2017,Second Class,ER-50306,Ethan Ramirez,Clinic,United States,Pittsburgh,Pennsylvania,15201,East,MS-B&-10000019,Medical Supplies,Bandages & Tape,Dukal Elastic Stretch Bandage 6in,264.77,11,0,68.086
2030,HC-2017-433888,5/19/2017,5/23/2017,Standard Class,MW-80686,Michael Walker,Health System,United States,Los Angeles,California,90001,West,MS-G&-10000006,Medical Supplies,Gloves & PPE,Kimberly-Clark Purple Nitrile Exam Gloves Large,17.53,1,0,6.3451
2031,HC-2017-162996,9/11/2017,9/12/2017,Same Day,JR-77839,Joseph Robinson,Health System,United States,Kansas City,Missouri,64101,Central,P-IS-10000045,Pharmaceutical,IV Solutions,Baxter 0.9% Sodium Chloride Injection 1000mL,278.58,12,0.5,-24.6255
2032,HC-2017-778776,2/18/2017,2/20/2017,First Class,MT-44993,Michael Thompson,Health System,United States,Kansas City,Missouri,64101,Central,MS-S&-10000010,Medical Supplies,Syringes & Needles,BD 3mL Luer-Lok Syringe with 21G Needle,53.82,5,0.1,12.4581
2033,HC-2015-644021,12/14/2015,12/16/2015,First Class,EH-62296,Emma Hernandez,Clinic,United States,Richmond,Virginia,23218,East,P-IS-10000049,Pharmaceutical,IV Solutions,Fresenius Kabi Sterile Water for Injection 1000mL,499.785,10,0.45,-35.3422
2034,HC-2018-429663,11/29/2018,12/1/2018,First Class,JJ-15482,Jessica Jones,Health System,United States,Sacramento,California,95814,West,DE-LS-10000039,Diagnostic Equipment,Lab Supplies,Fisherbrand Microcentrifuge Tubes 1.5mL 500pk,719.824,14,0.2,250.6877
2035,HC-2017-865212,3/9/2017,3/13/2017,Second Class,MM-36772,Mia Martinez,Health System,United States,Birmingham,Alabama,35201,South,P-V&-10000050,Pharmaceutical,Vitamins & Supplements,Nature's Bounty Vitamin D3 2000IU 240 Softgels,193.739,13,0.3,24.038
2036,HC-2015-996107,10/1/2015,10/9/2015,Standard Class,LS-83563,Lisa Smith,Health System,United States,Buffalo,New York,14201,East,P-IS-10000046,Pharmaceutical,IV Solutions,Hospira 5% Dextrose Injection USP 500mL,337.106,11,0.45,-7.0417
2037,HC-2015-208824,12/18/2015,12/22/2015,Second Class,CB-19602,Charles Brown,Health System,United States,Phoenix,Arizona,85001,West,P-OM-10000041,Pharmaceutical,OTC Medications,Ibuprofen USP 200mg Tablets 500ct Bulk,221.466,6,0.3,12.8262
2038,HC-2016-139916,10/20/2016,10/23/2016,Second Class,EA-83519,Emma Anderson,Clinic,United States,Hartford,Connecticut,6101,East,DE-LS-10000037,Diagnostic Equipment,Lab Supplies,Corning 50mL Polypropylene Centrifuge Tubes 25pk,519.534,6,0.1,-82.9613
2039,HC-2016-969741,12/23/2016,12/27/2016,Standard Class,JJ-44099,Jennifer Johnson,Home Care,United States,Charlotte,North Carolina,28201,South,DE-LS-10000038,Diagnostic Equipment,Lab Supplies,Globe Scientific Disposable Transfer Pipettes 3mL,1031.94,14,0.25,-95.0523
2040,HC-2015-620461,12/25/2015,12/31/2015,Standard Class,JL-77033,Jessica Lee,Clinic,United States,Indianapolis,Indiana,46201,Central,DE-MD-10000021,Diagnostic Equipment,Monitoring Devices,Nonin Onyx Vantage 9590 Finger Pulse Oximeter,467.516,4,0.3,-151.1953
2041,HC-2015-250472,1/2/2015,1/4/2015,Second Class,MS-19508,Mia Sanchez,Home Care,United States,Boston,Massachusetts,2101,East,DE-IS-10000033,Diagnostic Equipment,Imaging Supplies,3M Scotchcast Plus Fiberglass Casting Tape 2in,586.482,4,0.35,210.5153
2042,HC-2016-537497,2/18/2016,2/25/2016,Standard Class,JT-91416,James Thomas,Health System,United States,Richmond,Virginia,23218,East,MS-S&-10000011,Medical Supplies,Syringes & Needles,Covidien Monoject 1mL Insulin Syringe 28G,276.96,12,0,51.0584
2043,HC-2017-727906,11/12/2017,11/15/2017,Second Class,IR-64921,Isabella Robinson,Health System,United States,New Orleans,Louisiana,70112,South,DE-LS-10000036,Diagnostic Equipment,Lab Supplies,BD Vacutainer EDTA Blood Collection Tubes 10mL,559.17,9,0,195.7886
2044,HC-2016-943525,1/22/2016,1/28/2016,Standard Class,MM-51245,Mia Martin,Health System,United States,Birmingham,Alabama,35201,South,DE-MD-10000021,Diagnostic Equipment,Monitoring Devices,Nonin Onyx Vantage 9590 Finger Pulse Oximeter,3111.584,14,0.2,1184.5026
2045,HC-2017-809868,2/4/2017,2/8/2017,Second Class,LM-38864,Linda Martin,Health System,United States,San Francisco,California,94101,West,MS-G&-10000005,Medical Supplies,Gloves & PPE,Ansell TouchNTuff Nitrile Disposable Gloves Medium,195.336,9,0.2,37.0466
2046,HC-2015-351834,3/6/2015,3/7/2015,Same Day,SM-29313,Sophia Miller,Clinic,United States,Salt Lake City,Utah,84101,West,DE-IS-10000033,Diagnostic Equipment,Imaging Supplies,3M Scotchcast Plus Fiberglass Casting Tape 2in,678.24,6,0,-113.8463
2047,HC-2015-213118,4/30/2015,5/2/2015,First Class,RW-88104,Richard Wilson,Health System,United States,Las Vegas,Nevada,89101,West,MS-G&-10000008,Medical Supplies,Gloves & PPE,Cardinal Health Flexal Nitrile Exam Gloves XL,544.5,10,0,138.4624
2048,HC-2015-430197,10/5/2015,10/7/2015,Second Class,ES-85456,Emma Smith,Health System,United States,Seattle,Washington,98101,West,DE-MD-10000023,Diagnostic Equipment,Monitoring Devices,Omron HEM-7320 Upper Arm Blood Pressure Monitor,964.67,7,0,215.5775
2049,HC-2017-420559,5/15/2017,5/21/2017,Standard Class,EH-90173,Emma Hernandez,Clinic,United States,Boston,Massachusetts,2101,East,P-IS-10000048,Pharmaceutical,IV Solutions,ICU Medical Normal Saline 250mL IV Bag,137.522,7,0.45,24.4692
2050,HC-2018-694317,9/15/2018,9/20/2018,Standard Class,LP-52237,Lisa Perez,Health System,United States,Birmingham,Alabama,35201,South,DE-LS-10000036,Diagnostic Equipment,Lab Supplies,BD Vacutainer EDTA Blood Collection Tubes 10mL,563.31,11,0,141.6931
2051,HC-2017-903744,11/4/2017,11/9/2017,Standard Class,SL-38906,Sophia Lee,Clinic,United States,Phoenix,Arizona,85001,West,P-V&-10000050,Pharmaceutical,Vitamins & Supplements,Nature's Bounty Vitamin D3 2000IU 240 Softgels,252.945,14,0.45,44.0082
2052,HC-2018-788716,5/20/2018,5/24/2018,Second Class,PL-66959,Patricia Lee,Health System,United States,Columbus,Ohio,43004,East,DE-IS-10000033,Diagnostic Equipment,Imaging Supplies,3M Scotchcast Plus Fiberglass Casting Tape 2in,511.86,6,0,-82.2
2053,HC-2015-493929,1/13/2015,1/17/2015,Second Class,IR-64921,Isabella Robinson,Home Care,United States,Phoenix,Arizona,85001,West,DE-IS-10000032,Diagnostic Equipment,Imaging Supplies,Medline X-Ray Film Processing Chemical Kit,56.056,1,0.35,-7.8644
2054,HC-2015-544091,4/3/2015,4/10/2015,Standard Class,RW-40982,Robert Walker,Clinic,United States,Omaha,Nebraska,68101,Central,DE-TK-10000027,Diagnostic Equipment,Testing Kits,Quidel QuickVue Influenza A+B Test Kit 25ct,1782.756,12,0.1,-715.8074
2055,HC-2018-144976,11/16/2018,11/21/2018,Second Class,JM-65108,John Miller,Health System,United States,Hartford,Connecticut,6101,East,P-OM-10000040,Pharmaceutical,OTC Medications,Tylenol Extra Strength Acetaminophen 500mg 100ct,85.904,4,0.3,-1.7743
2056,HC-2018-779054,11/4/2018,11/10/2018,Standard Class,KM-76307,Karen Miller,Clinic,United States,Phoenix,Arizona,85001,West,MS-G&-10000006,Medical Supplies,Gloves & PPE,Kimberly-Clark Purple Nitrile Exam Gloves Large,745.29,13,0.1,-124.3042
2057,HC-2016-215145,12/28/2016,1/5/2017,Standard Class,ES-23970,Ethan Sanchez,Health System,United States,Minneapolis,Minnesota,55401,Central,P-IS-10000047,Pharmaceutical,IV Solutions,B. Braun Lactated Ringer's Injection 1000mL,797.643,11,0.3,-51.607
2058,HC-2015-428816,3/30/2015,4/6/2015,Standard Class,IT-39154,Isabella Taylor,Health System,United States,Houston,Texas,77001,South,MS-B&-10000015,Medical Supplies,Bandages & Tape,3M Micropore Surgical Tape 1in x 10yd,44.28,2,0,9.804
2059,HC-2016-722286,1/19/2016,1/21/2016,First Class,OG-80010,Olivia Garcia,Clinic,United States,New Orleans,Louisiana,70112,South,MS-WC-10000001,Medical Supplies,Wound Care,Medline Bordered Gauze Island Dressing 4x4in,177.688,7,0.2,48.0131
2060,HC-2018-875448,4/2/2018,4/10/2018,Standard Class,MG-66531,Michael Gonzalez,Clinic,United States,Newark,New Jersey,7101,East,MS-WC-10000004,Medical Supplies,Wound Care,Covidien Kendall Hydrogel Dressing 4x4in,94.88,4,0,-9.4691
2061,HC-2018-953230,7/8/2018,7/16/2018,Standard Class,ND-97416,Noah Davis,Health System,United States,Kansas City,Missouri,64101,Central,P-V&-10000050,Pharmaceutical,Vitamins & Supplements,Nature's Bounty Vitamin D3 2000IU 240 Softgels,54.012,3,0.3,9.3099
2062,HC-2015-589360,1/21/2015,1/29/2015,Standard Class,JM-48890,John Miller,Home Care,United States,Louisville,Kentucky,40201,South,P-V&-10000050,Pharmaceutical,Vitamins & Supplements,Nature's Bounty Vitamin D3 2000IU 240 Softgels,168.285,6,0.35,-5.3453
2063,HC-2015-772318,1/10/2015,1/13/2015,Second Class,IH-17100,Isabella Harris,Health System,United States,Portland,Oregon,97201,West,P-IS-10000048,Pharmaceutical,IV Solutions,ICU Medical Normal Saline 250mL IV Bag,229.18,7,0.5,-12.0475
2064,HC-2017-591544,12/2/2017,12/6/2017,Second Class,NT-82063,Noah Taylor,Health System,United States,Chicago,Illinois,60601,Central,MS-WC-10000001,Medical Supplies,Wound Care,Medline Bordered Gauze Island Dressing 4x4in,107.52,5,0.4,-12.2466
2065,HC-2016-113491,10/27/2016,11/3/2016,Standard Class,EM-20322,Ethan Martin,Clinic,United States,Louisville,Kentucky,40201,South,MS-WC-10000003,Medical Supplies,Wound Care,Smith & Nephew ALLEVYN Gentle Border Foam Dressing,349.448,11,0.2,113.2124
2066,HC-2017-844668,11/1/2017,11/5/2017,Standard Class,EW-99593,Emma Walker,Home Care,United States,Baltimore,Maryland,21201,East,MS-WC-10000001,Medical Supplies,Wound Care,Medline Bordered Gauze Island Dressing 4x4in,45.203,2,0.15,-7.5096
2067,HC-2017-534263,5/18/2017,5/22/2017,Second Class,NT-82063,Noah Taylor,Clinic,United States,Dallas,Texas,75201,South,DE-IS-10000032,Diagnostic Equipment,Imaging Supplies,Medline X-Ray Film Processing Chemical Kit,103.168,4,0.2,32.835
2068,HC-2015-798660,12/21/2015,12/26/2015,Standard Class,ST-63354,Sophia Taylor,Health System,United States,Denver,Colorado,80201,West,P-OM-10000041,Pharmaceutical,OTC Medications,Ibuprofen USP 200mg Tablets 500ct Bulk,62.195,5,0.3,-1.6519
2069,HC-2018-157162,11/11/2018,11/19/2018,Standard Class,LL-17492,Liam Lopez,Home Care,United States,New York,New York,10001,East,DE-LS-10000039,Diagnostic Equipment,Lab Supplies,Fisherbrand Microcentrifuge Tubes 1.5mL 500pk,53.3375,1,0.15,20.1582
2070,HC-2017-349517,3/26/2017,3/30/2017,Second Class,EJ-20561,Ethan Jackson,Health System,United States,Newark,New Jersey,7101,East,P-V&-10000051,Pharmaceutical,Vitamins & Supplements,Centrum Silver Multivitamin Adults 50+ 250ct,387.996,12,0.3,-15.2959
2071,HC-2017-561859,8/14/2017,8/19/2017,Standard Class,LH-30257,Lisa Harris,Health System,United States,Seattle,Washington,98101,West,DE-IS-10000031,Diagnostic Equipment,Imaging Supplies,Parker Aquasonic 100 Ultrasound Transmission Gel,425.37,3,0,-61.3601
2072,HC-2018-916522,9/4/2018,9/6/2018,Second Class,AG-31992,Ava Gonzalez,Home Care,United States,Newark,New Jersey,7101,East,DE-TK-10000027,Diagnostic Equipment,Testing Kits,Quidel QuickVue Influenza A+B Test Kit 25ct,712.725,6,0.15,-90.1031
2073,HC-2017-841378,3/20/2017,3/22/2017,First Class,SL-55082,Susan Lewis,Clinic,United States,New York,New York,10001,East,P-OM-10000042,Pharmaceutical,OTC Medications,Bayer Aspirin 325mg Enteric Coated 300ct,238.32,12,0.5,25.6594
2074,HC-2016-529667,8/6/2016,8/13/2016,Standard Class,JA-73653,Jennifer Anderson,Clinic,United States,Albuquerque,New Mexico,87101,West,MS-B&-10000019,Medical Supplies,Bandages & Tape,Dukal Elastic Stretch Bandage 6in,38.96,8,0,7.0184
2075,HC-2018-993834,12/29/2018,12/30/2018,Same Day,SH-51114,Susan Harris,Clinic,United States,Birmingham,Alabama,35201,South,DE-LS-10000036,Diagnostic Equipment,Lab Supplies,BD Vacutainer EDTA Blood Collection Tubes 10mL,61.5,1,0,21.4865
2076,HC-2017-759477,10/27/2017,10/29/2017,First Class,JW-43586,Joseph White,Clinic,United States,Salt Lake City,Utah,84101,West,P-OM-10000042,Pharmaceutical,OTC Medications,Bayer Aspirin 325mg Enteric Coated 300ct,233.156,14,0.45,36.0736
2077,HC-2018-179581,4/21/2018,4/27/2018,Standard Class,JM-48890,John Miller,Health System,United States,Salt Lake City,Utah,84101,West,DE-IS-10000034,Diagnostic Equipment,Imaging Supplies,Carestream Health X-Omat Developer Solution,374.88,12,0,-41.1032
2078,HC-2018-659729,1/30/2018,2/3/2018,Standard Class,LM-49446,Lisa Martin,Home Care,United States,Newark,New Jersey,7101,East,MS-WC-10000001,Medical Supplies,Wound Care,Medline Bordered Gauze Island Dressing 4x4in,38.437,2,0.05,14.3571
2079,HC-2017-154262,5/9/2017,5/14/2017,Second Class,MM-65069,Mary Miller,Clinic,United States,Chicago,Illinois,60601,Central,DE-MD-10000020,Diagnostic Equipment,Monitoring Devices,Welch Allyn Connex Spot Monitor with SpO2,4586.841,7,0.1,-1063.4038
2080,HC-2015-370147,1/27/2015,1/29/2015,Second Class,SM-16658,Sarah Martinez,Clinic,United States,Albuquerque,New Mexico,87101,West,DE-LS-10000036,Diagnostic Equipment,Lab Supplies,BD Vacutainer EDTA Blood Collection Tubes 10mL,877.284,12,0.1,-97.0667
2081,HC-2018-656929,3/18/2018,3/26/2018,Standard Class,JT-97747,John Taylor,Health System,United States,Boston,Massachusetts,2101,East,DE-LS-10000038,Diagnostic Equipment,Lab Supplies,Globe Scientific Disposable Transfer Pipettes 3mL,88.44,4,0,21.3885
2082,HC-2016-788091,12/18/2016,12/19/2016,Same Day,LL-25012,Lisa Lee,Health System,United States,Seattle,Washington,98101,West,MS-G&-10000007,Medical Supplies,Gloves & PPE,Medline SensiCare Ice Blue Nitrile Gloves Small,592.256,14,0.2,108.3118
2083,HC-2015-864095,12/7/2015,12/10/2015,Second Class,LM-15695,Lisa Martinez,Clinic,United States,Columbus,Ohio,43004,East,P-OM-10000041,Pharmaceutical,OTC Medications,Ibuprofen USP 200mg Tablets 500ct Bulk,110.6325,9,0.45,-6.1211
2084,HC-2017-691580,12/8/2017,12/13/2017,Standard Class,LL-24322,Liam Lopez,Health System,United States,Pittsburgh,Pennsylvania,15201,East,P-IS-10000049,Pharmaceutical,IV Solutions,Fresenius Kabi Sterile Water for Injection 1000mL,234.024,8,0.3,32.058
2085,HC-2015-839921,2/13/2015,2/18/2015,Standard Class,LL-22240,Lisa Lopez,Clinic,United States,Birmingham,Alabama,35201,South,MS-G&-10000008,Medical Supplies,Gloves & PPE,Cardinal Health Flexal Nitrile Exam Gloves XL,202.048,4,0.2,43.1107
2086,HC-2017-181452,8/24/2017,8/25/2017,Same Day,IB-30033,Isabella Brown,Health System,United States,Denver,Colorado,80201,West,DE-LS-10000035,Diagnostic Equipment,Lab Supplies,Thermo Scientific Nunc CryoTube Vials 1.8mL 100pk,640.332,14,0.1,-77.1468
2087,HC-2017-565474,10/7/2017,10/10/2017,Second Class,SL-38906,Sophia Lee,Home Care,United States,Chicago,Illinois,60601,Central,DE-LS-10000037,Diagnostic Equipment,Lab Supplies,Corning 50mL Polypropylene Centrifuge Tubes 25pk,108.342,9,0.35,-40.1386
2088,HC-2015-379223,1/27/2015,2/1/2015,Second Class,EH-62296,Emma Hernandez,Clinic,United States,Seattle,Washington,98101,West,P-IS-10000046,Pharmaceutical,IV Solutions,Hospira 5% Dextrose Injection USP 500mL,190.74,6,0.45,-4.451
2089,HC-2017-473711,4/28/2017,5/2/2017,Second Class,NH-39444,Noah Hernandez,Health System,United States,Pittsburgh,Pennsylvania,15201,East,MS-S&-10000013,Medical Supplies,Syringes & Needles,Terumo 10mL Hypodermic Syringe with Needle,298.74,13,0,-56.5666
2090,HC-2017-841548,12/25/2017,12/27/2017,First Class,CM-19116,Charles Miller,Clinic,United States,Columbus,Ohio,43004,East,MS-S&-10000010,Medical Supplies,Syringes & Needles,BD 3mL Luer-Lok Syringe with 21G Needle,33.67,2,0.3,-2.7265
2091,HC-2016-793128,12/6/2016,12/13/2016,Standard Class,JG-56566,Jennifer Gonzalez,Clinic,United States,Los Angeles,California,90001,West,DE-MD-10000024,Diagnostic Equipment,Monitoring Devices,A&D Medical UA-767FAM Multi-User BP Monitor,3922.416,9,0.2,1027.2954
2092,HC-2018-154128,4/8/2018,4/13/2018,Standard Class,LM-49446,Lisa Martin,Clinic,United States,Richmond,Virginia,23218,East,MS-S&-10000012,Medical Supplies,Syringes & Needles,Nipro 5mL Luer Slip Disposable Syringe,173.04,12,0,-36.4237
2093,HC-2018-180877,3/29/2018,4/3/2018,Standard Class,CJ-29410,Charles Jackson,Clinic,United States,Charlotte,North Carolina,28201,South,DE-IS-10000033,Diagnostic Equipment,Imaging Supplies,3M Scotchcast Plus Fiberglass Casting Tape 2in,2394.81,11,0,-431.7637
2094,HC-2018-215449,1/18/2018,1/24/2018,Standard Class,MW-53025,Michael Wilson,Clinic,United States,Kansas City,Missouri,64101,Central,P-V&-10000053,Pharmaceutical,Vitamins & Supplements,Mason Natural Zinc 50mg Tablets 100ct,242.76,12,0.5,-16.3334
2095,HC-2015-533280,2/20/2015,2/27/2015,Standard Class,MD-18834,Mary Davis,Clinic,United States,Hartford,Connecticut,6101,East,P-OM-10000044,Pharmaceutical,OTC Medications,Zyrtec Allergy 10mg Cetirizine Tablets 70ct,130.988,4,0.45,-5.5135
2096,HC-2016-294437,7/28/2016,8/2/2016,Standard Class,CM-15014,Charles Martinez,Home Care,United States,Houston,Texas,77001,South,DE-TK-10000029,Diagnostic Equipment,Testing Kits,McKesson Blood Glucose Test Strips 100ct,728.004,12,0.05,292.8667
2097,HC-2016-189693,7/16/2016,7/19/2016,Second Class,BA-82845,Barbara Anderson,Home Care,United States,Albuquerque,New Mexico,87101,West,DE-MD-10000020,Diagnostic Equipment,Monitoring Devices,Welch Allyn Connex Spot Monitor with SpO2,4154.562,6,0.15,1100.6747
2098,HC-2015-707725,11/21/2015,11/27/2015,Standard Class,TT-92960,Thomas Thompson,Health System,United States,Columbus,Ohio,43004,East,P-IS-10000047,Pharmaceutical,IV Solutions,B. Braun Lactated Ringer's Injection 1000mL,247.555,7,0.45,-12.4716
2099,HC-2018-662295,9/1/2018,9/5/2018,Second Class,NH-97900,Noah Harris,Home Care,United States,Phoenix,Arizona,85001,West,DE-LS-10000037,Diagnostic Equipment,Lab Supplies,Corning 50mL Polypropylene Centrifuge Tubes 25pk,440.192,4,0.05,135.4254
2100,HC-2018-560704,11/4/2018,11/6/2018,First Class,KS-61645,Karen Smith,Home Care,United States,Atlanta,Georgia,30301,South,MS-S&-10000013,Medical Supplies,Syringes & Needles,Terumo 10mL Hypodermic Syringe with Needle,174.2015,11,0.05,45.0461
2101,HC-2017-259644,3/23/2017,3/27/2017,Second Class,PL-66959,Patricia Lee,Health System,United States,Memphis,Tennessee,38101,South,P-OM-10000041,Pharmaceutical,OTC Medications,Ibuprofen USP 200mg Tablets 500ct Bulk,480.732,12,0.3,-37.2451
2102,HC-2018-812834,9/29/2018,10/6/2018,Standard Class,JC-82132,Joseph Clark,Health System,United States,Baltimore,Maryland,21201,East,MS-G&-10000005,Medical Supplies,Gloves & PPE,Ansell TouchNTuff Nitrile Disposable Gloves Medium,193.8,12,0,49.9302
2103,HC-2017-886568,2/7/2017,2/8/2017,Same Day,WJ-55745,William Jones,Health System,United States,Charlotte,North Carolina,28201,South,MS-S&-10000013,Medical Supplies,Syringes & Needles,Terumo 10mL Hypodermic Syringe with Needle,256.788,14,0.1,-32.425
2104,HC-2016-866628,12/21/2016,12/23/2016,First Class,AM-56025,Ava Martinez,Health System,United States,San Francisco,California,94101,West,DE-MD-10000020,Diagnostic Equipment,Monitoring Devices,Welch Allyn Connex Spot Monitor with SpO2,1837.29,7,0,-307.8256
2105,HC-2015-960511,2/6/2015,2/11/2015,Standard Class,WL-19099,William Lewis,Health System,United States,Sacramento,California,95814,West,MS-S&-10000012,Medical Supplies,Syringes & Needles,Nipro 5mL Luer Slip Disposable Syringe,6.129,1,0.1,-0.632
2106,HC-2018-466105,1/22/2018,1/27/2018,Standard Class,RJ-10053,Richard Jackson,Home Care,United States,Kansas City,Missouri,64101,Central,MS-G&-10000007,Medical Supplies,Gloves & PPE,Medline SensiCare Ice Blue Nitrile Gloves Small,49.28,4,0.45,14.0431
2107,HC-2015-277136,1/29/2015,1/31/2015,First Class,AC-30926,Ava Clark,Clinic,United States,Columbus,Ohio,43004,East,MS-WC-10000002,Medical Supplies,Wound Care,Dynarex Non-Adherent Sterile Dressing Pads 3x4in,379.56,12,0,-52.851
2108,HC-2017-367097,6/29/2017,7/4/2017,Standard Class,SL-62581,Sophia Lopez,Clinic,United States,Boston,Massachusetts,2101,East,DE-IS-10000032,Diagnostic Equipment,Imaging Supplies,Medline X-Ray Film Processing Chemical Kit,1120.6,13,0,-170.8742
2109,HC-2018-175733,11/24/2018,11/29/2018,Standard Class,JJ-70515,Jessica Jones,Clinic,United States,Atlanta,Georgia,30301,South,DE-TK-10000025,Diagnostic Equipment,Testing Kits,Abbott BinaxNOW COVID-19 Antigen Rapid Test 2-Pack,1163.68,14,0.2,338.4482
2110,HC-2018-992377,1/26/2018,1/27/2018,Same Day,EL-57400,Ethan Lewis,Health System,United States,Philadelphia,Pennsylvania,19101,East,DE-MD-10000023,Diagnostic Equipment,Monitoring Devices,Omron HEM-7320 Upper Arm Blood Pressure Monitor,8335.2,12,0,-1378.8663
2111,HC-2015-609968,5/10/2015,5/14/2015,Standard Class,EH-62296,Emma Hernandez,Health System,United States,Atlanta,Georgia,30301,South,DE-LS-10000036,Diagnostic Equipment,Lab Supplies,BD Vacutainer EDTA Blood Collection Tubes 10mL,312.864,4,0.2,83.244
2112,HC-2016-720621,8/28/2016,8/30/2016,First Class,AR-31465,Ava Ramirez,Health System,United States,Richmond,Virginia,23218,East,DE-TK-10000029,Diagnostic Equipment,Testing Kits,McKesson Blood Glucose Test Strips 100ct,1367.136,12,0.2,306.0082
2113,HC-2015-640375,2/23/2015,3/1/2015,Standard Class,EL-57400,Ethan Lewis,Home Care,United States,Denver,Colorado,80201,West,DE-MD-10000022,Diagnostic Equipment,Monitoring Devices,Masimo Rad-8 Pulse Oximeter Tabletop Unit,7437.6055,13,0.35,-1224.8683
2114,HC-2017-611942,10/11/2017,10/17/2017,Standard Class,JP-10726,John Perez,Home Care,United States,Atlanta,Georgia,30301,South,MS-WC-10000000,Medical Supplies,Wound Care,3M Tegaderm Transparent Film Dressing 4x4.75in,233.548,8,0.05,-22.214
2115,HC-2018-473864,3/9/2018,3/11/2018,Second Class,RL-34356,Robert Lewis,Health System,United States,Chicago,Illinois,60601,Central,DE-IS-10000034,Diagnostic Equipment,Imaging Supplies,Carestream Health X-Omat Developer Solution,1030.92,11,0.2,-152.9318
2116,HC-2017-376107,4/9/2017,4/12/2017,Second Class,AA-38683,Ava Anderson,Clinic,United States,Los Angeles,California,90001,West,MS-G&-10000005,Medical Supplies,Gloves & PPE,Ansell TouchNTuff Nitrile Disposable Gloves Medium,449.73,9,0,-58.9845
2117,HC-2018-421007,5/1/2018,5/6/2018,Standard Class,LJ-23434,Linda Jones,Clinic,United States,Columbus,Ohio,43004,East,MS-G&-10000007,Medical Supplies,Gloves & PPE,Medline SensiCare Ice Blue Nitrile Gloves Small,19.95,1,0,5.1707
2118,HC-2017-798812,2/3/2017,2/5/2017,First Class,JG-46509,Jessica Garcia,Home Care,United States,Albuquerque,New Mexico,87101,West,P-OM-10000043,Pharmaceutical,OTC Medications,Pepcid AC Maximum Strength 20mg 50ct,118.86,8,0.25,13.0498
2119,HC-2018-341211,2/7/2018,2/14/2018,Standard Class,KT-64496,Karen Thomas,Clinic,United States,Kansas City,Missouri,64101,Central,P-OM-10000040,Pharmaceutical,OTC Medications,Tylenol Extra Strength Acetaminophen 500mg 100ct,122.76,10,0.4,-9.9734
2120,HC-2017-404380,3/24/2017,3/29/2017,Standard Class,WW-69638,William Walker,Home Care,United States,Louisville,Kentucky,40201,South,P-OM-10000040,Pharmaceutical,OTC Medications,Tylenol Extra Strength Acetaminophen 500mg 100ct,71.0,10,0.5,8.0619
2121,HC-2016-703899,2/18/2016,2/22/2016,Standard Class,PW-59615,Patricia Walker,Home Care,United States,Birmingham,Alabama,35201,South,DE-LS-10000039,Diagnostic Equipment,Lab Supplies,Fisherbrand Microcentrifuge Tubes 1.5mL 500pk,105.07,5,0.05,-16.163
2122,HC-2016-122268,11/19/2016,11/20/2016,Same Day,MM-72493,Mary Martin,Clinic,United States,Los Angeles,California,90001,West,DE-LS-10000036,Diagnostic Equipment,Lab Supplies,BD Vacutainer EDTA Blood Collection Tubes 10mL,618.184,7,0.2,-148.6563
2123,HC-2015-596816,2/11/2015,2/16/2015,Second Class,RW-22676,Robert Wilson,Home Care,United States,Las Vegas,Nevada,89101,West,P-OM-10000040,Pharmaceutical,OTC Medications,Tylenol Extra Strength Acetaminophen 500mg 100ct,247.005,9,0.5,-10.8011
2124,HC-2018-224481,3/26/2018,3/31/2018,Standard Class,LD-31417,Liam Davis,Health System,United States,Miami,Florida,33101,South,MS-S&-10000014,Medical Supplies,Syringes & Needles,BD Eclipse Safety Needle 25G 1in,169.472,8,0.2,-24.6371
2125,HC-2017-274321,2/27/2017,3/7/2017,Standard Class,NR-80381,Noah Robinson,Home Care,United States,Cleveland,Ohio,44101,Central,DE-IS-10000031,Diagnostic Equipment,Imaging Supplies,Parker Aquasonic 100 Ultrasound Transmission Gel,620.763,11,0.35,-57.8045
2126,HC-2017-164709,12/21/2017,12/29/2017,Standard Class,RW-40982,Robert Walker,Health System,United States,Richmond,Virginia,23218,East,P-IS-10000046,Pharmaceutical,IV Solutions,Hospira 5% Dextrose Injection USP 500mL,367.192,7,0.2,43.6406
2127,HC-2018-674028,3/4/2018,3/8/2018,Standard Class,JJ-76562,Jennifer Johnson,Home Care,United States,Sacramento,California,95814,West,P-OM-10000042,Pharmaceutical,OTC Medications,Bayer Aspirin 325mg Enteric Coated 300ct,35.6175,1,0.25,5.2367
2128,HC-2017-566126,1/26/2017,1/28/2017,Second Class,PW-59615,Patricia Walker,Home Care,United States,Pittsburgh,Pennsylvania,15201,East,P-IS-10000046,Pharmaceutical,IV Solutions,Hospira 5% Dextrose Injection USP 500mL,458.8155,9,0.35,-20.0797
2129,HC-2017-717286,10/27/2017,11/1/2017,Standard Class,RL-18907,Robert Lee,Clinic,United States,Denver,Colorado,80201,West,P-IS-10000049,Pharmaceutical,IV Solutions,Fresenius Kabi Sterile Water for Injection 1000mL,715.96,10,0.3,-27.8958
2130,HC-2017-976940,4/21/2017,4/23/2017,First Class,CM-60328,Charles Miller,Clinic,United States,Portland,Oregon,97201,West,P-V&-10000051,Pharmaceutical,Vitamins & Supplements,Centrum Silver Multivitamin Adults 50+ 250ct,307.84,8,0.2,48.9884
2131,HC-2018-439542,11/26/2018,12/3/2018,Standard Class,AR-59692,Ava Robinson,Clinic,United States,Hartford,Connecticut,6101,East,MS-B&-10000015,Medical Supplies,Bandages & Tape,3M Micropore Surgical Tape 1in x 10yd,36.216,2,0.1,8.6156
2132,HC-2018-310740,12/5/2018,12/8/2018,Second Class,AM-94012,Ava Martinez,Health System,United States,Los Angeles,California,90001,West,MS-B&-10000018,Medical Supplies,Bandages & Tape,Medline Non-Sterile Rolled Gauze 2in x 4.1yd,174.24,8,0,36.5088
2133,HC-2017-323337,6/15/2017,6/20/2017,Second Class,RJ-10053,Richard Jackson,Health System,United States,Cincinnati,Ohio,45201,Central,P-IS-10000045,Pharmaceutical,IV Solutions,Baxter 0.9% Sodium Chloride Injection 1000mL,476.112,13,0.4,-13.9402
2134,HC-2018-276108,11/9/2018,11/16/2018,Standard Class,LM-30032,Lisa Miller,Clinic,United States,St. Louis,Missouri,63101,Central,DE-MD-10000021,Diagnostic Equipment,Monitoring Devices,Nonin Onyx Vantage 9590 Finger Pulse Oximeter,3131.235,5,0.1,-513.7117
2135,HC-2016-502600,10/14/2016,10/15/2016,Same Day,MS-19508,Mia Sanchez,Health System,United States,New Orleans,Louisiana,70112,South,DE-TK-10000025,Diagnostic Equipment,Testing Kits,Abbott BinaxNOW COVID-19 Antigen Rapid Test 2-Pack,732.032,7,0.2,164.1864
2136,HC-2018-337434,12/10/2018,12/17/2018,Standard Class,JC-77889,Jennifer Clark,Health System,United States,Indianapolis,Indiana,46201,Central,MS-G&-10000006,Medical Supplies,Gloves & PPE,Kimberly-Clark Purple Nitrile Exam Gloves Large,652.608,11,0.1,-89.5659
2137,HC-2017-825201,6/10/2017,6/16/2017,Standard Class,KL-11504,Karen Lewis,Health System,United States,Atlanta,Georgia,30301,South,DE-IS-10000031,Diagnostic Equipment,Imaging Supplies,Parker Aquasonic 100 Ultrasound Transmission Gel,1244.28,12,0,-305.3534
2138,HC-2015-221366,1/25/2015,1/27/2015,First Class,EJ-53309,Ethan Johnson,Clinic,United States,Charlotte,North Carolina,28201,South,MS-B&-10000018,Medical Supplies,Bandages & Tape,Medline Non-Sterile Rolled Gauze 2in x 4.1yd,228.8,13,0.2,66.8138
2139,HC-2016-797926,12/31/2016,1/4/2017,Standard Class,PG-83385,Patricia Gonzalez,Health System,United States,Los Angeles,California,90001,West,DE-LS-10000035,Diagnostic Equipment,Lab Supplies,Thermo Scientific Nunc CryoTube Vials 1.8mL 100pk,127.776,3,0.2,52.2927
2140,HC-2018-978047,2/25/2018,3/3/2018,Standard Class,LL-25012,Lisa Lee,Health System,United States,Miami,Florida,33101,South,P-V&-10000054,Pharmaceutical,Vitamins & Supplements,Nature Made Fish Oil 1200mg 200 Softgels,43.2795,3,0.45,4.3985
2141,HC-2017-483993,3/28/2017,4/4/2017,Standard Class,EW-99593,Emma Walker,Clinic,United States,Richmond,Virginia,23218,East,MS-B&-10000019,Medical Supplies,Bandages & Tape,Dukal Elastic Stretch Bandage 6in,142.848,8,0.2,52.9144
2142,HC-2018-576412,4/13/2018,4/15/2018,First Class,JR-77839,Joseph Robinson,Home Care,United States,Seattle,Washington,98101,West,MS-S&-10000012,Medical Supplies,Syringes & Needles,Nipro 5mL Luer Slip Disposable Syringe,113.31,6,0.25,35.0437
2143,HC-2015-833911,8/18/2015,8/20/2015,Second Class,LJ-41571,Linda Johnson,Health System,United States,New Orleans,Louisiana,70112,South,DE-IS-10000031,Diagnostic Equipment,Imaging Supplies,Parker Aquasonic 100 Ultrasound Transmission Gel,189.78,3,0,73.8947
2144,HC-2017-711171,7/9/2017,7/13/2017,Standard Class,AH-36365,Ava Harris,Clinic,United States,Louisville,Kentucky,40201,South,P-IS-10000045,Pharmaceutical,IV Solutions,Baxter 0.9% Sodium Chloride Injection 1000mL,587.088,9,0.2,-53.0744
2145,HC-2018-640358,9/10/2018,9/18/2018,Standard Class,MM-15817,Michael Martinez,Home Care,United States,Boston,Massachusetts,2101,East,MS-B&-10000019,Medical Supplies,Bandages & Tape,Dukal Elastic Stretch Bandage 6in,105.336,12,0.05,29.9406
2146,HC-2016-380777,10/24/2016,10/26/2016,First Class,AM-94012,Ava Martinez,Health System,United States,Cleveland,Ohio,44101,Central,MS-G&-10000006,Medical Supplies,Gloves & PPE,Kimberly-Clark Purple Nitrile Exam Gloves Large,393.372,14,0.1,97.5497
2147,HC-2015-949722,4/9/2015,4/10/2015,Same Day,BH-37549,Barbara Hernandez,Clinic,United States,Cleveland,Ohio,44101,Central,P-V&-10000050,Pharmaceutical,Vitamins & Supplements,Nature's Bounty Vitamin D3 2000IU 240 Softgels,41.592,2,0.4,7.4847
2148,HC-2017-969751,5/6/2017,5/8/2017,Second Class,LL-22240,Lisa Lopez,Home Care,United States,Detroit,Michigan,48201,Central,DE-IS-10000031,Diagnostic Equipment,Imaging Supplies,Parker Aquasonic 100 Ultrasound Transmission Gel,275.457,3,0.35,98.3614
2149,HC-2016-713194,1/25/2016,1/30/2016,Second Class,RB-84668,Richard Brown,Clinic,United States,Newark,New Jersey,7101,East,P-V&-10000052,Pharmaceutical,Vitamins & Supplements,Garden of Life Vitamin C Organic 60 Capsules,255.255,14,0.45,-7.7472
2150,HC-2015-895882,11/1/2015,11/5/2015,Second Class,AM-94012,Ava Martinez,Clinic,United States,Portland,Oregon,97201,West,DE-LS-10000037,Diagnostic Equipment,Lab Supplies,Corning 50mL Polypropylene Centrifuge Tubes 25pk,745.36,14,0.2,258.1507
2151,HC-2015-404822,2/16/2015,2/20/2015,Standard Class,SH-51114,Susan Harris,Clinic,United States,Albuquerque,New Mexico,87101,West,P-OM-10000043,Pharmaceutical,OTC Medications,Pepcid AC Maximum Strength 20mg 50ct,12.9415,1,0.45,-0.5338
2152,HC-2016-612960,10/23/2016,10/25/2016,First Class,JJ-44099,Jennifer Johnson,Home Care,United States,Atlanta,Georgia,30301,South,DE-IS-10000030,Diagnostic Equipment,Imaging Supplies,Covidien Kendall Ultrasound Gel 8.5oz,1540.8715,7,0.05,-368.4409
2153,HC-2017-882101,1/15/2017,1/16/2017,Same Day,EJ-20561,Ethan Jackson,Health System,United States,Louisville,Kentucky,40201,South,MS-S&-10000014,Medical Supplies,Syringes & Needles,BD Eclipse Safety Needle 25G 1in,40.0,4,0,14.2761
2154,HC-2017-692024,11/27/2017,12/1/2017,Second Class,LH-30257,Lisa Harris,Clinic,United States,Hartford,Connecticut,6101,East,P-V&-10000050,Pharmaceutical,Vitamins & Supplements,Nature's Bounty Vitamin D3 2000IU 240 Softgels,18.018,1,0.45,-0.7193
2155,HC-2018-351650,6/9/2018,6/14/2018,Standard Class,KS-79514,Karen Sanchez,Clinic,United States,St. Louis,Missouri,63101,Central,DE-TK-10000025,Diagnostic Equipment,Testing Kits,Abbott BinaxNOW COVID-19 Antigen Rapid Test 2-Pack,1079.712,8,0.1,-287.3537
2156,HC-2016-268819,2/26/2016,3/3/2016,Standard Class,RW-22676,Robert Wilson,Home Care,United States,Hartford,Connecticut,6101,East,MS-WC-10000000,Medical Supplies,Wound Care,3M Tegaderm Transparent Film Dressing 4x4.75in,302.86,8,0.05,95.5792
2157,HC-2017-334052,5/11/2017,5/13/2017,Second Class,SM-29313,Sophia Miller,Health System,United States,Columbus,Ohio,43004,East,DE-TK-10000027,Diagnostic Equipment,Testing Kits,Quidel QuickVue Influenza A+B Test Kit 25ct,445.76,14,0.2,123.1969
2158,HC-2018-978684,6/26/2018,7/1/2018,Standard Class,RJ-10053,Richard Jackson,Home Care,United States,Boston,Massachusetts,2101,East,P-V&-10000053,Pharmaceutical,Vitamins & Supplements,Mason Natural Zinc 50mg Tablets 100ct,340.13,14,0.5,-7.6858
2159,HC-2015-987288,7/19/2015,7/21/2015,First Class,ES-23970,Ethan Sanchez,Health System,United States,Albuquerque,New Mexico,87101,West,P-OM-10000043,Pharmaceutical,OTC Medications,Pepcid AC Maximum Strength 20mg 50ct,11.979,2,0.45,-0.518
2160,HC-2018-240438,8/12/2018,8/14/2018,First Class,TW-23947,Thomas Walker,Clinic,United States,Miami,Florida,33101,South,DE-TK-10000027,Diagnostic Equipment,Testing Kits,Quidel QuickVue Influenza A+B Test Kit 25ct,1167.768,8,0.1,362.2444
2161,HC-2017-295770,1/11/2017,1/15/2017,Standard Class,EG-37535,Ethan Gonzalez,Clinic,United States,Newark,New Jersey,7101,East,MS-WC-10000002,Medical Supplies,Wound Care,Dynarex Non-Adherent Sterile Dressing Pads 3x4in,192.29,7,0,-17.3411
2162,HC-2016-950746,1/24/2016,2/1/2016,Standard Class,LW-54313,Linda Williams,Home Care,United States,Albuquerque,New Mexico,87101,West,MS-S&-10000013,Medical Supplies,Syringes & Needles,Terumo 10mL Hypodermic Syringe with Needle,119.52,12,0.25,-22.8323
2163,HC-2018-835641,2/21/2018,2/28/2018,Standard Class,PM-38569,Patricia Martin,Home Care,United States,New York,New York,10001,East,P-OM-10000044,Pharmaceutical,OTC Medications,Zyrtec Allergy 10mg Cetirizine Tablets 70ct,73.632,6,0.35,9.8577
2164,HC-2016-776168,10/11/2016,10/16/2016,Second Class,NW-47196,Noah Williams,Health System,United States,Pittsburgh,Pennsylvania,15201,East,DE-MD-10000024,Diagnostic Equipment,Monitoring Devices,A&D Medical UA-767FAM Multi-User BP Monitor,7160.48,10,0.2,2702.9328
2165,HC-2018-451604,3/21/2018,3/29/2018,Standard Class,WS-65255,William Sanchez,Health System,United States,Dallas,Texas,75201,South,P-IS-10000046,Pharmaceutical,IV Solutions,Hospira 5% Dextrose Injection USP 500mL,236.335,11,0.5,-8.0423
2166,HC-2017-406246,10/9/2017,10/14/2017,Standard Class,LH-30257,Lisa Harris,Health System,United States,Sacramento,California,95814,West,P-V&-10000053,Pharmaceutical,Vitamins & Supplements,Mason Natural Zinc 50mg Tablets 100ct,182.6,10,0.5,20.4932
2167,HC-2015-629121,10/4/2015,10/8/2015,Standard Class,JM-82603,James Martin,Clinic,United States,Boston,Massachusetts,2101,East,DE-LS-10000039,Diagnostic Equipment,Lab Supplies,Fisherbrand Microcentrifuge Tubes 1.5mL 500pk,63.18,3,0,-5.9935
2168,HC-2016-796044,10/24/2016,10/26/2016,Second Class,LS-83563,Lisa Smith,Health System,United States,Hartford,Connecticut,6101,East,P-OM-10000040,Pharmaceutical,OTC Medications,Tylenol Extra Strength Acetaminophen 500mg 100ct,276.243,11,0.45,38.7575
2169,HC-2016-749232,7/12/2016,7/16/2016,Second Class,TS-33416,Thomas Sanchez,Health System,United States,St. Louis,Missouri,63101,Central,DE-TK-10000025,Diagnostic Equipment,Testing Kits,Abbott BinaxNOW COVID-19 Antigen Rapid Test 2-Pack,930.042,6,0.1,-173.7287
2170,HC-2016-585800,11/10/2016,11/15/2016,Standard Class,BH-37549,Barbara Hernandez,Health System,United States,Baltimore,Maryland,21201,East,DE-LS-10000038,Diagnostic Equipment,Lab Supplies,Globe Scientific Disposable Transfer Pipettes 3mL,269.04,4,0,107.7882
2171,HC-2016-728375,11/16/2016,11/21/2016,Standard Class,JT-67954,Joseph Thomas,Health System,United States,New York,New York,10001,East,MS-S&-10000010,Medical Supplies,Syringes & Needles,BD 3mL Luer-Lok Syringe with 21G Needle,134.08,8,0,41.0164
2172,HC-2017-512128,11/10/2017,11/18/2017,Standard Class,PL-66959,Patricia Lee,Home Care,United States,Hartford,Connecticut,6101,East,P-IS-10000049,Pharmaceutical,IV Solutions,Fresenius Kabi Sterile Water for Injection 1000mL,876.239,14,0.35,97.8704
2173,HC-2017-920651,7/29/2017,7/30/2017,Same Day,MJ-85914,Michael Johnson,Clinic,United States,San Francisco,California,94101,West,P-OM-10000041,Pharmaceutical,OTC Medications,Ibuprofen USP 200mg Tablets 500ct Bulk,126.412,13,0.45,-12.9646
2174,HC-2017-864721,1/31/2017,2/2/2017,First Class,SM-16658,Sarah Martinez,Clinic,United States,San Francisco,California,94101,West,MS-B&-10000019,Medical Supplies,Bandages & Tape,Dukal Elastic Stretch Bandage 6in,239.28,12,0,74.7121
2175,HC-2017-885555,12/6/2017,12/13/2017,Standard Class,IB-49363,Isabella Brown,Home Care,United States,Detroit,Michigan,48201,Central,P-OM-10000041,Pharmaceutical,OTC Medications,Ibuprofen USP 200mg Tablets 500ct Bulk,43.99,2,0.5,-3.7136
2176,HC-2016-899071,4/29/2016,5/6/2016,Standard Class,AG-31992,Ava Gonzalez,Health System,United States,Las Vegas,Nevada,89101,West,MS-S&-10000010,Medical Supplies,Syringes & Needles,BD 3mL Luer-Lok Syringe with 21G Needle,290.36,14,0,-30.0406
2177,HC-2016-566965,2/16/2016,2/20/2016,Standard Class,RM-69429,Richard Martinez,Health System,United States,Seattle,Washington,98101,West,P-IS-10000045,Pharmaceutical,IV Solutions,Baxter 0.9% Sodium Chloride Injection 1000mL,1199.632,14,0.2,74.0806
2178,HC-2018-902602,11/9/2018,11/17/2018,Standard Class,IL-65461,Isabella Lee,Clinic,United States,Phoenix,Arizona,85001,West,P-IS-10000049,Pharmaceutical,IV Solutions,Fresenius Kabi Sterile Water for Injection 1000mL,365.4805,7,0.45,40.5485
2179,HC-2016-738566,11/16/2016,11/23/2016,Standard Class,OM-62386,Olivia Moore,Clinic,United States,Atlanta,Georgia,30301,South,P-OM-10000042,Pharmaceutical,OTC Medications,Bayer Aspirin 325mg Enteric Coated 300ct,121.869,9,0.45,6.2434
2180,HC-2018-593842,3/21/2018,3/26/2018,Standard Class,LW-84847,Liam Walker,Clinic,United States,St. Louis,Missouri,63101,Central,DE-LS-10000035,Diagnostic Equipment,Lab Supplies,Thermo Scientific Nunc CryoTube Vials 1.8mL 100pk,100.608,4,0.2,-22.4297
2181,HC-2017-166190,1/6/2017,1/9/2017,Second Class,SH-39831,Susan Hernandez,Health System,United States,Cleveland,Ohio,44101,Central,P-V&-10000052,Pharmaceutical,Vitamins & Supplements,Garden of Life Vitamin C Organic 60 Capsules,269.425,13,0.5,28.7329
2182,HC-2018-800638,5/13/2018,5/17/2018,Second Class,JM-42406,Joseph Martinez,Health System,United States,Cleveland,Ohio,44101,Central,MS-B&-10000016,Medical Supplies,Bandages & Tape,Johnson & Johnson Elastikon Elastic Bandage 3in,40.788,11,0.1,-8.163
2183,HC-2015-742217,12/30/2015,1/2/2016,Second Class,IR-64921,Isabella Robinson,Home Care,United States,Cleveland,Ohio,44101,Central,DE-MD-10000022,Diagnostic Equipment,Monitoring Devices,Masimo Rad-8 Pulse Oximeter Tabletop Unit,2333.896,4,0.15,-532.921
2184,HC-2016-135471,9/7/2016,9/11/2016,Second Class,RP-65518,Robert Perez,Clinic,United States,Nashville,Tennessee,37201,South,DE-TK-10000029,Diagnostic Equipment,Testing Kits,McKesson Blood Glucose Test Strips 100ct,819.52,13,0,331.6272
2185,HC-2018-886607,11/2/2018,11/8/2018,Standard Class,EL-63264,Ethan Lewis,Home Care,United States,Las Vegas,Nevada,89101,West,MS-S&-10000014,Medical Supplies,Syringes & Needles,BD Eclipse Safety Needle 25G 1in,7.391,1,0.05,2.1135
2186,HC-2015-183235,1/4/2015,1/11/2015,Standard Class,JC-86019,Jessica Clark,Health System,United States,Pittsburgh,Pennsylvania,15201,East,P-OM-10000043,Pharmaceutical,OTC Medications,Pepcid AC Maximum Strength 20mg 50ct,261.4755,13,0.45,-18.2114
2187,HC-2018-528263,7/22/2018,7/27/2018,Standard Class,LJ-41266,Lisa Jones,Health System,United States,Memphis,Tennessee,38101,South,MS-G&-10000008,Medical Supplies,Gloves & PPE,Cardinal Health Flexal Nitrile Exam Gloves XL,717.5,14,0,-60.6269
2188,HC-2015-676103,12/15/2015,12/21/2015,Standard Class,IH-17100,Isabella Harris,Clinic,United States,Miami,Florida,33101,South,P-IS-10000046,Pharmaceutical,IV Solutions,Hospira 5% Dextrose Injection USP 500mL,205.086,6,0.3,35.9458
2189,HC-2018-772761,5/14/2018,5/20/2018,Standard Class,JJ-70901,Joseph Jones,Health System,United States,San Francisco,California,94101,West,P-IS-10000046,Pharmaceutical,IV Solutions,Hospira 5% Dextrose Injection USP 500mL,218.68,5,0.45,24.7733
2190,HC-2017-608233,4/19/2017,4/27/2017,Standard Class,EH-90173,Emma Hernandez,Health System,United States,Louisville,Kentucky,40201,South,P-OM-10000043,Pharmaceutical,OTC Medications,Pepcid AC Maximum Strength 20mg 50ct,69.938,4,0.45,-5.6197
2191,HC-2016-365463,12/17/2016,12/19/2016,First Class,RL-97670,Richard Lopez,Health System,United States,Denver,Colorado,80201,West,DE-IS-10000034,Diagnostic Equipment,Imaging Supplies,Carestream Health X-Omat Developer Solution,423.36,2,0.1,-68.2367
2192,HC-2016-183213,10/17/2016,10/24/2016,Standard Class,AJ-26828,Ava Jones,Health System,United States,Denver,Colorado,80201,West,MS-G&-10000009,Medical Supplies,Gloves & PPE,Dynarex SafeTouch Latex-Free Vinyl Gloves Medium,220.608,8,0.1,55.9987
2193,HC-2018-989552,6/25/2018,7/1/2018,Standard Class,NC-62994,Noah Clark,Home Care,United States,Sacramento,California,95814,West,MS-G&-10000006,Medical Supplies,Gloves & PPE,Kimberly-Clark Purple Nitrile Exam Gloves Large,50.5125,1,0.25,16.9618
2194,HC-2016-398196,10/24/2016,10/28/2016,Standard Class,ST-42527,Sophia Thompson,Health System,United States,San Francisco,California,94101,West,MS-S&-10000014,Medical Supplies,Syringes & Needles,BD Eclipse Safety Needle 25G 1in,26.72,4,0,6.4284
2195,HC-2016-158012,8/17/2016,8/19/2016,First Class,LJ-17989,Liam Jackson,Clinic,United States,Indianapolis,Indiana,46201,Central,DE-IS-10000031,Diagnostic Equipment,Imaging Supplies,Parker Aquasonic 100 Ultrasound Transmission Gel,871.416,13,0.1,344.52
2196,HC-2017-723285,8/25/2017,8/27/2017,First Class,AM-94012,Ava Martinez,Clinic,United States,Phoenix,Arizona,85001,West,DE-MD-10000024,Diagnostic Equipment,Monitoring Devices,A&D Medical UA-767FAM Multi-User BP Monitor,2812.712,8,0.3,-389.1007
2197,HC-2017-577790,10/29/2017,11/3/2017,Standard Class,AA-38683,Ava Anderson,Health System,United States,San Francisco,California,94101,West,MS-G&-10000008,Medical Supplies,Gloves & PPE,Cardinal Health Flexal Nitrile Exam Gloves XL,486.5,7,0,-85.773
2198,HC-2017-390918,10/18/2017,10/22/2017,Standard Class,EW-42018,Ethan Williams,Clinic,United States,New York,New York,10001,East,DE-MD-10000023,Diagnostic Equipment,Monitoring Devices,Omron HEM-7320 Upper Arm Blood Pressure Monitor,6023.88,10,0.1,-908.6985
2199,HC-2015-524423,2/25/2015,3/2/2015,Second Class,ER-50306,Ethan Ramirez,Clinic,United States,Atlanta,Georgia,30301,South,DE-TK-10000028,Diagnostic Equipment,Testing Kits,BD Veritor System Flu A+B Analyzer,630.6,6,0,187.3905
2200,HC-2016-313172,11/12/2016,11/19/2016,Standard Class,SM-16658,Sarah Martinez,Clinic,United States,Seattle,Washington,98101,West,P-V&-10000053,Pharmaceutical,Vitamins & Supplements,Mason Natural Zinc 50mg Tablets 100ct,135.681,13,0.3,-9.9294
2201,HC-2018-945586,2/6/2018,2/10/2018,Second Class,JJ-70515,Jessica Jones,Clinic,United States,Portland,Oregon,97201,West,MS-S&-10000011,Medical Supplies,Syringes & Needles,Covidien Monoject 1mL Insulin Syringe 28G,112.992,6,0.2,34.5
2202,HC-2016-660704,12/16/2016,12/18/2016,Second Class,TS-33416,Thomas Sanchez,Health System,United States,Hartford,Connecticut,6101,East,MS-S&-10000013,Medical Supplies,Syringes & Needles,Terumo 10mL Hypodermic Syringe with Needle,151.389,9,0.1,50.9087
2203,HC-2016-333512,4/4/2016,4/6/2016,First Class,MM-51245,Mia Martin,Health System,United States,Sacramento,California,95814,West,DE-MD-10000023,Diagnostic Equipment,Monitoring Devices,Omron HEM-7320 Upper Arm Blood Pressure Monitor,3883.824,14,0.1,-833.5416
2204,HC-2017-916173,12/19/2017,12/24/2017,Second Class,NW-98777,Noah Wilson,Health System,United States,Louisville,Kentucky,40201,South,P-OM-10000043,Pharmaceutical,OTC Medications,Pepcid AC Maximum Strength 20mg 50ct,70.73,4,0.45,-2.9798
2205,HC-2017-404727,8/30/2017,8/31/2017,Same Day,OM-31178,Olivia Martinez,Clinic,United States,Denver,Colorado,80201,West,MS-WC-10000002,Medical Supplies,Wound Care,Dynarex Non-Adherent Sterile Dressing Pads 3x4in,446.264,13,0.2,-56.0182
2206,HC-2015-674748,9/25/2015,9/27/2015,Second Class,WL-51904,William Lopez,Clinic,United States,Albuquerque,New Mexico,87101,West,MS-WC-10000004,Medical Supplies,Wound Care,Covidien Kendall Hydrogel Dressing 4x4in,542.62,13,0,155.0372
2207,HC-2016-402126,3/8/2016,3/15/2016,Standard Class,RH-73699,Robert Harris,Clinic,United States,New York,New York,10001,East,MS-WC-10000002,Medical Supplies,Wound Care,Dynarex Non-Adherent Sterile Dressing Pads 3x4in,7.819,1,0.3,2.1376
2208,HC-2018-190167,4/2/2018,4/10/2018,Standard Class,KL-11504,Karen Lewis,Clinic,United States,Buffalo,New York,14201,East,DE-IS-10000033,Diagnostic Equipment,Imaging Supplies,3M Scotchcast Plus Fiberglass Casting Tape 2in,486.46,2,0,170.0571
2209,HC-2018-135564,12/14/2018,12/18/2018,Standard Class,JT-82692,James Thompson,Health System,United States,Nashville,Tennessee,37201,South,P-V&-10000054,Pharmaceutical,Vitamins & Supplements,Nature Made Fish Oil 1200mg 200 Softgels,121.352,11,0.2,-7.4848
2210,HC-2018-142698,8/25/2018,9/2/2018,Standard Class,JJ-40311,John Jones,Clinic,United States,New Orleans,Louisiana,70112,South,P-OM-10000043,Pharmaceutical,OTC Medications,Pepcid AC Maximum Strength 20mg 50ct,57.568,4,0.3,6.5248
2211,HC-2016-920351,9/15/2016,9/22/2016,Standard Class,OW-89840,Olivia Williams,Health System,United States,Miami,Florida,33101,South,DE-TK-10000027,Diagnostic Equipment,Testing Kits,Quidel QuickVue Influenza A+B Test Kit 25ct,517.286,11,0.3,-77.9417
2212,HC-2018-119061,10/6/2018,10/12/2018,Standard Class,JW-94246,James Williams,Home Care,United States,Sacramento,California,95814,West,DE-LS-10000038,Diagnostic Equipment,Lab Supplies,Globe Scientific Disposable Transfer Pipettes 3mL,1082.088,14,0.05,260.6728
2213,HC-2018-177087,11/8/2018,11/13/2018,Second Class,PJ-62772,Patricia Johnson,Home Care,United States,Newark,New Jersey,7101,East,DE-MD-10000024,Diagnostic Equipment,Monitoring Devices,A&D Medical UA-767FAM Multi-User BP Monitor,868.445,2,0.15,-215.6835
2214,HC-2018-676209,2/22/2018,2/24/2018,First Class,LM-38864,Linda Martin,Health System,United States,Sacramento,California,95814,West,MS-S&-10000010,Medical Supplies,Syringes & Needles,BD 3mL Luer-Lok Syringe with 21G Needle,37.65,5,0,-3.4973
2215,HC-2017-574405,1/27/2017,1/31/2017,Second Class,EH-40735,Emma Hernandez,Health System,United States,Phoenix,Arizona,85001,West,DE-TK-10000026,Diagnostic Equipment,Testing Kits,Roche Accu-Chek Guide Blood Glucose Meter Kit,1469.3,10,0,-357.5479
2216,HC-2016-588895,9/24/2016,10/2/2016,Standard Class,AM-94012,Ava Martinez,Clinic,United States,Columbus,Ohio,43004,East,MS-G&-10000005,Medical Supplies,Gloves & PPE,Ansell TouchNTuff Nitrile Disposable Gloves Medium,743.769,13,0.1,-59.1473
2217,HC-2015-449142,12/20/2015,12/21/2015,Same Day,TH-97410,Thomas Hernandez,Health System,United States,Detroit,Michigan,48201,Central,MS-S&-10000012,Medical Supplies,Syringes & Needles,Nipro 5mL Luer Slip Disposable Syringe,130.41,6,0.1,34.6927
2218,HC-2018-863783,10/29/2018,11/6/2018,Standard Class,CB-19602,Charles Brown,Clinic,United States,St. Louis,Missouri,63101,Central,DE-IS-10000030,Diagnostic Equipment,Imaging Supplies,Covidien Kendall Ultrasound Gel 8.5oz,1716.666,14,0.3,651.7019
2219,HC-2015-427636,10/4/2015,10/7/2015,Second Class,MW-80686,Michael Walker,Home Care,United States,New Orleans,Louisiana,70112,South,MS-B&-10000018,Medical Supplies,Bandages & Tape,Medline Non-Sterile Rolled Gauze 2in x 4.1yd,44.7525,13,0.15,10.5734
2220,HC-2016-469417,9/28/2016,9/30/2016,First Class,WT-73624,William Thompson,Clinic,United States,Buffalo,New York,14201,East,MS-S&-10000011,Medical Supplies,Syringes & Needles,Covidien Monoject 1mL Insulin Syringe 28G,70.956,6,0.1,13.997
2221,HC-2015-386439,6/30/2015,7/2/2015,Second Class,LH-30257,Lisa Harris,Clinic,United States,Los Angeles,California,90001,West,MS-S&-10000011,Medical Supplies,Syringes & Needles,Covidien Monoject 1mL Insulin Syringe 28G,159.96,6,0,-24.3355
2222,HC-2017-175309,10/27/2017,11/4/2017,Standard Class,JC-77889,Jennifer Clark,Health System,United States,Chicago,Illinois,60601,Central,MS-B&-10000016,Medical Supplies,Bandages & Tape,Johnson & Johnson Elastikon Elastic Bandage 3in,5.824,1,0.3,-1.093
2223,HC-2016-856024,5/23/2016,5/28/2016,Standard Class,TT-92960,Thomas Thompson,Health System,United States,New Orleans,Louisiana,70112,South,DE-LS-10000037,Diagnostic Equipment,Lab Supplies,Corning 50mL Polypropylene Centrifuge Tubes 25pk,606.1,10,0,-146.3019
2224,HC-2016-264608,8/15/2016,8/20/2016,Standard Class,AS-78327,Ava Sanchez,Clinic,United States,Portland,Oregon,97201,West,P-IS-10000048,Pharmaceutical,IV Solutions,ICU Medical Normal Saline 250mL IV Bag,465.036,12,0.45,81.5263
2225,HC-2018-300686,11/7/2018,11/14/2018,Standard Class,RW-22676,Robert Wilson,Clinic,United States,Baltimore,Maryland,21201,East,MS-B&-10000015,Medical Supplies,Bandages & Tape,3M Micropore Surgical Tape 1in x 10yd,192.696,12,0.3,42.6395
2226,HC-2017-332373,9/17/2017,9/20/2017,Second Class,JT-13804,Jessica Taylor,Clinic,United States,Miami,Florida,33101,South,MS-G&-10000005,Medical Supplies,Gloves & PPE,Ansell TouchNTuff Nitrile Disposable Gloves Medium,587.392,13,0.2,216.3243
2227,HC-2017-663867,11/14/2017,11/22/2017,Standard Class,LM-30032,Lisa Miller,Health System,United States,Philadelphia,Pennsylvania,19101,East,MS-WC-10000004,Medical Supplies,Wound Care,Covidien Kendall Hydrogel Dressing 4x4in,102.186,9,0.3,-19.5354
2228,HC-2016-372724,2/2/2016,2/10/2016,Standard Class,MJ-85914,Michael Johnson,Health System,United States,Seattle,Washington,98101,West,MS-S&-10000014,Medical Supplies,Syringes & Needles,BD Eclipse Safety Needle 25G 1in,20.072,1,0.2,-2.0515
2229,HC-2015-530333,1/26/2015,1/28/2015,First Class,MS-88504,Mia Smith,Health System,United States,Las Vegas,Nevada,89101,West,P-OM-10000041,Pharmaceutical,OTC Medications,Ibuprofen USP 200mg Tablets 500ct Bulk,102.2,8,0.5,13.1497
2230,HC-2016-453737,11/20/2016,11/27/2016,Standard Class,MJ-85914,Michael Johnson,Home Care,United States,Minneapolis,Minnesota,55401,Central,MS-B&-10000016,Medical Supplies,Bandages & Tape,Johnson & Johnson Elastikon Elastic Bandage 3in,41.0805,9,0.15,7.667
2231,HC-2015-292870,2/6/2015,2/10/2015,Standard Class,MW-41029,Mia Walker,Clinic,United States,Columbus,Ohio,43004,East,DE-LS-10000038,Diagnostic Equipment,Lab Supplies,Globe Scientific Disposable Transfer Pipettes 3mL,90.352,1,0.2,-14.2513
2232,HC-2015-186777,8/21/2015,8/28/2015,Standard Class,SM-29313,Sophia Miller,Clinic,United States,Chicago,Illinois,60601,Central,DE-TK-10000029,Diagnostic Equipment,Testing Kits,McKesson Blood Glucose Test Strips 100ct,249.93,10,0.1,-85.1148
2233,HC-2015-783641,4/17/2015,4/22/2015,Standard Class,LW-54313,Linda Williams,Clinic,United States,Los Angeles,California,90001,West,DE-LS-10000037,Diagnostic Equipment,Lab Supplies,Corning 50mL Polypropylene Centrifuge Tubes 25pk,330.864,6,0.2,-61.4964
2234,HC-2018-725008,6/15/2018,6/20/2018,Second Class,RH-73699,Robert Harris,Home Care,United States,Portland,Oregon,97201,West,MS-G&-10000006,Medical Supplies,Gloves & PPE,Kimberly-Clark Purple Nitrile Exam Gloves Large,421.4925,11,0.25,90.5917
2235,HC-2016-405807,6/8/2016,6/11/2016,Second Class,RL-15075,Richard Lewis,Clinic,United States,Pittsburgh,Pennsylvania,15201,East,MS-WC-10000004,Medical Supplies,Wound Care,Covidien Kendall Hydrogel Dressing 4x4in,362.31,13,0,91.3751
2236,HC-2015-353946,4/28/2015,5/4/2015,Standard Class,RT-10772,Richard Taylor,Health System,United States,Baltimore,Maryland,21201,East,DE-IS-10000032,Diagnostic Equipment,Imaging Supplies,Medline X-Ray Film Processing Chemical Kit,2696.98,11,0,943.039
2237,HC-2016-747047,11/19/2016,11/23/2016,Standard Class,RW-22676,Robert Wilson,Clinic,United States,Memphis,Tennessee,38101,South,P-OM-10000041,Pharmaceutical,OTC Medications,Ibuprofen USP 200mg Tablets 500ct Bulk,164.112,13,0.2,21.6496
2238,HC-2015-221143,1/5/2015,1/7/2015,Second Class,EJ-64987,Emma Jackson,Health System,United States,Columbus,Ohio,43004,East,MS-WC-10000002,Medical Supplies,Wound Care,Dynarex Non-Adherent Sterile Dressing Pads 3x4in,36.816,2,0.2,11.6131
2239,HC-2016-317125,10/31/2016,11/2/2016,First Class,OW-95426,Olivia Williams,Health System,United States,St. Louis,Missouri,63101,Central,MS-B&-10000017,Medical Supplies,Bandages & Tape,Covidien Curity Gauze Bandage Roll 4in,37.744,7,0.2,-13.1189
2240,HC-2017-226957,2/15/2017,2/18/2017,Second Class,LL-22240,Lisa Lopez,Clinic,United States,Dallas,Texas,75201,South,P-V&-10000052,Pharmaceutical,Vitamins & Supplements,Garden of Life Vitamin C Organic 60 Capsules,204.384,12,0.2,19.1055
2241,HC-2018-936684,3/18/2018,3/22/2018,Standard Class,NM-77000,Noah Miller,Health System,United States,Milwaukee,Wisconsin,53201,Central,MS-S&-10000011,Medical Supplies,Syringes & Needles,Covidien Monoject 1mL Insulin Syringe 28G,90.216,4,0.1,27.0305
2242,HC-2017-945452,6/4/2017,6/6/2017,Second Class,EJ-53309,Ethan Johnson,Health System,United States,New York,New York,10001,East,P-IS-10000048,Pharmaceutical,IV Solutions,ICU Medical Normal Saline 250mL IV Bag,65.681,1,0.45,-2.4289
2243,HC-2015-796561,2/14/2015,2/20/2015,Standard Class,SL-62581,Sophia Lopez,Health System,United States,Cincinnati,Ohio,45201,Central,DE-MD-10000022,Diagnostic Equipment,Monitoring Devices,Masimo Rad-8 Pulse Oximeter Tabletop Unit,3508.128,8,0.1,906.2498
2244,HC-2018-648026,10/29/2018,11/4/2018,Standard Class,SW-41979,Sarah Wilson,Health System,United States,Dallas,Texas,75201,South,P-V&-10000054,Pharmaceutical,Vitamins & Supplements,Nature Made Fish Oil 1200mg 200 Softgels,217.668,12,0.45,-20.3786
2245,HC-2016-221644,5/25/2016,5/26/2016,Same Day,RB-84668,Richard Brown,Health System,United States,Nashville,Tennessee,37201,South,MS-S&-10000014,Medical Supplies,Syringes & Needles,BD Eclipse Safety Needle 25G 1in,76.74,6,0,-11.4567
2246,HC-2016-196896,3/20/2016,3/27/2016,Standard Class,LM-87924,Linda Martin,Home Care,United States,Memphis,Tennessee,38101,South,P-OM-10000043,Pharmaceutical,OTC Medications,Pepcid AC Maximum Strength 20mg 50ct,117.429,6,0.35,-9.5191
2247,HC-2016-616864,12/21/2016,12/23/2016,First Class,JJ-44718,Joseph Jones,Clinic,United States,Dallas,Texas,75201,South,DE-MD-10000023,Diagnostic Equipment,Monitoring Devices,Omron HEM-7320 Upper Arm Blood Pressure Monitor,285.12,2,0,99.8063
2248,HC-2015-762139,8/21/2015,8/24/2015,Second Class,RT-10772,Richard Taylor,Clinic,United States,Dallas,Texas,75201,South,P-OM-10000043,Pharmaceutical,OTC Medications,Pepcid AC Maximum Strength 20mg 50ct,39.864,4,0.45,5.0359
2249,HC-2017-844077,5/14/2017,5/16/2017,Second Class,OR-57819,Olivia Ramirez,Clinic,United States,Phoenix,Arizona,85001,West,DE-TK-10000027,Diagnostic Equipment,Testing Kits,Quidel QuickVue Influenza A+B Test Kit 25ct,179.536,7,0.3,49.5577
2250,HC-2018-790883,11/11/2018,11/12/2018,Same Day,EW-42018,Ethan Williams,Health System,United States,Memphis,Tennessee,38101,South,DE-LS-10000036,Diagnostic Equipment,Lab Supplies,BD Vacutainer EDTA Blood Collection Tubes 10mL,456.04,13,0.2,113.632
2251,HC-2016-643707,8/24/2016,8/26/2016,Second Class,PJ-95477,Patricia Johnson,Health System,United States,Detroit,Michigan,48201,Central,P-IS-10000045,Pharmaceutical,IV Solutions,Baxter 0.9% Sodium Chloride Injection 1000mL,298.044,6,0.4,-9.6505
2252,HC-2015-203336,10/28/2015,11/4/2015,Standard Class,EJ-31579,Ethan Johnson,Clinic,United States,Miami,Florida,33101,South,DE-IS-10000034,Diagnostic Equipment,Imaging Supplies,Carestream Health X-Omat Developer Solution,183.915,1,0.1,41.7021
2253,HC-2015-763472,7/31/2015,8/2/2015,First Class,NW-73788,Noah White,Clinic,United States,Detroit,Michigan,48201,Central,MS-WC-10000003,Medical Supplies,Wound Care,Smith & Nephew ALLEVYN Gentle Border Foam Dressing,275.38,14,0.3,-20.83
2254,HC-2016-387613,10/19/2016,10/27/2016,Standard Class,LS-83563,Lisa Smith,Health System,United States,Newark,New Jersey,7101,East,MS-S&-10000012,Medical Supplies,Syringes & Needles,Nipro 5mL Luer Slip Disposable Syringe,167.76,8,0,58.3071
2255,HC-2016-797149,5/2/2016,5/7/2016,Second Class,KM-86622,Karen Martinez,Clinic,United States,Sacramento,California,95814,West,DE-IS-10000031,Diagnostic Equipment,Imaging Supplies,Parker Aquasonic 100 Ultrasound Transmission Gel,898.548,6,0.3,-96.4264
2256,HC-2016-684066,10/16/2016,10/17/2016,Same Day,JL-77033,Jessica Lee,Clinic,United States,Dallas,Texas,75201,South,P-V&-10000053,Pharmaceutical,Vitamins & Supplements,Mason Natural Zinc 50mg Tablets 100ct,10.604,1,0.45,-0.6146
2257,HC-2015-626584,2/13/2015,2/17/2015,Standard Class,RH-73699,Robert Harris,Home Care,United States,Hartford,Connecticut,6101,East,MS-S&-10000013,Medical Supplies,Syringes & Needles,Terumo 10mL Hypodermic Syringe with Needle,138.3375,7,0.15,-15.5527
2258,HC-2015-286124,12/19/2015,12/23/2015,Standard Class,AM-56025,Ava Martinez,Health System,United States,Pittsburgh,Pennsylvania,15201,East,P-IS-10000049,Pharmaceutical,IV Solutions,Fresenius Kabi Sterile Water for Injection 1000mL,465.355,10,0.45,82.377
2259,HC-2017-448375,3/17/2017,3/19/2017,Second Class,LL-25012,Lisa Lee,Clinic,United States,Minneapolis,Minnesota,55401,Central,P-OM-10000044,Pharmaceutical,OTC Medications,Zyrtec Allergy 10mg Cetirizine Tablets 70ct,146.412,14,0.4,-11.9156
2260,HC-2017-229275,3/10/2017,3/12/2017,Second Class,LM-49446,Lisa Martin,Home Care,United States,Portland,Oregon,97201,West,DE-TK-10000028,Diagnostic Equipment,Testing Kits,BD Veritor System Flu A+B Analyzer,633.6025,5,0.05,163.4035
2261,HC-2017-366737,10/14/2017,10/19/2017,Standard Class,LL-72216,Liam Lewis,Health System,United States,Salt Lake City,Utah,84101,West,MS-WC-10000002,Medical Supplies,Wound Care,Dynarex Non-Adherent Sterile Dressing Pads 3x4in,27.784,1,0.2,6.4049
2262,HC-2017-152863,9/12/2017,9/16/2017,Standard Class,BG-15229,Barbara Gonzalez,Health System,United States,Columbus,Ohio,43004,East,P-IS-10000049,Pharmaceutical,IV Solutions,Fresenius Kabi Sterile Water for Injection 1000mL,329.182,14,0.3,26.1401
2263,HC-2018-804020,3/22/2018,3/29/2018,Standard Class,JR-81200,Joseph Ramirez,Health System,United States,Columbus,Ohio,43004,East,MS-B&-10000016,Medical Supplies,Bandages & Tape,Johnson & Johnson Elastikon Elastic Bandage 3in,73.818,6,0.1,-9.2919
2264,HC-2018-206931,7/7/2018,7/8/2018,Same Day,IB-30033,Isabella Brown,Health System,United States,Boston,Massachusetts,2101,East,P-V&-10000050,Pharmaceutical,Vitamins & Supplements,Nature's Bounty Vitamin D3 2000IU 240 Softgels,57.76,4,0.2,3.1086
2265,HC-2016-650786,1/20/2016,1/25/2016,Standard Class,JT-94607,John Thompson,Home Care,United States,St. Louis,Missouri,63101,Central,DE-MD-10000021,Diagnostic Equipment,Monitoring Devices,Nonin Onyx Vantage 9590 Finger Pulse Oximeter,2590.588,14,0.35,635.265
2266,HC-2015-971331,3/10/2015,3/17/2015,Standard Class,AR-31465,Ava Ramirez,Health System,United States,Birmingham,Alabama,35201,South,MS-G&-10000008,Medical Supplies,Gloves & PPE,Cardinal Health Flexal Nitrile Exam Gloves XL,115.29,9,0,-13.483
2267,HC-2017-294829,11/29/2017,12/4/2017,Standard Class,RL-37742,Richard Lopez,Health System,United States,Minneapolis,Minnesota,55401,Central,MS-B&-10000015,Medical Supplies,Bandages & Tape,3M Micropore Surgical Tape 1in x 10yd,88.98,10,0.4,-10.6495
2268,HC-2018-876396,1/17/2018,1/25/2018,Standard Class,JT-67954,Joseph Thomas,Clinic,United States,Memphis,Tennessee,38101,South,MS-WC-10000000,Medical Supplies,Wound Care,3M Tegaderm Transparent Film Dressing 4x4.75in,58.536,4,0.1,11.253
2269,HC-2018-116268,3/23/2018,3/27/2018,Second Class,LS-83563,Lisa Smith,Home Care,United States,Salt Lake City,Utah,84101,West,DE-TK-10000027,Diagnostic Equipment,Testing Kits,Quidel QuickVue Influenza A+B Test Kit 25ct,505.575,9,0.25,124.3885
2270,HC-2017-160774,11/12/2017,11/20/2017,Standard Class,RP-65518,Robert Perez,Clinic,United States,Baltimore,Maryland,21201,East,MS-S&-10000013,Medical Supplies,Syringes & Needles,Terumo 10mL Hypodermic Syringe with Needle,107.289,9,0.3,22.8734
2271,HC-2017-436726,11/21/2017,11/25/2017,Standard Class,JM-74686,John Moore,Clinic,United States,St. Louis,Missouri,63101,Central,MS-G&-10000005,Medical Supplies,Gloves & PPE,Ansell TouchNTuff Nitrile Disposable Gloves Medium,33.872,1,0.2,-3.5524
2272,HC-2016-453327,4/22/2016,4/29/2016,Standard Class,JB-19862,James Brown,Home Care,United States,Boston,Massachusetts,2101,East,P-OM-10000040,Pharmaceutical,OTC Medications,Tylenol Extra Strength Acetaminophen 500mg 100ct,159.0,8,0.5,10.3082
2273,HC-2016-128816,4/16/2016,4/20/2016,Standard Class,LL-24322,Liam Lopez,Clinic,United States,Baltimore,Maryland,21201,East,DE-MD-10000024,Diagnostic Equipment,Monitoring Devices,A&D Medical UA-767FAM Multi-User BP Monitor,572.95,1,0,158.9129
2274,HC-2017-233146,11/25/2017,12/2/2017,Standard Class,EH-90173,Emma Hernandez,Health System,United States,Nashville,Tennessee,37201,South,DE-LS-10000039,Diagnostic Equipment,Lab Supplies,Fisherbrand Microcentrifuge Tubes 1.5mL 500pk,346.8,8,0,86.5218
2275,HC-2015-266625,2/19/2015,2/21/2015,First Class,MS-40784,Mason Sanchez,Health System,United States,Boston,Massachusetts,2101,East,P-V&-10000050,Pharmaceutical,Vitamins & Supplements,Nature's Bounty Vitamin D3 2000IU 240 Softgels,136.4,8,0.5,24.0146
2276,HC-2016-665818,4/24/2016,4/25/2016,Same Day,IB-49363,Isabella Brown,Health System,United States,Cleveland,Ohio,44101,Central,P-IS-10000047,Pharmaceutical,IV Solutions,B. Braun Lactated Ringer's Injection 1000mL,156.54,6,0.5,-16.8929
2277,HC-2017-824049,7/4/2017,7/5/2017,Same Day,IT-39154,Isabella Taylor,Home Care,United States,Charlotte,North Carolina,28201,South,P-IS-10000048,Pharmaceutical,IV Solutions,ICU Medical Normal Saline 250mL IV Bag,171.075,5,0.5,26.0579
2278,HC-2018-758160,8/15/2018,8/19/2018,Standard Class,RL-34356,Robert Lewis,Health System,United States,Chicago,Illinois,60601,Central,MS-S&-10000010,Medical Supplies,Syringes & Needles,BD 3mL Luer-Lok Syringe with 21G Needle,105.721,11,0.3,-8.0531
2279,HC-2017-847855,1/5/2017,1/7/2017,Second Class,EW-42018,Ethan Williams,Health System,United States,Nashville,Tennessee,37201,South,DE-IS-10000032,Diagnostic Equipment,Imaging Supplies,Medline X-Ray Film Processing Chemical Kit,615.024,8,0.1,200.3038
2280,HC-2018-395720,1/1/2018,1/8/2018,Standard Class,MS-88504,Mia Smith,Clinic,United States,Louisville,Kentucky,40201,South,DE-LS-10000036,Diagnostic Equipment,Lab Supplies,BD Vacutainer EDTA Blood Collection Tubes 10mL,337.47,7,0,79.8559
2281,HC-2017-931122,12/22/2017,12/26/2017,Standard Class,OG-99192,Olivia Garcia,Health System,United States,Louisville,Kentucky,40201,South,DE-IS-10000031,Diagnostic Equipment,Imaging Supplies,Parker Aquasonic 100 Ultrasound Transmission Gel,1079.28,6,0,357.6459
2282,HC-2017-913571,1/23/2017,1/28/2017,Standard Class,JW-45382,Joseph Wilson,Health System,United States,Houston,Texas,77001,South,DE-IS-10000030,Diagnostic Equipment,Imaging Supplies,Covidien Kendall Ultrasound Gel 8.5oz,1859.33,11,0,-235.1721
2283,HC-2018-834620,9/16/2018,9/18/2018,Second Class,AJ-26828,Ava Jones,Clinic,United States,Baltimore,Maryland,21201,East,MS-WC-10000004,Medical Supplies,Wound Care,Covidien Kendall Hydrogel Dressing 4x4in,199.76,8,0,42.4355
2284,HC-2017-736421,2/8/2017,2/14/2017,Standard Class,EJ-20561,Ethan Jackson,Health System,United States,San Francisco,California,94101,West,MS-S&-10000012,Medical Supplies,Syringes & Needles,Nipro 5mL Luer Slip Disposable Syringe,62.48,11,0.2,-8.4568
2285,HC-2018-919085,7/19/2018,7/20/2018,Same Day,AJ-26828,Ava Jones,Home Care,United States,Omaha,Nebraska,68101,Central,P-IS-10000047,Pharmaceutical,IV Solutions,B. Braun Lactated Ringer's Injection 1000mL,129.701,2,0.45,21.9205
2286,HC-2017-687569,2/26/2017,3/5/2017,Standard Class,WJ-55745,William Jones,Health System,United States,Birmingham,Alabama,35201,South,P-V&-10000053,Pharmaceutical,Vitamins & Supplements,Mason Natural Zinc 50mg Tablets 100ct,242.781,11,0.3,-10.8955
2287,HC-2018-204454,3/17/2018,3/19/2018,Second Class,SS-80702,Sarah Smith,Health System,United States,Atlanta,Georgia,30301,South,P-IS-10000045,Pharmaceutical,IV Solutions,Baxter 0.9% Sodium Chloride Injection 1000mL,480.095,14,0.45,-20.7454
2288,HC-2017-271632,6/4/2017,6/5/2017,Same Day,ST-42527,Sophia Thompson,Clinic,United States,Dallas,Texas,75201,South,DE-IS-10000031,Diagnostic Equipment,Imaging Supplies,Parker Aquasonic 100 Ultrasound Transmission Gel,927.08,11,0.2,317.2865
2289,HC-2017-434033,7/7/2017,7/15/2017,Standard Class,LL-22240,Lisa Lopez,Clinic,United States,Buffalo,New York,14201,East,P-OM-10000040,Pharmaceutical,OTC Medications,Tylenol Extra Strength Acetaminophen 500mg 100ct,318.934,14,0.45,46.3652
2290,HC-2018-944060,9/16/2018,9/21/2018,Second Class,MW-41029,Mia Walker,Health System,United States,Minneapolis,Minnesota,55401,Central,DE-LS-10000035,Diagnostic Equipment,Lab Supplies,Thermo Scientific Nunc CryoTube Vials 1.8mL 100pk,122.43,6,0.3,27.382
2291,HC-2016-614443,7/31/2016,8/4/2016,Second Class,KT-28373,Karen Thomas,Health System,United States,Philadelphia,Pennsylvania,19101,East,DE-IS-10000034,Diagnostic Equipment,Imaging Supplies,Carestream Health X-Omat Developer Solution,428.16,6,0.2,-49.2154
2292,HC-2018-127666,10/10/2018,10/14/2018,Second Class,JB-19862,James Brown,Clinic,United States,Chicago,Illinois,60601,Central,P-IS-10000046,Pharmaceutical,IV Solutions,Hospira 5% Dextrose Injection USP 500mL,646.998,11,0.4,-28.7668
2293,HC-2015-982372,10/20/2015,10/24/2015,Standard Class,MM-36772,Mia Martinez,Clinic,United States,Cleveland,Ohio,44101,Central,MS-B&-10000018,Medical Supplies,Bandages & Tape,Medline Non-Sterile Rolled Gauze 2in x 4.1yd,25.088,7,0.2,-5.1509
2294,HC-2018-306093,7/26/2018,8/1/2018,Standard Class,CB-19602,Charles Brown,Home Care,United States,Sacramento,California,95814,West,P-IS-10000045,Pharmaceutical,IV Solutions,Baxter 0.9% Sodium Chloride Injection 1000mL,102.64,8,0.5,-6.3331
2295,HC-2016-401912,12/27/2016,1/4/2017,Standard Class,EH-82667,Emma Hernandez,Clinic,United States,Nashville,Tennessee,37201,South,P-OM-10000044,Pharmaceutical,OTC Medications,Zyrtec Allergy 10mg Cetirizine Tablets 70ct,34.276,4,0.45,4.3069
2296,HC-2018-547838,11/7/2018,11/10/2018,Second Class,PG-83385,Patricia Gonzalez,Clinic,United States,New Orleans,Louisiana,70112,South,P-IS-10000049,Pharmaceutical,IV Solutions,Fresenius Kabi Sterile Water for Injection 1000mL,183.4,10,0.3,-5.6532
2297,HC-2018-119275,10/3/2018,10/8/2018,Standard Class,JW-43586,Joseph White,Home Care,United States,Pittsburgh,Pennsylvania,15201,East,MS-G&-10000008,Medical Supplies,Gloves & PPE,Cardinal Health Flexal Nitrile Exam Gloves XL,63.141,3,0.35,-14.2994
2298,HC-2015-769734,12/26/2015,12/30/2015,Second Class,PM-38569,Patricia Martin,Clinic,United States,Seattle,Washington,98101,West,DE-MD-10000020,Diagnostic Equipment,Monitoring Devices,Welch Allyn Connex Spot Monitor with SpO2,1495.176,3,0.2,-232.8946
2299,HC-2016-375951,6/22/2016,6/24/2016,Second Class,KM-86622,Karen Martinez,Home Care,United States,Memphis,Tennessee,38101,South,DE-IS-10000034,Diagnostic Equipment,Imaging Supplies,Carestream Health X-Omat Developer Solution,160.125,2,0.25,39.8739
2300,HC-2015-808769,11/12/2015,11/13/2015,Same Day,IG-33206,Isabella Garcia,Clinic,United States,Denver,Colorado,80201,West,P-IS-10000046,Pharmaceutical,IV Solutions,Hospira 5% Dextrose Injection USP 500mL,255.465,5,0.3,-11.4066
2301,HC-2016-570341,5/9/2016,5/13/2016,Standard Class,JM-82603,James Martin,Home Care,United States,New York,New York,10001,East,DE-TK-10000025,Diagnostic Equipment,Testing Kits,Abbott BinaxNOW COVID-19 Antigen Rapid Test 2-Pack,1703.255,10,0.05,-260.8053
2302,HC-2015-391421,11/21/2015,11/22/2015,Same Day,PW-57576,Patricia Walker,Health System,United States,New Orleans,Louisiana,70112,South,P-V&-10000052,Pharmaceutical,Vitamins & Supplements,Garden of Life Vitamin C Organic 60 Capsules,305.508,12,0.3,42.7181
2303,HC-2018-611278,9/25/2018,9/27/2018,First Class,JJ-40311,John Jones,Health System,United States,St. Louis,Missouri,63101,Central,DE-IS-10000033,Diagnostic Equipment,Imaging Supplies,3M Scotchcast Plus Fiberglass Casting Tape 2in,996.954,7,0.3,-235.972
2304,HC-2017-428724,2/16/2017,2/18/2017,First Class,AM-56025,Ava Martinez,Home Care,United States,Sacramento,California,95814,West,MS-S&-10000010,Medical Supplies,Syringes & Needles,BD 3mL Luer-Lok Syringe with 21G Needle,179.284,8,0.05,-20.9614
2305,HC-2015-694310,4/13/2015,4/17/2015,Second Class,RS-16175,Robert Sanchez,Clinic,United States,New York,New York,10001,East,MS-G&-10000009,Medical Supplies,Gloves & PPE,Dynarex SafeTouch Latex-Free Vinyl Gloves Medium,323.7,5,0,109.1978
2306,HC-2017-332802,7/23/2017,7/24/2017,Same Day,SH-51114,Susan Harris,Health System,United States,Seattle,Washington,98101,West,DE-IS-10000030,Diagnostic Equipment,Imaging Supplies,Covidien Kendall Ultrasound Gel 8.5oz,189.48,4,0,49.6069
2307,HC-2018-196079,9/17/2018,9/19/2018,First Class,KR-11934,Karen Ramirez,Health System,United States,San Francisco,California,94101,West,MS-B&-10000015,Medical Supplies,Bandages & Tape,3M Micropore Surgical Tape 1in x 10yd,178.368,12,0.2,-23.057
2308,HC-2017-323462,7/12/2017,7/13/2017,Same Day,NW-47196,Noah Williams,Clinic,United States,Dallas,Texas,75201,South,DE-TK-10000026,Diagnostic Equipment,Testing Kits,Roche Accu-Chek Guide Blood Glucose Meter Kit,863.744,8,0.3,299.4805
2309,HC-2015-746531,1/12/2015,1/14/2015,First Class,JJ-44099,Jennifer Johnson,Health System,United States,Atlanta,Georgia,30301,South,MS-G&-10000007,Medical Supplies,Gloves & PPE,Medline SensiCare Ice Blue Nitrile Gloves Small,11.754,1,0.1,-1.3785
2310,HC-2017-361673,2/19/2017,2/21/2017,First Class,CM-51467,Charles Moore,Home Care,United States,Charlotte,North Carolina,28201,South,DE-MD-10000022,Diagnostic Equipment,Monitoring Devices,Masimo Rad-8 Pulse Oximeter Tabletop Unit,1456.084,2,0.05,562.0631
2311,HC-2016-160941,11/25/2016,11/27/2016,First Class,NH-97900,Noah Harris,Home Care,United States,Columbus,Ohio,43004,East,MS-B&-10000018,Medical Supplies,Bandages & Tape,Medline Non-Sterile Rolled Gauze 2in x 4.1yd,43.186,4,0.35,15.4492
2312,HC-2018-595132,5/28/2018,6/1/2018,Second Class,IM-76244,Isabella Martinez,Health System,United States,Milwaukee,Wisconsin,53201,Central,DE-MD-10000022,Diagnostic Equipment,Monitoring Devices,Masimo Rad-8 Pulse Oximeter Tabletop Unit,1007.72,5,0.2,396.0167
2313,HC-2018-622864,11/18/2018,11/24/2018,Standard Class,NT-82063,Noah Taylor,Clinic,United States,Minneapolis,Minnesota,55401,Central,DE-MD-10000020,Diagnostic Equipment,Monitoring Devices,Welch Allyn Connex Spot Monitor with SpO2,1912.086,9,0.4,-288.9141
2314,HC-2018-520996,2/13/2018,2/18/2018,Second Class,NP-58944,Noah Perez,Health System,United States,Salt Lake City,Utah,84101,West,DE-LS-10000037,Diagnostic Equipment,Lab Supplies,Corning 50mL Polypropylene Centrifuge Tubes 25pk,541.0,5,0,198.452
2315,HC-2017-338373,4/8/2017,4/14/2017,Standard Class,JG-69470,Jessica Garcia,Health System,United States,Minneapolis,Minnesota,55401,Central,DE-LS-10000036,Diagnostic Equipment,Lab Supplies,BD Vacutainer EDTA Blood Collection Tubes 10mL,203.42,5,0.3,-33.318
2316,HC-2015-791499,10/20/2015,10/26/2015,Standard Class,AM-56025,Ava Martinez,Health System,United States,Houston,Texas,77001,South,P-OM-10000043,Pharmaceutical,OTC Medications,Pepcid AC Maximum Strength 20mg 50ct,23.4685,1,0.45,1.4108
2317,HC-2016-816356,3/26/2016,3/31/2016,Standard Class,IB-30033,Isabella Brown,Health System,United States,Hartford,Connecticut,6101,East,MS-S&-10000012,Medical Supplies,Syringes & Needles,Nipro 5mL Luer Slip Disposable Syringe,45.024,8,0.3,8.8566
2318,HC-2017-106256,6/4/2017,6/10/2017,Standard Class,RL-97670,Richard Lopez,Clinic,United States,Boston,Massachusetts,2101,East,MS-B&-10000018,Medical Supplies,Bandages & Tape,Medline Non-Sterile Rolled Gauze 2in x 4.1yd,37.512,3,0.2,8.8825
2319,HC-2017-237601,1/12/2017,1/17/2017,Second Class,JR-30861,Joseph Robinson,Health System,United States,Los Angeles,California,90001,West,P-OM-10000044,Pharmaceutical,OTC Medications,Zyrtec Allergy 10mg Cetirizine Tablets 70ct,421.421,13,0.3,51.3798
2320,HC-2015-752381,8/29/2015,9/1/2015,Second Class,ST-42527,Sophia Thompson,Home Care,United States,Salt Lake City,Utah,84101,West,DE-TK-10000026,Diagnostic Equipment,Testing Kits,Roche Accu-Chek Guide Blood Glucose Meter Kit,1077.426,14,0.15,433.4683
2321,HC-2018-947677,11/10/2018,11/15/2018,Standard Class,AR-31465,Ava Ramirez,Health System,United States,New York,New York,10001,East,DE-IS-10000033,Diagnostic Equipment,Imaging Supplies,3M Scotchcast Plus Fiberglass Casting Tape 2in,1967.589,13,0.1,-399.2389
2322,HC-2018-535097,1/9/2018,1/12/2018,Second Class,KT-28373,Karen Thomas,Health System,United States,Philadelphia,Pennsylvania,19101,East,MS-WC-10000004,Medical Supplies,Wound Care,Covidien Kendall Hydrogel Dressing 4x4in,83.91,3,0,23.3419
2323,HC-2018-749126,8/22/2018,8/27/2018,Second Class,KJ-58393,Karen Johnson,Home Care,United States,Denver,Colorado,80201,West,DE-MD-10000022,Diagnostic Equipment,Monitoring Devices,Masimo Rad-8 Pulse Oximeter Tabletop Unit,1469.684,8,0.15,-217.8985
2324,HC-2018-504499,12/15/2018,12/16/2018,Same Day,MJ-27342,Michael Jackson,Home Care,United States,San Francisco,California,94101,West,MS-G&-10000007,Medical Supplies,Gloves & PPE,Medline SensiCare Ice Blue Nitrile Gloves Small,339.864,14,0.15,96.075
2325,HC-2018-506019,6/21/2018,6/27/2018,Standard Class,LT-87236,Linda Thomas,Home Care,United States,Louisville,Kentucky,40201,South,P-IS-10000045,Pharmaceutical,IV Solutions,Baxter 0.9% Sodium Chloride Injection 1000mL,365.625,9,0.5,-34.3365
2326,HC-2017-893213,6/14/2017,6/19/2017,Standard Class,EA-54597,Emma Anderson,Health System,United States,Omaha,Nebraska,68101,Central,MS-S&-10000013,Medical Supplies,Syringes & Needles,Terumo 10mL Hypodermic Syringe with Needle,47.16,12,0.4,-4.5771
2327,HC-2017-593156,12/28/2017,12/30/2017,First Class,MJ-85914,Michael Johnson,Home Care,United States,Sacramento,California,95814,West,DE-MD-10000022,Diagnostic Equipment,Monitoring Devices,Masimo Rad-8 Pulse Oximeter Tabletop Unit,3234.465,10,0.05,1122.6521
2328,HC-2015-375655,4/29/2015,5/4/2015,Second Class,NW-98777,Noah Wilson,Home Care,United States,Philadelphia,Pennsylvania,19101,East,DE-MD-10000021,Diagnostic Equipment,Monitoring Devices,Nonin Onyx Vantage 9590 Finger Pulse Oximeter,1524.237,13,0.05,433.0789
2329,HC-2016-267681,11/3/2016,11/5/2016,Second Class,AM-56025,Ava Martinez,Health System,United States,Salt Lake City,Utah,84101,West,P-OM-10000044,Pharmaceutical,OTC Medications,Zyrtec Allergy 10mg Cetirizine Tablets 70ct,18.396,1,0.3,1.7436
2330,HC-2016-297688,1/12/2016,1/16/2016,Standard Class,NH-25014,Noah Harris,Home Care,United States,Portland,Oregon,97201,West,DE-TK-10000027,Diagnostic Equipment,Testing Kits,Quidel QuickVue Influenza A+B Test Kit 25ct,126.828,2,0.35,-23.403
2331,HC-2016-192057,12/8/2016,12/16/2016,Standard Class,ML-20745,Mary Lee,Home Care,United States,Boston,Massachusetts,2101,East,P-OM-10000042,Pharmaceutical,OTC Medications,Bayer Aspirin 325mg Enteric Coated 300ct,498.015,14,0.25,33.1343
2332,HC-2017-326774,10/5/2017,10/6/2017,Same Day,LL-24322,Liam Lopez,Clinic,United States,New Orleans,Louisiana,70112,South,MS-B&-10000018,Medical Supplies,Bandages & Tape,Medline Non-Sterile Rolled Gauze 2in x 4.1yd,39.27,3,0.3,-7.89
2333,HC-2018-286822,4/10/2018,4/15/2018,Second Class,IT-39154,Isabella Taylor,Home Care,United States,Birmingham,Alabama,35201,South,MS-WC-10000003,Medical Supplies,Wound Care,Smith & Nephew ALLEVYN Gentle Border Foam Dressing,225.471,6,0.15,49.5448
2334,HC-2017-243553,6/17/2017,6/22/2017,Standard Class,MP-75435,Michael Perez,Home Care,United States,Sacramento,California,95814,West,P-IS-10000049,Pharmaceutical,IV Solutions,Fresenius Kabi Sterile Water for Injection 1000mL,154.505,2,0.35,-10.2694
2335,HC-2018-188120,3/30/2018,4/3/2018,Second Class,LW-84847,Liam Walker,Clinic,United States,Milwaukee,Wisconsin,53201,Central,P-IS-10000047,Pharmaceutical,IV Solutions,B. Braun Lactated Ringer's Injection 1000mL,535.8,10,0.4,-21.1037
2336,HC-2015-660054,8/29/2015,9/2/2015,Standard Class,JL-18326,Jessica Lee,Clinic,United States,St. Louis,Missouri,63101,Central,DE-LS-10000038,Diagnostic Equipment,Lab Supplies,Globe Scientific Disposable Transfer Pipettes 3mL,271.628,4,0.3,-101.0269
2337,HC-2016-208679,7/29/2016,7/31/2016,First Class,BA-82845,Barbara Anderson,Clinic,United States,Newark,New Jersey,7101,East,P-V&-10000053,Pharmaceutical,Vitamins & Supplements,Mason Natural Zinc 50mg Tablets 100ct,19.608,3,0.2,2.5368
2338,HC-2017-549567,10/12/2017,10/16/2017,Second Class,WL-19099,William Lewis,Home Care,United States,Newark,New Jersey,7101,East,P-IS-10000048,Pharmaceutical,IV Solutions,ICU Medical Normal Saline 250mL IV Bag,124.852,8,0.35,12.5515
2339,HC-2017-609116,8/8/2017,8/15/2017,Standard Class,IH-17100,Isabella Harris,Health System,United States,Louisville,Kentucky,40201,South,MS-WC-10000004,Medical Supplies,Wound Care,Covidien Kendall Hydrogel Dressing 4x4in,109.98,3,0,23.9736
2340,HC-2018-479518,3/1/2018,3/4/2018,Second Class,JP-10726,John Perez,Clinic,United States,Los Angeles,California,90001,West,MS-B&-10000016,Medical Supplies,Bandages & Tape,Johnson & Johnson Elastikon Elastic Bandage 3in,49.52,10,0.2,-6.181
2341,HC-2016-701861,1/21/2016,1/29/2016,Standard Class,KS-61645,Karen Smith,Home Care,United States,Boston,Massachusetts,2101,East,DE-MD-10000020,Diagnostic Equipment,Monitoring Devices,Welch Allyn Connex Spot Monitor with SpO2,1888.9325,7,0.35,-429.0205
2342,HC-2015-124366,11/23/2015,11/26/2015,Second Class,WL-51904,William Lopez,Health System,United States,Nashville,Tennessee,37201,South,DE-MD-10000023,Diagnostic Equipment,Monitoring Devices,Omron HEM-7320 Upper Arm Blood Pressure Monitor,1405.176,3,0.2,-233.622
2343,HC-2018-747811,5/23/2018,5/25/2018,Second Class,LJ-23434,Linda Jones,Health System,United States,Miami,Florida,33101,South,P-IS-10000047,Pharmaceutical,IV Solutions,B. Braun Lactated Ringer's Injection 1000mL,226.413,9,0.45,28.2013
2344,HC-2017-505683,12/29/2017,1/2/2018,Second Class,LM-30032,Lisa Miller,Home Care,United States,Salt Lake City,Utah,84101,West,MS-G&-10000005,Medical Supplies,Gloves & PPE,Ansell TouchNTuff Nitrile Disposable Gloves Medium,220.5225,11,0.25,-28.0106
2345,HC-2018-766279,12/11/2018,12/15/2018,Standard Class,LW-25906,Linda Walker,Home Care,United States,Sacramento,California,95814,West,P-IS-10000046,Pharmaceutical,IV Solutions,Hospira 5% Dextrose Injection USP 500mL,378.135,9,0.5,46.2276
2346,HC-2016-610248,5/8/2016,5/13/2016,Second Class,SM-16658,Sarah Martinez,Health System,United States,Seattle,Washington,98101,West,P-V&-10000050,Pharmaceutical,Vitamins & Supplements,Nature's Bounty Vitamin D3 2000IU 240 Softgels,150.108,12,0.3,21.4463
2347,HC-2018-358213,10/1/2018,10/2/2018,Same Day,TW-79615,Thomas Walker,Home Care,United States,Pittsburgh,Pennsylvania,15201,East,MS-WC-10000003,Medical Supplies,Wound Care,Smith & Nephew ALLEVYN Gentle Border Foam Dressing,112.4805,3,0.15,25.3313
2348,HC-2016-561930,12/21/2016,12/28/2016,Standard Class,LS-83563,Lisa Smith,Health System,United States,Louisville,Kentucky,40201,South,P-IS-10000048,Pharmaceutical,IV Solutions,ICU Medical Normal Saline 250mL IV Bag,36.248,1,0.2,-1.3508
2349,HC-2016-983424,8/25/2016,9/2/2016,Standard Class,IM-76244,Isabella Martinez,Clinic,United States,Hartford,Connecticut,6101,East,DE-IS-10000031,Diagnostic Equipment,Imaging Supplies,Parker Aquasonic 100 Ultrasound Transmission Gel,477.792,6,0.2,186.7246
2350,HC-2016-585725,6/22/2016,6/29/2016,Standard Class,RM-69429,Richard Martinez,Clinic,United States,Atlanta,Georgia,30301,South,MS-G&-10000008,Medical Supplies,Gloves & PPE,Cardinal Health Flexal Nitrile Exam Gloves XL,220.55,5,0,58.8187
2351,HC-2015-684159,7/22/2015,7/27/2015,Standard Class,EJ-31579,Ethan Johnson,Clinic,United States,Salt Lake City,Utah,84101,West,DE-TK-10000026,Diagnostic Equipment,Testing Kits,Roche Accu-Chek Guide Blood Glucose Meter Kit,1566.5,13,0,-363.6127
2352,HC-2017-551652,12/10/2017,12/14/2017,Second Class,LL-96951,Lisa Lopez,Health System,United States,Buffalo,New York,14201,East,MS-WC-10000001,Medical Supplies,Wound Care,Medline Bordered Gauze Island Dressing 4x4in,115.182,6,0.1,-16.1534
2353,HC-2016-604407,10/1/2016,10/7/2016,Standard Class,PW-57576,Patricia Walker,Health System,United States,Omaha,Nebraska,68101,Central,MS-S&-10000010,Medical Supplies,Syringes & Needles,BD 3mL Luer-Lok Syringe with 21G Needle,19.071,1,0.1,6.2162
2354,HC-2015-106663,3/16/2015,3/24/2015,Standard Class,WW-37653,William Williams,Home Care,United States,Columbus,Ohio,43004,East,MS-WC-10000003,Medical Supplies,Wound Care,Smith & Nephew ALLEVYN Gentle Border Foam Dressing,236.355,14,0.25,70.5698
2355,HC-2016-995705,9/24/2016,9/28/2016,Standard Class,JT-86503,Jessica Thompson,Home Care,United States,Memphis,Tennessee,38101,South,DE-TK-10000028,Diagnostic Equipment,Testing Kits,BD Veritor System Flu A+B Analyzer,1253.161,14,0.35,438.8109
2356,HC-2016-159243,10/6/2016,10/14/2016,Standard Class,ST-63354,Sophia Taylor,Clinic,United States,Hartford,Connecticut,6101,East,DE-TK-10000026,Diagnostic Equipment,Testing Kits,Roche Accu-Chek Guide Blood Glucose Meter Kit,293.3,7,0,-45.0734
2357,HC-2017-526923,10/10/2017,10/14/2017,Standard Class,WC-10851,William Clark,Health System,United States,Richmond,Virginia,23218,East,DE-TK-10000026,Diagnostic Equipment,Testing Kits,Roche Accu-Chek Guide Blood Glucose Meter Kit,865.879,7,0.3,235.0403
2358,HC-2018-623331,10/7/2018,10/12/2018,Second Class,JT-91416,James Thomas,Home Care,United States,Charlotte,North Carolina,28201,South,DE-IS-10000030,Diagnostic Equipment,Imaging Supplies,Covidien Kendall Ultrasound Gel 8.5oz,319.0005,7,0.05,80.1943
2359,HC-2018-691166,12/6/2018,12/12/2018,Standard Class,IM-76244,Isabella Martinez,Clinic,United States,Albuquerque,New Mexico,87101,West,P-OM-10000040,Pharmaceutical,OTC Medications,Tylenol Extra Strength Acetaminophen 500mg 100ct,32.228,2,0.3,5.305
2360,HC-2017-863923,12/20/2017,12/22/2017,First Class,NW-51180,Noah White,Health System,United States,Dallas,Texas,75201,South,MS-WC-10000001,Medical Supplies,Wound Care,Medline Bordered Gauze Island Dressing 4x4in,74.904,3,0.2,-11.143
2361,HC-2018-461812,12/14/2018,12/19/2018,Standard Class,LJ-30374,Liam Jackson,Clinic,United States,Atlanta,Georgia,30301,South,P-IS-10000049,Pharmaceutical,IV Solutions,Fresenius Kabi Sterile Water for Injection 1000mL,251.44,8,0.5,36.4814
2362,HC-2015-321343,9/23/2015,9/29/2015,Standard Class,EM-18418,Emma Miller,Health System,United States,Cincinnati,Ohio,45201,Central,P-IS-10000045,Pharmaceutical,IV Solutions,Baxter 0.9% Sodium Chloride Injection 1000mL,38.145,1,0.5,-5.0205
2363,HC-2018-237504,2/18/2018,2/19/2018,Same Day,RL-18907,Robert Lee,Health System,United States,Boston,Massachusetts,2101,East,MS-G&-10000009,Medical Supplies,Gloves & PPE,Dynarex SafeTouch Latex-Free Vinyl Gloves Medium,98.928,6,0.2,-14.8232
2364,HC-2016-192897,1/4/2016,1/10/2016,Standard Class,OW-95426,Olivia Williams,Clinic,United States,Hartford,Connecticut,6101,East,DE-IS-10000031,Diagnostic Equipment,Imaging Supplies,Parker Aquasonic 100 Ultrasound Transmission Gel,476.226,6,0.1,138.132
2365,HC-2018-825380,8/25/2018,8/30/2018,Standard Class,ES-23970,Ethan Sanchez,Health System,United States,Detroit,Michigan,48201,Central,MS-WC-10000003,Medical Supplies,Wound Care,Smith & Nephew ALLEVYN Gentle Border Foam Dressing,142.452,4,0.1,52.422
2366,HC-2016-263626,5/3/2016,5/9/2016,Standard Class,JG-69470,Jessica Garcia,Health System,United States,Hartford,Connecticut,6101,East,P-OM-10000040,Pharmaceutical,OTC Medications,Tylenol Extra Strength Acetaminophen 500mg 100ct,380.926,13,0.3,38.5301
2367,HC-2017-154367,11/12/2017,11/17/2017,Second Class,JJ-42092,James Johnson,Clinic,United States,Denver,Colorado,80201,West,DE-MD-10000022,Diagnostic Equipment,Monitoring Devices,Masimo Rad-8 Pulse Oximeter Tabletop Unit,6299.76,8,0,2169.2796
2368,HC-2018-236316,7/31/2018,8/3/2018,Second Class,NA-56438,Noah Anderson,Home Care,United States,Phoenix,Arizona,85001,West,DE-IS-10000033,Diagnostic Equipment,Imaging Supplies,3M Scotchcast Plus Fiberglass Casting Tape 2in,703.222,13,0.15,239.9911
2369,HC-2015-271004,3/24/2015,3/31/2015,Standard Class,LT-82309,Liam Thomas,Clinic,United States,Newark,New Jersey,7101,East,P-V&-10000051,Pharmaceutical,Vitamins & Supplements,Centrum Silver Multivitamin Adults 50+ 250ct,238.35,10,0.3,23.9648
2370,HC-2017-574348,11/29/2017,12/1/2017,Second Class,SW-63964,Sophia Walker,Home Care,United States,Denver,Colorado,80201,West,P-V&-10000051,Pharmaceutical,Vitamins & Supplements,Centrum Silver Multivitamin Adults 50+ 250ct,137.1825,7,0.35,20.0983
2371,HC-2015-397858,7/26/2015,7/28/2015,First Class,LL-68008,Lisa Lopez,Health System,United States,Columbus,Ohio,43004,East,DE-LS-10000035,Diagnostic Equipment,Lab Supplies,Thermo Scientific Nunc CryoTube Vials 1.8mL 100pk,254.016,6,0.2,67.2574
2372,HC-2016-885844,4/11/2016,4/18/2016,Standard Class,JM-65108,John Miller,Home Care,United States,San Francisco,California,94101,West,MS-B&-10000018,Medical Supplies,Bandages & Tape,Medline Non-Sterile Rolled Gauze 2in x 4.1yd,11.001,1,0.05,2.2278
2373,HC-2015-468086,12/18/2015,12/26/2015,Standard Class,LJ-23434,Linda Jones,Health System,United States,Hartford,Connecticut,6101,East,MS-G&-10000007,Medical Supplies,Gloves & PPE,Medline SensiCare Ice Blue Nitrile Gloves Small,302.06,11,0,-42.8825
2374,HC-2016-278891,1/31/2016,2/5/2016,Standard Class,NP-94696,Noah Perez,Home Care,United States,St. Louis,Missouri,63101,Central,P-V&-10000053,Pharmaceutical,Vitamins & Supplements,Mason Natural Zinc 50mg Tablets 100ct,266.574,14,0.45,-15.1584
2375,HC-2016-271461,1/2/2016,1/8/2016,Standard Class,PG-83385,Patricia Gonzalez,Clinic,United States,Dallas,Texas,75201,South,P-IS-10000046,Pharmaceutical,IV Solutions,Hospira 5% Dextrose Injection USP 500mL,110.865,3,0.5,5.9221
2376,HC-2015-493853,7/18/2015,7/26/2015,Standard Class,MG-39389,Mary Gonzalez,Clinic,United States,Dallas,Texas,75201,South,P-IS-10000047,Pharmaceutical,IV Solutions,B. Braun Lactated Ringer's Injection 1000mL,584.55,10,0.5,58.4359
2377,HC-2018-995193,10/2/2018,10/5/2018,Second Class,MS-40784,Mason Sanchez,Home Care,United States,Seattle,Washington,98101,West,MS-B&-10000019,Medical Supplies,Bandages & Tape,Dukal Elastic Stretch Bandage 6in,102.476,11,0.15,19.6506
2378,HC-2018-574932,1/14/2018,1/16/2018,Second Class,JC-86019,Jessica Clark,Clinic,United States,Minneapolis,Minnesota,55401,Central,MS-WC-10000003,Medical Supplies,Wound Care,Smith & Nephew ALLEVYN Gentle Border Foam Dressing,38.052,2,0.1,8.9637
2379,HC-2018-906041,11/6/2018,11/8/2018,Second Class,OB-13278,Olivia Brown,Health System,United States,Nashville,Tennessee,37201,South,MS-WC-10000001,Medical Supplies,Wound Care,Medline Bordered Gauze Island Dressing 4x4in,135.06,6,0,36.5635
2380,HC-2017-602995,8/3/2017,8/5/2017,First Class,JJ-70901,Joseph Jones,Clinic,United States,Baltimore,Maryland,21201,East,DE-MD-10000020,Diagnostic Equipment,Monitoring Devices,Welch Allyn Connex Spot Monitor with SpO2,2146.48,7,0.2,611.5003
2381,HC-2015-767384,11/8/2015,11/12/2015,Second Class,JR-81810,Jessica Ramirez,Health System,United States,Philadelphia,Pennsylvania,19101,East,MS-B&-10000015,Medical Supplies,Bandages & Tape,3M Micropore Surgical Tape 1in x 10yd,302.26,14,0,-27.0898
2382,HC-2015-173716,1/26/2015,1/31/2015,Standard Class,KH-81582,Karen Harris,Home Care,United States,Los Angeles,California,90001,West,P-IS-10000046,Pharmaceutical,IV Solutions,Hospira 5% Dextrose Injection USP 500mL,38.94,1,0.5,3.8597
2383,HC-2015-554521,4/26/2015,4/28/2015,First Class,JD-19880,Joseph Davis,Clinic,United States,San Francisco,California,94101,West,DE-MD-10000022,Diagnostic Equipment,Monitoring Devices,Masimo Rad-8 Pulse Oximeter Tabletop Unit,2847.1,5,0,-416.6873
2384,HC-2017-695291,8/19/2017,8/23/2017,Standard Class,RW-22676,Robert Wilson,Health System,United States,Pittsburgh,Pennsylvania,15201,East,P-IS-10000045,Pharmaceutical,IV Solutions,Baxter 0.9% Sodium Chloride Injection 1000mL,206.1125,5,0.45,32.4754
2385,HC-2015-846743,11/3/2015,11/4/2015,Same Day,WH-89276,William Hernandez,Clinic,United States,Salt Lake City,Utah,84101,West,DE-LS-10000039,Diagnostic Equipment,Lab Supplies,Fisherbrand Microcentrifuge Tubes 1.5mL 500pk,644.49,9,0,174.7812
2386,HC-2017-626617,7/21/2017,7/29/2017,Standard Class,TW-79615,Thomas Walker,Health System,United States,Philadelphia,Pennsylvania,19101,East,MS-G&-10000005,Medical Supplies,Gloves & PPE,Ansell TouchNTuff Nitrile Disposable Gloves Medium,57.072,1,0.2,18.4118
2387,HC-2016-503328,10/26/2016,10/28/2016,First Class,KT-28373,Karen Thomas,Home Care,United States,Miami,Florida,33101,South,DE-TK-10000025,Diagnostic Equipment,Testing Kits,Abbott BinaxNOW COVID-19 Antigen Rapid Test 2-Pack,179.367,6,0.15,-33.2778
2388,HC-2015-771835,5/16/2015,5/22/2015,Standard Class,NR-80381,Noah Robinson,Health System,United States,Buffalo,New York,14201,East,MS-B&-10000015,Medical Supplies,Bandages & Tape,3M Micropore Surgical Tape 1in x 10yd,76.92,6,0,22.5822
2389,HC-2018-389163,6/5/2018,6/7/2018,Second Class,EA-54597,Emma Anderson,Home Care,United States,Sacramento,California,95814,West,DE-MD-10000022,Diagnostic Equipment,Monitoring Devices,Masimo Rad-8 Pulse Oximeter Tabletop Unit,2171.32,5,0.05,737.5649
2390,HC-2016-618535,12/11/2016,12/15/2016,Standard Class,MW-79822,Mason Williams,Clinic,United States,Baltimore,Maryland,21201,East,P-V&-10000050,Pharmaceutical,Vitamins & Supplements,Nature's Bounty Vitamin D3 2000IU 240 Softgels,479.904,12,0.2,62.8158
2391,HC-2017-423276,12/31/2017,1/5/2018,Second Class,EW-42018,Ethan Williams,Health System,United States,Newark,New Jersey,7101,East,MS-B&-10000018,Medical Supplies,Bandages & Tape,Medline Non-Sterile Rolled Gauze 2in x 4.1yd,156.03,7,0,-12.5177
2392,HC-2018-458913,11/3/2018,11/7/2018,Standard Class,AL-23396,Ava Lopez,Health System,United States,Salt Lake City,Utah,84101,West,P-V&-10000052,Pharmaceutical,Vitamins & Supplements,Garden of Life Vitamin C Organic 60 Capsules,125.12,5,0.2,-4.1611
2393,HC-2015-533718,12/28/2015,12/31/2015,Second Class,ES-85456,Emma Smith,Health System,United States,Charlotte,North Carolina,28201,South,MS-B&-10000017,Medical Supplies,Bandages & Tape,Covidien Curity Gauze Bandage Roll 4in,147.42,10,0.1,31.7859
2394,HC-2018-630637,11/6/2018,11/13/2018,Standard Class,ND-97416,Noah Davis,Clinic,United States,Dallas,Texas,75201,South,MS-G&-10000007,Medical Supplies,Gloves & PPE,Medline SensiCare Ice Blue Nitrile Gloves Small,171.2,10,0,33.6494
2395,HC-2017-157530,4/6/2017,4/9/2017,Second Class,JJ-83060,Joseph Johnson,Clinic,United States,Salt Lake City,Utah,84101,West,P-IS-10000049,Pharmaceutical,IV Solutions,Fresenius Kabi Sterile Water for Injection 1000mL,306.0695,11,0.45,35.4429
2396,HC-2017-764365,1/8/2017,1/12/2017,Second Class,RT-10772,Richard Taylor,Health System,United States,Phoenix,Arizona,85001,West,MS-WC-10000000,Medical Supplies,Wound Care,3M Tegaderm Transparent Film Dressing 4x4.75in,274.26,14,0,-45.3282
2397,HC-2015-593409,7/30/2015,8/5/2015,Standard Class,JA-71213,Jessica Anderson,Health System,United States,Baltimore,Maryland,21201,East,DE-MD-10000024,Diagnostic Equipment,Monitoring Devices,A&D Medical UA-767FAM Multi-User BP Monitor,6401.79,10,0.1,-687.4054
2398,HC-2016-874648,10/16/2016,10/17/2016,Same Day,JR-86484,Jessica Robinson,Clinic,United States,Nashville,Tennessee,37201,South,MS-S&-10000013,Medical Supplies,Syringes & Needles,Terumo 10mL Hypodermic Syringe with Needle,173.53,7,0,63.968
2399,HC-2018-908763,2/3/2018,2/6/2018,Second Class,JL-27146,James Lopez,Clinic,United States,New Orleans,Louisiana,70112,South,DE-MD-10000022,Diagnostic Equipment,Monitoring Devices,Masimo Rad-8 Pulse Oximeter Tabletop Unit,1751.76,3,0.2,698.0118
2400,HC-2018-124429,1/13/2018,1/19/2018,Standard Class,NH-39444,Noah Hernandez,Clinic,United States,Phoenix,Arizona,85001,West,DE-TK-10000027,Diagnostic Equipment,Testing Kits,Quidel QuickVue Influenza A+B Test Kit 25ct,1021.952,8,0.2,269.3019
2401,HC-2017-528624,12/8/2017,12/13/2017,Standard Class,WW-37653,William Williams,Home Care,United States,Denver,Colorado,80201,West,DE-IS-10000030,Diagnostic Equipment,Imaging Supplies,Covidien Kendall Ultrasound Gel 8.5oz,250.629,6,0.05,-39.1004
2402,HC-2016-718777,11/22/2016,11/24/2016,First Class,NM-77000,Noah Miller,Health System,United States,Boston,Massachusetts,2101,East,P-V&-10000053,Pharmaceutical,Vitamins & Supplements,Mason Natural Zinc 50mg Tablets 100ct,4.165,1,0.5,0.734
2403,HC-2018-986086,12/13/2018,12/21/2018,Standard Class,ST-42527,Sophia Thompson,Clinic,United States,Portland,Oregon,97201,West,MS-B&-10000018,Medical Supplies,Bandages & Tape,Medline Non-Sterile Rolled Gauze 2in x 4.1yd,48.35,5,0,9.8032
2404,HC-2017-971493,2/24/2017,2/26/2017,Second Class,NH-97900,Noah Harris,Clinic,United States,Indianapolis,Indiana,46201,Central,DE-IS-10000031,Diagnostic Equipment,Imaging Supplies,Parker Aquasonic 100 Ultrasound Transmission Gel,1227.226,11,0.3,364.8896
2405,HC-2017-734611,7/5/2017,7/9/2017,Standard Class,NA-56438,Noah Anderson,Clinic,United States,St. Louis,Missouri,63101,Central,P-IS-10000047,Pharmaceutical,IV Solutions,B. Braun Lactated Ringer's Injection 1000mL,95.97,7,0.5,7.2897
2406,HC-2015-835155,5/25/2015,5/26/2015,Same Day,SH-39831,Susan Hernandez,Clinic,United States,Phoenix,Arizona,85001,West,DE-MD-10000020,Diagnostic Equipment,Monitoring Devices,Welch Allyn Connex Spot Monitor with SpO2,3426.06,11,0,1188.142
2407,HC-2017-743302,2/10/2017,2/15/2017,Standard Class,OM-62386,Olivia Moore,Clinic,United States,Los Angeles,California,90001,West,DE-MD-10000021,Diagnostic Equipment,Monitoring Devices,Nonin Onyx Vantage 9590 Finger Pulse Oximeter,689.088,3,0.2,-134.678
2408,HC-2015-582753,1/4/2015,1/5/2015,Same Day,LM-42098,Liam Martinez,Home Care,United States,Seattle,Washington,98101,West,MS-S&-10000014,Medical Supplies,Syringes & Needles,BD Eclipse Safety Needle 25G 1in,70.83,4,0.25,18.4194
2409,HC-2017-240856,11/5/2017,11/6/2017,Same Day,JR-30861,Joseph Robinson,Health System,United States,Pittsburgh,Pennsylvania,15201,East,MS-G&-10000006,Medical Supplies,Gloves & PPE,Kimberly-Clark Purple Nitrile Exam Gloves Large,429.936,13,0.2,-55.4047
2410,HC-2017-157484,5/3/2017,5/7/2017,Standard Class,EJ-20561,Ethan Jackson,Clinic,United States,Boston,Massachusetts,2101,East,DE-TK-10000029,Diagnostic Equipment,Testing Kits,McKesson Blood Glucose Test Strips 100ct,1959.0,12,0,-269.5562
2411,HC-2017-168898,9/26/2017,10/1/2017,Standard Class,RW-22676,Robert Wilson,Clinic,United States,Dallas,Texas,75201,South,P-V&-10000053,Pharmaceutical,Vitamins & Supplements,Mason Natural Zinc 50mg Tablets 100ct,47.352,3,0.2,6.7591
2412,HC-2015-160043,8/3/2015,8/4/2015,Same Day,JG-46509,Jessica Garcia,Health System,United States,Pittsburgh,Pennsylvania,15201,East,MS-G&-10000005,Medical Supplies,Gloves & PPE,Ansell TouchNTuff Nitrile Disposable Gloves Medium,134.656,8,0.2,27.2901
2413,HC-2016-183209,9/23/2016,9/26/2016,Second Class,JD-83579,John Davis,Clinic,United States,Cleveland,Ohio,44101,Central,P-IS-10000049,Pharmaceutical,IV Solutions,Fresenius Kabi Sterile Water for Injection 1000mL,60.714,1,0.4,-3.2275
2414,HC-2016-460840,12/5/2016,12/9/2016,Standard Class,JT-97747,John Taylor,Health System,United States,Sacramento,California,95814,West,MS-WC-10000000,Medical Supplies,Wound Care,3M Tegaderm Transparent Film Dressing 4x4.75in,121.66,14,0,33.0838
2415,HC-2016-133542,10/25/2016,10/30/2016,Standard Class,LL-22240,Lisa Lopez,Health System,United States,Houston,Texas,77001,South,MS-WC-10000004,Medical Supplies,Wound Care,Covidien Kendall Hydrogel Dressing 4x4in,202.545,9,0.3,-24.086
2416,HC-2016-955597,9/30/2016,10/2/2016,First Class,RS-61173,Richard Smith,Home Care,United States,Boston,Massachusetts,2101,East,DE-MD-10000023,Diagnostic Equipment,Monitoring Devices,Omron HEM-7320 Upper Arm Blood Pressure Monitor,3848.336,8,0.05,874.5934
2417,HC-2017-339799,1/16/2017,1/23/2017,Standard Class,EL-63264,Ethan Lewis,Clinic,United States,Baltimore,Maryland,21201,East,MS-G&-10000007,Medical Supplies,Gloves & PPE,Medline SensiCare Ice Blue Nitrile Gloves Small,77.56,7,0.2,16.8692
2418,HC-2015-797871,3/15/2015,3/17/2015,First Class,SW-63964,Sophia Walker,Health System,United States,Cincinnati,Ohio,45201,Central,MS-S&-10000010,Medical Supplies,Syringes & Needles,BD 3mL Luer-Lok Syringe with 21G Needle,100.683,11,0.1,-7.4853
2419,HC-2015-535026,11/3/2015,11/7/2015,Second Class,JL-62743,Jessica Lopez,Health System,United States,Baltimore,Maryland,21201,East,DE-TK-10000026,Diagnostic Equipment,Testing Kits,Roche Accu-Chek Guide Blood Glucose Meter Kit,314.552,4,0.3,-56.0113
2420,HC-2017-129008,1/11/2017,1/13/2017,Second Class,MS-22280,Mary Smith,Health System,United States,Albuquerque,New Mexico,87101,West,P-IS-10000045,Pharmaceutical,IV Solutions,Baxter 0.9% Sodium Chloride Injection 1000mL,358.039,11,0.45,34.6852
2421,HC-2018-336085,12/31/2018,1/6/2019,Standard Class,EJ-64987,Emma Jackson,Home Care,United States,Los Angeles,California,90001,West,P-IS-10000047,Pharmaceutical,IV Solutions,B. Braun Lactated Ringer's Injection 1000mL,320.16,6,0.5,44.1236
2422,HC-2015-210268,5/1/2015,5/3/2015,Second Class,PG-83385,Patricia Gonzalez,Health System,United States,Houston,Texas,77001,South,P-V&-10000054,Pharmaceutical,Vitamins & Supplements,Nature Made Fish Oil 1200mg 200 Softgels,23.56,1,0.5,-0.7359
2423,HC-2016-596144,12/15/2016,12/16/2016,Same Day,CM-60328,Charles Miller,Home Care,United States,St. Louis,Missouri,63101,Central,P-IS-10000045,Pharmaceutical,IV Solutions,Baxter 0.9% Sodium Chloride Injection 1000mL,48.06,2,0.5,3.3995
2424,HC-2017-972021,11/21/2017,11/24/2017,Second Class,AR-59692,Ava Robinson,Health System,United States,Richmond,Virginia,23218,East,P-IS-10000046,Pharmaceutical,IV Solutions,Hospira 5% Dextrose Injection USP 500mL,11.561,1,0.45,2.0495
2425,HC-2016-220583,11/26/2016,11/30/2016,Standard Class,AA-38683,Ava Anderson,Clinic,United States,Atlanta,Georgia,30301,South,P-V&-10000053,Pharmaceutical,Vitamins & Supplements,Mason Natural Zinc 50mg Tablets 100ct,227.424,6,0.2,36.9045
2426,HC-2018-853820,4/3/2018,4/5/2018,Second Class,LR-32810,Liam Robinson,Home Care,United States,Birmingham,Alabama,35201,South,P-IS-10000047,Pharmaceutical,IV Solutions,B. Braun Lactated Ringer's Injection 1000mL,261.495,6,0.35,-7.0687
2427,HC-2018-267233,11/9/2018,11/14/2018,Second Class,ES-85456,Emma Smith,Health System,United States,Birmingham,Alabama,35201,South,DE-IS-10000030,Diagnostic Equipment,Imaging Supplies,Covidien Kendall Ultrasound Gel 8.5oz,343.8,2,0,124.4395
2428,HC-2017-113373,6/24/2017,6/26/2017,First Class,LM-49446,Lisa Martin,Clinic,United States,Seattle,Washington,98101,West,MS-G&-10000007,Medical Supplies,Gloves & PPE,Medline SensiCare Ice Blue Nitrile Gloves Small,141.3,6,0,44.1066
2429,HC-2016-463256,1/21/2016,1/26/2016,Second Class,JT-97747,John Taylor,Health System,United States,Cleveland,Ohio,44101,Central,DE-MD-10000023,Diagnostic Equipment,Monitoring Devices,Omron HEM-7320 Upper Arm Blood Pressure Monitor,4044.942,11,0.1,967.7238
2430,HC-2016-891824,12/19/2016,12/22/2016,Second Class,LL-24322,Liam Lopez,Clinic,United States,Miami,Florida,33101,South,P-V&-10000053,Pharmaceutical,Vitamins & Supplements,Mason Natural Zinc 50mg Tablets 100ct,37.367,2,0.45,-1.5979
2431,HC-2016-494289,12/25/2016,12/27/2016,Second Class,NM-83259,Noah Moore,Clinic,United States,Las Vegas,Nevada,89101,West,DE-LS-10000039,Diagnostic Equipment,Lab Supplies,Fisherbrand Microcentrifuge Tubes 1.5mL 500pk,705.18,7,0,201.8075
2432,HC-2018-473484,2/10/2018,2/16/2018,Standard Class,MW-79822,Mason Williams,Clinic,United States,Birmingham,Alabama,35201,South,DE-MD-10000024,Diagnostic Equipment,Monitoring Devices,A&D Medical UA-767FAM Multi-User BP Monitor,1371.792,3,0.2,420.2978
2433,HC-2015-247802,10/23/2015,10/29/2015,Standard Class,JB-19862,James Brown,Health System,United States,Atlanta,Georgia,30301,South,MS-G&-10000006,Medical Supplies,Gloves & PPE,Kimberly-Clark Purple Nitrile Exam Gloves Large,583.968,11,0.3,-75.9159
2434,HC-2017-304222,12/19/2017,12/27/2017,Standard Class,CJ-29410,Charles Jackson,Home Care,United States,New York,New York,10001,East,MS-B&-10000018,Medical Supplies,Bandages & Tape,Medline Non-Sterile Rolled Gauze 2in x 4.1yd,6.4575,1,0.25,2.0286
2435,HC-2015-930207,4/19/2015,4/21/2015,First Class,SW-41979,Sarah Wilson,Clinic,United States,New Orleans,Louisiana,70112,South,DE-TK-10000025,Diagnostic Equipment,Testing Kits,Abbott BinaxNOW COVID-19 Antigen Rapid Test 2-Pack,1266.76,11,0,464.7628
2436,HC-2015-465271,1/27/2015,1/29/2015,First Class,PR-27601,Patricia Robinson,Health System,United States,Hartford,Connecticut,6101,East,P-IS-10000045,Pharmaceutical,IV Solutions,Baxter 0.9% Sodium Chloride Injection 1000mL,734.79,10,0.3,-24.1424
2437,HC-2018-755288,2/5/2018,2/9/2018,Second Class,CM-60328,Charles Miller,Clinic,United States,San Francisco,California,94101,West,MS-B&-10000016,Medical Supplies,Bandages & Tape,Johnson & Johnson Elastikon Elastic Bandage 3in,77.88,4,0,25.1708
2438,HC-2016-901939,4/12/2016,4/14/2016,Second Class,TW-80575,Thomas Walker,Health System,United States,New York,New York,10001,East,DE-MD-10000022,Diagnostic Equipment,Monitoring Devices,Masimo Rad-8 Pulse Oximeter Tabletop Unit,676.24,4,0,-69.8525
2439,HC-2017-190019,3/24/2017,3/26/2017,First Class,JW-94246,James Williams,Health System,United States,Hartford,Connecticut,6101,East,P-V&-10000053,Pharmaceutical,Vitamins & Supplements,Mason Natural Zinc 50mg Tablets 100ct,28.2,6,0.5,-2.2257
2440,HC-2015-584962,1/16/2015,1/19/2015,Second Class,KT-28373,Karen Thomas,Health System,United States,Hartford,Connecticut,6101,East,MS-WC-10000000,Medical Supplies,Wound Care,3M Tegaderm Transparent Film Dressing 4x4.75in,25.696,2,0.2,9.7403
2441,HC-2016-168555,8/11/2016,8/15/2016,Standard Class,JG-69470,Jessica Garcia,Health System,United States,Newark,New Jersey,7101,East,MS-S&-10000013,Medical Supplies,Syringes & Needles,Terumo 10mL Hypodermic Syringe with Needle,43.62,3,0,11.7358
2442,HC-2016-303417,10/1/2016,10/3/2016,First Class,NH-39444,Noah Hernandez,Home Care,United States,Buffalo,New York,14201,East,MS-WC-10000003,Medical Supplies,Wound Care,Smith & Nephew ALLEVYN Gentle Border Foam Dressing,121.23,6,0.25,-10.4367
2443,HC-2016-334454,4/18/2016,4/26/2016,Standard Class,JT-86503,Jessica Thompson,Home Care,United States,Cleveland,Ohio,44101,Central,P-OM-10000040,Pharmaceutical,OTC Medications,Tylenol Extra Strength Acetaminophen 500mg 100ct,80.3385,9,0.45,8.9666
2444,HC-2017-887538,6/6/2017,6/12/2017,Standard Class,LT-80284,Liam Thomas,Clinic,United States,Cleveland,Ohio,44101,Central,P-OM-10000042,Pharmaceutical,OTC Medications,Bayer Aspirin 325mg Enteric Coated 300ct,84.77,7,0.5,-3.7636
2445,HC-2017-975035,6/4/2017,6/9/2017,Second Class,JC-86019,Jessica Clark,Clinic,United States,Cleveland,Ohio,44101,Central,MS-WC-10000002,Medical Supplies,Wound Care,Dynarex Non-Adherent Sterile Dressing Pads 3x4in,311.796,12,0.1,88.3181
2446,HC-2017-925349,12/1/2017,12/5/2017,Second Class,SH-61116,Susan Hernandez,Clinic,United States,New York,New York,10001,East,P-OM-10000042,Pharmaceutical,OTC Medications,Bayer Aspirin 325mg Enteric Coated 300ct,232.199,11,0.45,-8.1
2447,HC-2017-780500,9/4/2017,9/12/2017,Standard Class,LW-25906,Linda Walker,Home Care,United States,Baltimore,Maryland,21201,East,MS-G&-10000008,Medical Supplies,Gloves & PPE,Cardinal Health Flexal Nitrile Exam Gloves XL,653.9325,13,0.25,131.2135
2448,HC-2017-192665,1/15/2017,1/18/2017,Second Class,JB-42493,Joseph Brown,Health System,United States,Newark,New Jersey,7101,East,MS-B&-10000018,Medical Supplies,Bandages & Tape,Medline Non-Sterile Rolled Gauze 2in x 4.1yd,4.264,1,0.2,-0.5826
2449,HC-2016-595008,9/28/2016,10/5/2016,Standard Class,LS-83563,Lisa Smith,Clinic,United States,Louisville,Kentucky,40201,South,MS-B&-10000017,Medical Supplies,Bandages & Tape,Covidien Curity Gauze Bandage Roll 4in,30.3,2,0,7.5053
2450,HC-2015-444913,6/2/2015,6/9/2015,Standard Class,LG-71261,Liam Garcia,Clinic,United States,Baltimore,Maryland,21201,East,P-V&-10000051,Pharmaceutical,Vitamins & Supplements,Centrum Silver Multivitamin Adults 50+ 250ct,26.1525,1,0.45,4.3429
2451,HC-2017-718723,11/24/2017,11/29/2017,Standard Class,EH-82667,Emma Hernandez,Home Care,United States,Baltimore,Maryland,21201,East,P-V&-10000051,Pharmaceutical,Vitamins & Supplements,Centrum Silver Multivitamin Adults 50+ 250ct,177.45,13,0.25,18.992
2452,HC-2017-957313,11/13/2017,11/15/2017,First Class,AH-20458,Ava Hernandez,Health System,United States,Phoenix,Arizona,85001,West,P-IS-10000048,Pharmaceutical,IV Solutions,ICU Medical Normal Saline 250mL IV Bag,82.775,2,0.45,-2.8583
2453,HC-2015-398810,1/2/2015,1/6/2015,Standard Class,TS-33416,Thomas Sanchez,Clinic,United States,Indianapolis,Indiana,46201,Central,P-IS-10000047,Pharmaceutical,IV Solutions,B. Braun Lactated Ringer's Injection 1000mL,295.596,7,0.4,-27.6884
2454,HC-2018-837670,2/13/2018,2/16/2018,Second Class,AC-30926,Ava Clark,Home Care,United States,Hartford,Connecticut,6101,East,DE-TK-10000029,Diagnostic Equipment,Testing Kits,McKesson Blood Glucose Test Strips 100ct,1680.151,11,0.05,584.9016
2455,HC-2018-775719,4/7/2018,4/13/2018,Standard Class,MM-72493,Mary Martin,Clinic,United States,New Orleans,Louisiana,70112,South,MS-B&-10000018,Medical Supplies,Bandages & Tape,Medline Non-Sterile Rolled Gauze 2in x 4.1yd,75.392,4,0.2,17.2887
2456,HC-2017-690199,11/4/2017,11/9/2017,Second Class,SW-63964,Sophia Walker,Home Care,United States,Salt Lake City,Utah,84101,West,MS-S&-10000012,Medical Supplies,Syringes & Needles,Nipro 5mL Luer Slip Disposable Syringe,117.2395,7,0.05,-20.1988
2457,HC-2018-381724,11/30/2018,12/3/2018,Second Class,TW-23947,Thomas Walker,Health System,United States,Buffalo,New York,14201,East,DE-IS-10000030,Diagnostic Equipment,Imaging Supplies,Covidien Kendall Ultrasound Gel 8.5oz,687.274,14,0.3,204.7991
2458,HC-2015-517295,11/15/2015,11/23/2015,Standard Class,JW-45382,Joseph Wilson,Clinic,United States,Sacramento,California,95814,West,MS-WC-10000001,Medical Supplies,Wound Care,Medline Bordered Gauze Island Dressing 4x4in,169.47,7,0,-33.8409
2459,HC-2016-558273,8/20/2016,8/22/2016,First Class,AJ-26828,Ava Jones,Health System,United States,Nashville,Tennessee,37201,South,P-V&-10000050,Pharmaceutical,Vitamins & Supplements,Nature's Bounty Vitamin D3 2000IU 240 Softgels,144.697,7,0.3,23.3853
2460,HC-2017-811371,12/9/2017,12/11/2017,First Class,IH-17100,Isabella Harris,Health System,United States,Cleveland,Ohio,44101,Central,MS-G&-10000006,Medical Supplies,Gloves & PPE,Kimberly-Clark Purple Nitrile Exam Gloves Large,48.897,1,0.1,15.4148
2461,HC-2016-646756,1/7/2016,1/12/2016,Second Class,JT-82692,James Thompson,Health System,United States,Portland,Oregon,97201,West,DE-TK-10000026,Diagnostic Equipment,Testing Kits,Roche Accu-Chek Guide Blood Glucose Meter Kit,88.848,1,0.2,-14.2625
2462,HC-2015-221422,1/7/2015,1/13/2015,Standard Class,JT-91416,James Thomas,Clinic,United States,Albuquerque,New Mexico,87101,West,MS-B&-10000015,Medical Supplies,Bandages & Tape,3M Micropore Surgical Tape 1in x 10yd,219.888,12,0.1,80.3958
2463,HC-2018-494898,9/13/2018,9/14/2018,Same Day,SH-39831,Susan Hernandez,Health System,United States,Phoenix,Arizona,85001,West,P-IS-10000049,Pharmaceutical,IV Solutions,Fresenius Kabi Sterile Water for Injection 1000mL,40.796,2,0.3,-1.3041
2464,HC-2016-381355,11/3/2016,11/5/2016,First Class,WT-73624,William Thompson,Health System,United States,Los Angeles,California,90001,West,MS-B&-10000015,Medical Supplies,Bandages & Tape,3M Micropore Surgical Tape 1in x 10yd,33.124,4,0.3,9.4396
2465,HC-2018-638856,7/13/2018,7/21/2018,Standard Class,NH-25014,Noah Harris,Clinic,United States,Los Angeles,California,90001,West,DE-IS-10000034,Diagnostic Equipment,Imaging Supplies,Carestream Health X-Omat Developer Solution,761.55,5,0,211.5778
2466,HC-2016-226814,1/31/2016,2/4/2016,Second Class,EM-33405,Ethan Martinez,Health System,United States,Portland,Oregon,97201,West,P-OM-10000043,Pharmaceutical,OTC Medications,Pepcid AC Maximum Strength 20mg 50ct,398.076,14,0.3,-32.2786
2467,HC-2016-446406,8/19/2016,8/20/2016,Same Day,MM-15778,Mason Martinez,Health System,United States,Miami,Florida,33101,South,DE-MD-10000020,Diagnostic Equipment,Monitoring Devices,Welch Allyn Connex Spot Monitor with SpO2,2650.644,6,0.1,-473.0959
2468,HC-2017-307706,9/20/2017,9/25/2017,Second Class,IR-64921,Isabella Robinson,Health System,United States,Milwaukee,Wisconsin,53201,Central,DE-MD-10000022,Diagnostic Equipment,Monitoring Devices,Masimo Rad-8 Pulse Oximeter Tabletop Unit,2400.138,13,0.1,664.751
2469,HC-2018-602729,5/26/2018,5/31/2018,Standard Class,OM-62386,Olivia Moore,Health System,United States,Philadelphia,Pennsylvania,19101,East,MS-B&-10000015,Medical Supplies,Bandages & Tape,3M Micropore Surgical Tape 1in x 10yd,131.04,8,0,-12.8779
2470,HC-2015-412621,9/28/2015,10/4/2015,Standard Class,JT-94607,John Thompson,Clinic,United States,Philadelphia,Pennsylvania,19101,East,MS-G&-10000008,Medical Supplies,Gloves & PPE,Cardinal Health Flexal Nitrile Exam Gloves XL,497.88,8,0.1,146.5185
2471,HC-2017-644590,3/3/2017,3/11/2017,Standard Class,RM-65302,Robert Martin,Health System,United States,Columbus,Ohio,43004,East,DE-LS-10000036,Diagnostic Equipment,Lab Supplies,BD Vacutainer EDTA Blood Collection Tubes 10mL,148.62,2,0,36.3287
2472,HC-2016-589123,10/24/2016,11/1/2016,Standard Class,NL-40828,Noah Lewis,Clinic,United States,Nashville,Tennessee,37201,South,DE-TK-10000028,Diagnostic Equipment,Testing Kits,BD Veritor System Flu A+B Analyzer,99.78,3,0,27.9415
2473,HC-2015-676304,11/5/2015,11/13/2015,Standard Class,IL-65461,Isabella Lee,Home Care,United States,Salt Lake City,Utah,84101,West,DE-IS-10000030,Diagnostic Equipment,Imaging Supplies,Covidien Kendall Ultrasound Gel 8.5oz,169.52,2,0.35,-34.8596
2474,HC-2016-808800,5/4/2016,5/6/2016,Second Class,KL-11504,Karen Lewis,Home Care,United States,Albuquerque,New Mexico,87101,West,MS-S&-10000014,Medical Supplies,Syringes & Needles,BD Eclipse Safety Needle 25G 1in,132.012,8,0.05,-18.9109
2475,HC-2017-978207,1/3/2017,1/6/2017,Second Class,NH-39444,Noah Hernandez,Health System,United States,Richmond,Virginia,23218,East,P-IS-10000047,Pharmaceutical,IV Solutions,B. Braun Lactated Ringer's Injection 1000mL,885.612,13,0.3,-21.9486
2476,HC-2017-343723,9/14/2017,9/21/2017,Standard Class,EA-10221,Emma Anderson,Health System,United States,Newark,New Jersey,7101,East,MS-B&-10000016,Medical Supplies,Bandages & Tape,Johnson & Johnson Elastikon Elastic Bandage 3in,41.22,2,0,7.5049
2477,HC-2017-948466,4/19/2017,4/25/2017,Standard Class,WG-24168,William Garcia,Health System,United States,Nashville,Tennessee,37201,South,DE-LS-10000038,Diagnostic Equipment,Lab Supplies,Globe Scientific Disposable Transfer Pipettes 3mL,109.08,6,0,32.5963
2478,HC-2018-783828,2/27/2018,3/2/2018,Second Class,LG-71261,Liam Garcia,Health System,United States,Buffalo,New York,14201,East,MS-WC-10000001,Medical Supplies,Wound Care,Medline Bordered Gauze Island Dressing 4x4in,399.7,10,0,-86.1785
2479,HC-2015-763732,12/1/2015,12/3/2015,First Class,KM-76307,Karen Miller,Health System,United States,San Francisco,California,94101,West,DE-LS-10000039,Diagnostic Equipment,Lab Supplies,Fisherbrand Microcentrifuge Tubes 1.5mL 500pk,334.656,7,0.2,76.2633
2480,HC-2018-228797,5/16/2018,5/18/2018,Second Class,MM-36772,Mia Martinez,Health System,United States,Nashville,Tennessee,37201,South,DE-LS-10000037,Diagnostic Equipment,Lab Supplies,Corning 50mL Polypropylene Centrifuge Tubes 25pk,275.88,5,0.2,-41.9674
2481,HC-2015-262202,12/24/2015,12/26/2015,First Class,WH-89276,William Hernandez,Health System,United States,Charlotte,North Carolina,28201,South,MS-WC-10000004,Medical Supplies,Wound Care,Covidien Kendall Hydrogel Dressing 4x4in,232.83,13,0,-25.1037
2482,HC-2015-395008,6/21/2015,6/23/2015,First Class,IB-49363,Isabella Brown,Health System,United States,Milwaukee,Wisconsin,53201,Central,MS-WC-10000001,Medical Supplies,Wound Care,Medline Bordered Gauze Island Dressing 4x4in,48.96,5,0.1,-6.0174
2483,HC-2018-395114,9/30/2018,10/5/2018,Standard Class,SW-63964,Sophia Walker,Health System,United States,New Orleans,Louisiana,70112,South,DE-MD-10000021,Diagnostic Equipment,Monitoring Devices,Nonin Onyx Vantage 9590 Finger Pulse Oximeter,9856.6,13,0,-1561.7367
2484,HC-2017-747655,4/22/2017,4/26/2017,Second Class,JA-53369,Jessica Anderson,Home Care,United States,Boston,Massachusetts,2101,East,MS-WC-10000002,Medical Supplies,Wound Care,Dynarex Non-Adherent Sterile Dressing Pads 3x4in,440.895,14,0.05,165.96
2485,HC-2018-945260,8/4/2018,8/9/2018,Second Class,JM-65108,John Miller,Clinic,United States,Newark,New Jersey,7101,East,P-V&-10000050,Pharmaceutical,Vitamins & Supplements,Nature's Bounty Vitamin D3 2000IU 240 Softgels,181.755,9,0.3,-16.5414
2486,HC-2015-119352,5/30/2015,6/6/2015,Standard Class,IM-76244,Isabella Martinez,Health System,United States,Columbus,Ohio,43004,East,DE-TK-10000027,Diagnostic Equipment,Testing Kits,Quidel QuickVue Influenza A+B Test Kit 25ct,158.544,6,0.2,64.4884
2487,HC-2015-908766,6/9/2015,6/16/2015,Standard Class,PG-83385,Patricia Gonzalez,Home Care,United States,Birmingham,Alabama,35201,South,P-IS-10000046,Pharmaceutical,IV Solutions,Hospira 5% Dextrose Injection USP 500mL,163.644,3,0.35,25.0028
2488,HC-2015-974434,9/1/2015,9/5/2015,Second Class,CM-51467,Charles Moore,Clinic,United States,Omaha,Nebraska,68101,Central,MS-WC-10000002,Medical Supplies,Wound Care,Dynarex Non-Adherent Sterile Dressing Pads 3x4in,15.66,1,0.1,4.6493
2489,HC-2016-817792,3/7/2016,3/14/2016,Standard Class,BG-15229,Barbara Gonzalez,Health System,United States,Baltimore,Maryland,21201,East,MS-WC-10000000,Medical Supplies,Wound Care,3M Tegaderm Transparent Film Dressing 4x4.75in,67.52,5,0.2,22.0269
2490,HC-2016-841195,1/17/2016,1/22/2016,Second Class,RL-15075,Richard Lewis,Clinic,United States,Charlotte,North Carolina,28201,South,DE-LS-10000036,Diagnostic Equipment,Lab Supplies,BD Vacutainer EDTA Blood Collection Tubes 10mL,433.0,5,0.2,-55.3487
2491,HC-2016-317601,12/7/2016,12/12/2016,Standard Class,WJ-55745,William Jones,Clinic,United States,Columbus,Ohio,43004,East,MS-WC-10000004,Medical Supplies,Wound Care,Covidien Kendall Hydrogel Dressing 4x4in,53.184,2,0.2,14.9403
2492,HC-2015-643615,1/31/2015,2/5/2015,Standard Class,TT-92960,Thomas Thompson,Health System,United States,Newark,New Jersey,7101,East,MS-WC-10000000,Medical Supplies,Wound Care,3M Tegaderm Transparent Film Dressing 4x4.75in,232.875,9,0.1,-47.8872
2493,HC-2018-801826,10/25/2018,11/1/2018,Standard Class,AJ-26828,Ava Jones,Home Care,United States,Richmond,Virginia,23218,East,DE-LS-10000038,Diagnostic Equipment,Lab Supplies,Globe Scientific Disposable Transfer Pipettes 3mL,58.406,4,0.05,-10.8461
2494,HC-2016-609227,12/31/2016,1/2/2017,First Class,SL-55082,Susan Lewis,Clinic,United States,Los Angeles,California,90001,West,DE-TK-10000025,Diagnostic Equipment,Testing Kits,Abbott BinaxNOW COVID-19 Antigen Rapid Test 2-Pack,666.328,13,0.2,-107.2101
2495,HC-2016-299379,8/11/2016,8/16/2016,Second Class,AS-78327,Ava Sanchez,Clinic,United States,Detroit,Michigan,48201,Central,P-OM-10000040,Pharmaceutical,OTC Medications,Tylenol Extra Strength Acetaminophen 500mg 100ct,115.17,11,0.4,-18.1059
2496,HC-2017-226660,9/5/2017,9/10/2017,Second Class,OB-13278,Olivia Brown,Clinic,United States,Omaha,Nebraska,68101,Central,MS-G&-10000005,Medical Supplies,Gloves & PPE,Ansell TouchNTuff Nitrile Disposable Gloves Medium,660.4,13,0.2,183.3663
2497,HC-2018-535273,8/22/2018,8/27/2018,Standard Class,CM-15014,Charles Martinez,Home Care,United States,Minneapolis,Minnesota,55401,Central,P-IS-10000047,Pharmaceutical,IV Solutions,B. Braun Lactated Ringer's Injection 1000mL,34.17,1,0.5,-4.2544
2498,HC-2016-178889,11/30/2016,12/2/2016,Second Class,LJ-23434,Linda Jones,Health System,United States,Miami,Florida,33101,South,P-IS-10000045,Pharmaceutical,IV Solutions,Baxter 0.9% Sodium Chloride Injection 1000mL,526.365,9,0.3,32.5163
2499,HC-2017-676548,10/5/2017,10/7/2017,First Class,LT-80284,Liam Thomas,Health System,United States,Pittsburgh,Pennsylvania,15201,East,DE-MD-10000022,Diagnostic Equipment,Monitoring Devices,Masimo Rad-8 Pulse Oximeter Tabletop Unit,2640.176,14,0.2,-282.0006
2500,HC-2017-221300,10/2/2017,10/6/2017,Second Class,JJ-83060,Joseph Johnson,Home Care,United States,Detroit,Michigan,48201,Central,MS-B&-10000015,Medical Supplies,Bandages & Tape,3M Micropore Surgical Tape 1in x 10yd,15.4575,1,0.25,4.1866
2501,HC-2018-628254,6/20/2018,6/22/2018,Second Class,EA-54597,Emma Anderson,Home Care,United States,Atlanta,Georgia,30301,South,P-IS-10000048,Pharmaceutical,IV Solutions,ICU Medical Normal Saline 250mL IV Bag,574.49,14,0.5,32.1963
2502,HC-2018-760387,9/4/2018,9/8/2018,Second Class,LG-71261,Liam Garcia,Clinic,United States,New Orleans,Louisiana,70112,South,DE-LS-10000037,Diagnostic Equipment,Lab Supplies,Corning 50mL Polypropylene Centrifuge Tubes 25pk,62.24,1,0,23.7204
2503,HC-2016-958091,10/17/2016,10/24/2016,Standard Class,LT-87236,Linda Thomas,Home Care,United States,Minneapolis,Minnesota,55401,Central,P-V&-10000054,Pharmaceutical,Vitamins & Supplements,Nature Made Fish Oil 1200mg 200 Softgels,178.915,11,0.5,-11.2502
2504,HC-2018-980184,1/10/2018,1/15/2018,Standard Class,MT-93130,Michael Thompson,Health System,United States,Newark,New Jersey,7101,East,MS-G&-10000007,Medical Supplies,Gloves & PPE,Medline SensiCare Ice Blue Nitrile Gloves Small,71.63,1,0,-12.9954
2505,HC-2015-466491,12/23/2015,12/27/2015,Standard Class,ES-23970,Ethan Sanchez,Home Care,United States,New Orleans,Louisiana,70112,South,DE-IS-10000033,Diagnostic Equipment,Imaging Supplies,3M Scotchcast Plus Fiberglass Casting Tape 2in,1037.3025,13,0.25,-155.6633
2506,HC-2016-155257,3/7/2016,3/14/2016,Standard Class,NA-56438,Noah Anderson,Home Care,United States,Kansas City,Missouri,64101,Central,MS-S&-10000014,Medical Supplies,Syringes & Needles,BD Eclipse Safety Needle 25G 1in,40.04,8,0.45,-5.951
2507,HC-2018-848139,11/4/2018,11/6/2018,Second Class,KT-64496,Karen Thomas,Clinic,United States,Los Angeles,California,90001,West,DE-MD-10000020,Diagnostic Equipment,Monitoring Devices,Welch Allyn Connex Spot Monitor with SpO2,1198.512,6,0.2,268.634
2508,HC-2015-836486,5/4/2015,5/11/2015,Standard Class,OG-99192,Olivia Garcia,Health System,United States,Dallas,Texas,75201,South,DE-MD-10000020,Diagnostic Equipment,Monitoring Devices,Welch Allyn Connex Spot Monitor with SpO2,784.616,2,0.3,-110.443
2509,HC-2015-573956,9/21/2015,9/26/2015,Second Class,MD-76237,Michael Davis,Health System,United States,Memphis,Tennessee,38101,South,MS-B&-10000019,Medical Supplies,Bandages & Tape,Dukal Elastic Stretch Bandage 6in,124.938,11,0.1,29.3378
2510,HC-2015-300729,7/26/2015,7/28/2015,First Class,EW-29536,Ethan White,Clinic,United States,St. Louis,Missouri,63101,Central,P-IS-10000047,Pharmaceutical,IV Solutions,B. Braun Lactated Ringer's Injection 1000mL,423.72,6,0.4,-18.5958
2511,HC-2018-788481,3/18/2018,3/22/2018,Standard Class,LL-17492,Liam Lopez,Home Care,United States,Atlanta,Georgia,30301,South,DE-MD-10000020,Diagnostic Equipment,Monitoring Devices,Welch Allyn Connex Spot Monitor with SpO2,3724.722,12,0.05,1476.3645
2512,HC-2018-863777,12/30/2018,1/4/2019,Second Class,WL-19099,William Lewis,Clinic,United States,Seattle,Washington,98101,West,P-V&-10000051,Pharmaceutical,Vitamins & Supplements,Centrum Silver Multivitamin Adults 50+ 250ct,9.744,1,0.3,-0.442
2513,HC-2015-820055,11/6/2015,11/10/2015,Standard Class,EG-37535,Ethan Gonzalez,Home Care,United States,Sacramento,California,95814,West,P-V&-10000051,Pharmaceutical,Vitamins & Supplements,Centrum Silver Multivitamin Adults 50+ 250ct,149.227,13,0.35,9.2389
2514,HC-2015-128009,2/5/2015,2/11/2015,Standard Class,MJ-27342,Michael Jackson,Health System,United States,Buffalo,New York,14201,East,P-V&-10000050,Pharmaceutical,Vitamins & Supplements,Nature's Bounty Vitamin D3 2000IU 240 Softgels,25.036,2,0.45,1.9531
2515,HC-2016-398188,2/24/2016,3/3/2016,Standard Class,LL-17492,Liam Lopez,Clinic,United States,Sacramento,California,95814,West,DE-TK-10000027,Diagnostic Equipment,Testing Kits,Quidel QuickVue Influenza A+B Test Kit 25ct,824.15,5,0,-118.9303
2516,HC-2017-416063,3/4/2017,3/6/2017,First Class,WT-20155,William Thomas,Health System,United States,Birmingham,Alabama,35201,South,MS-G&-10000006,Medical Supplies,Gloves & PPE,Kimberly-Clark Purple Nitrile Exam Gloves Large,123.456,4,0.2,-11.8699
2517,HC-2015-687360,2/19/2015,2/20/2015,Same Day,EH-62296,Emma Hernandez,Health System,United States,Minneapolis,Minnesota,55401,Central,P-V&-10000050,Pharmaceutical,Vitamins & Supplements,Nature's Bounty Vitamin D3 2000IU 240 Softgels,94.11,6,0.5,-5.7464
2518,HC-2016-521975,4/2/2016,4/3/2016,Same Day,PL-66959,Patricia Lee,Home Care,United States,Louisville,Kentucky,40201,South,MS-S&-10000010,Medical Supplies,Syringes & Needles,BD 3mL Luer-Lok Syringe with 21G Needle,17.1,2,0.25,4.5907
2519,HC-2017-899582,8/15/2017,8/21/2017,Standard Class,EA-83519,Emma Anderson,Health System,United States,Sacramento,California,95814,West,MS-B&-10000019,Medical Supplies,Bandages & Tape,Dukal Elastic Stretch Bandage 6in,61.92,8,0,12.0391
2520,HC-2016-107450,5/21/2016,5/27/2016,Standard Class,OM-31178,Olivia Martinez,Health System,United States,Memphis,Tennessee,38101,South,P-OM-10000042,Pharmaceutical,OTC Medications,Bayer Aspirin 325mg Enteric Coated 300ct,201.12,8,0.5,-11.25
2521,HC-2015-224721,3/31/2015,4/8/2015,Standard Class,LL-17492,Liam Lopez,Clinic,United States,Denver,Colorado,80201,West,MS-B&-10000018,Medical Supplies,Bandages & Tape,Medline Non-Sterile Rolled Gauze 2in x 4.1yd,31.374,9,0.3,7.1211
2522,HC-2018-662824,5/27/2018,5/30/2018,Second Class,MJ-91560,Mia Jones,Home Care,United States,Las Vegas,Nevada,89101,West,MS-B&-10000015,Medical Supplies,Bandages & Tape,3M Micropore Surgical Tape 1in x 10yd,69.927,6,0.35,16.0597
2523,HC-2017-787641,9/24/2017,9/26/2017,First Class,JW-43586,Joseph White,Health System,United States,Nashville,Tennessee,37201,South,MS-WC-10000000,Medical Supplies,Wound Care,3M Tegaderm Transparent Film Dressing 4x4.75in,220.428,13,0.1,-46.6699
2524,HC-2018-806950,3/27/2018,4/4/2018,Standard Class,RM-65302,Robert Martin,Home Care,United States,Louisville,Kentucky,40201,South,MS-G&-10000008,Medical Supplies,Gloves & PPE,Cardinal Health Flexal Nitrile Exam Gloves XL,112.9395,3,0.15,42.4573
2525,HC-2016-814236,10/20/2016,10/25/2016,Standard Class,JR-86484,Jessica Robinson,Health System,United States,Columbus,Ohio,43004,East,DE-IS-10000032,Diagnostic Equipment,Imaging Supplies,Medline X-Ray Film Processing Chemical Kit,686.2,5,0,276.1468
2526,HC-2018-968343,9/7/2018,9/12/2018,Standard Class,NL-40828,Noah Lewis,Home Care,United States,New York,New York,10001,East,MS-B&-10000017,Medical Supplies,Bandages & Tape,Covidien Curity Gauze Bandage Roll 4in,74.4325,5,0.05,-9.4192
2527,HC-2016-650165,5/16/2016,5/19/2016,Second Class,TW-23947,Thomas Walker,Clinic,United States,Newark,New Jersey,7101,East,MS-G&-10000006,Medical Supplies,Gloves & PPE,Kimberly-Clark Purple Nitrile Exam Gloves Large,345.87,7,0,-36.5178
2528,HC-2018-832958,2/9/2018,2/13/2018,Standard Class,NH-81482,Noah Harris,Clinic,United States,Cleveland,Ohio,44101,Central,MS-WC-10000000,Medical Supplies,Wound Care,3M Tegaderm Transparent Film Dressing 4x4.75in,64.928,4,0.2,-11.2046
2529,HC-2017-164397,12/8/2017,12/12/2017,Standard Class,JW-45382,Joseph Wilson,Health System,United States,Indianapolis,Indiana,46201,Central,P-OM-10000043,Pharmaceutical,OTC Medications,Pepcid AC Maximum Strength 20mg 50ct,69.408,3,0.4,-6.809
2530,HC-2018-162399,8/19/2018,8/23/2018,Second Class,WR-20735,William Ramirez,Home Care,United States,Seattle,Washington,98101,West,DE-MD-10000021,Diagnostic Equipment,Monitoring Devices,Nonin Onyx Vantage 9590 Finger Pulse Oximeter,1067.3775,3,0.25,-225.834
2531,HC-2015-837661,11/13/2015,11/21/2015,Standard Class,AH-36365,Ava Harris,Health System,United States,Baltimore,Maryland,21201,East,DE-TK-10000029,Diagnostic Equipment,Testing Kits,McKesson Blood Glucose Test Strips 100ct,887.887,11,0.3,291.335
2532,HC-2018-480887,6/15/2018,6/23/2018,Standard Class,JH-53540,Jennifer Harris,Home Care,United States,Miami,Florida,33101,South,P-V&-10000052,Pharmaceutical,Vitamins & Supplements,Garden of Life Vitamin C Organic 60 Capsules,40.695,3,0.5,-1.2817
2533,HC-2018-682051,9/3/2018,9/10/2018,Standard Class,RP-65518,Robert Perez,Health System,United States,Birmingham,Alabama,35201,South,DE-IS-10000031,Diagnostic Equipment,Imaging Supplies,Parker Aquasonic 100 Ultrasound Transmission Gel,374.88,11,0,126.4859
2534,HC-2018-745019,6/2/2018,6/7/2018,Standard Class,RW-30028,Richard White,Clinic,United States,Philadelphia,Pennsylvania,19101,East,P-V&-10000050,Pharmaceutical,Vitamins & Supplements,Nature's Bounty Vitamin D3 2000IU 240 Softgels,150.458,14,0.45,9.1048
2535,HC-2015-383587,9/5/2015,9/9/2015,Second Class,LR-76162,Lisa Ramirez,Clinic,United States,Pittsburgh,Pennsylvania,15201,East,P-IS-10000045,Pharmaceutical,IV Solutions,Baxter 0.9% Sodium Chloride Injection 1000mL,729.19,10,0.3,-45.8145
2536,HC-2016-472761,12/10/2016,12/12/2016,First Class,WC-10851,William Clark,Clinic,United States,Chicago,Illinois,60601,Central,DE-MD-10000020,Diagnostic Equipment,Monitoring Devices,Welch Allyn Connex Spot Monitor with SpO2,4064.256,8,0.1,1596.4914
2537,HC-2018-624516,11/5/2018,11/7/2018,First Class,EH-82667,Emma Hernandez,Home Care,United States,Portland,Oregon,97201,West,MS-S&-10000013,Medical Supplies,Syringes & Needles,Terumo 10mL Hypodermic Syringe with Needle,290.13,12,0.05,52.3067
2538,HC-2018-750827,11/23/2018,11/26/2018,Second Class,SH-30676,Susan Hernandez,Clinic,United States,Detroit,Michigan,48201,Central,P-V&-10000052,Pharmaceutical,Vitamins & Supplements,Garden of Life Vitamin C Organic 60 Capsules,315.392,11,0.3,-21.3219
2539,HC-2018-751683,11/19/2018,11/21/2018,First Class,MT-39871,Mary Thompson,Clinic,United States,Las Vegas,Nevada,89101,West,DE-LS-10000038,Diagnostic Equipment,Lab Supplies,Globe Scientific Disposable Transfer Pipettes 3mL,1529.36,14,0,-199.7538
2540,HC-2016-732520,8/14/2016,8/16/2016,Second Class,RL-97670,Richard Lopez,Health System,United States,Memphis,Tennessee,38101,South,MS-WC-10000000,Medical Supplies,Wound Care,3M Tegaderm Transparent Film Dressing 4x4.75in,78.708,12,0.3,20.7406
2541,HC-2018-147773,8/5/2018,8/13/2018,Standard Class,MP-76540,Mason Perez,Home Care,United States,Nashville,Tennessee,37201,South,P-OM-10000041,Pharmaceutical,OTC Medications,Ibuprofen USP 200mg Tablets 500ct Bulk,59.22,6,0.5,6.6312
2542,HC-2017-496515,7/24/2017,7/25/2017,Same Day,NM-83259,Noah Moore,Home Care,United States,Philadelphia,Pennsylvania,19101,East,DE-LS-10000037,Diagnostic Equipment,Lab Supplies,Corning 50mL Polypropylene Centrifuge Tubes 25pk,521.037,6,0.05,-59.6843
2543,HC-2018-625298,2/15/2018,2/19/2018,Standard Class,ML-20745,Mary Lee,Clinic,United States,Buffalo,New York,14201,East,DE-TK-10000028,Diagnostic Equipment,Testing Kits,BD Veritor System Flu A+B Analyzer,591.543,9,0.1,143.3388
2544,HC-2015-399593,4/16/2015,4/23/2015,Standard Class,BA-82845,Barbara Anderson,Home Care,United States,Richmond,Virginia,23218,East,DE-IS-10000031,Diagnostic Equipment,Imaging Supplies,Parker Aquasonic 100 Ultrasound Transmission Gel,1309.1925,11,0.25,543.5182
2545,HC-2016-322306,8/12/2016,8/14/2016,Second Class,NR-80282,Noah Ramirez,Clinic,United States,Portland,Oregon,97201,West,MS-B&-10000015,Medical Supplies,Bandages & Tape,3M Micropore Surgical Tape 1in x 10yd,62.304,6,0.2,12.5344
2546,HC-2017-786770,12/6/2017,12/11/2017,Standard Class,ST-42527,Sophia Thompson,Home Care,United States,Salt Lake City,Utah,84101,West,P-IS-10000047,Pharmaceutical,IV Solutions,B. Braun Lactated Ringer's Injection 1000mL,114.57,3,0.5,13.5403
2547,HC-2018-853717,9/24/2018,9/26/2018,First Class,CM-60328,Charles Miller,Clinic,United States,Birmingham,Alabama,35201,South,MS-WC-10000004,Medical Supplies,Wound Care,Covidien Kendall Hydrogel Dressing 4x4in,13.136,2,0.2,-1.6746
2548,HC-2016-370840,2/1/2016,2/3/2016,First Class,RG-38746,Richard Gonzalez,Health System,United States,Sacramento,California,95814,West,MS-B&-10000019,Medical Supplies,Bandages & Tape,Dukal Elastic Stretch Bandage 6in,161.28,8,0,61.2482
2549,HC-2018-834643,7/26/2018,8/3/2018,Standard Class,JJ-44718,Joseph Jones,Clinic,United States,San Francisco,California,94101,West,P-V&-10000053,Pharmaceutical,Vitamins & Supplements,Mason Natural Zinc 50mg Tablets 100ct,146.37,7,0.5,13.3388
2550,HC-2018-977896,1/10/2018,1/15/2018,Second Class,TT-92960,Thomas Thompson,Home Care,United States,Dallas,Texas,75201,South,P-V&-10000050,Pharmaceutical,Vitamins & Supplements,Nature's Bounty Vitamin D3 2000IU 240 Softgels,22.6785,1,0.35,1.705
2551,HC-2015-452332,2/10/2015,2/16/2015,Standard Class,JT-82692,James Thompson,Clinic,United States,Louisville,Kentucky,40201,South,P-IS-10000049,Pharmaceutical,IV Solutions,Fresenius Kabi Sterile Water for Injection 1000mL,423.5,8,0.45,-23.3085
2552,HC-2016-465484,4/10/2016,4/15/2016,Standard Class,NW-73788,Noah White,Clinic,United States,Louisville,Kentucky,40201,South,P-IS-10000045,Pharmaceutical,IV Solutions,Baxter 0.9% Sodium Chloride Injection 1000mL,74.2,4,0.5,13.2504
2553,HC-2016-206560,2/18/2016,2/23/2016,Standard Class,MS-17331,Mason Sanchez,Home Care,United States,Portland,Oregon,97201,West,DE-TK-10000028,Diagnostic Equipment,Testing Kits,BD Veritor System Flu A+B Analyzer,254.03,4,0.05,61.1036
2554,HC-2018-587243,5/7/2018,5/9/2018,First Class,JM-74686,John Moore,Health System,United States,Los Angeles,California,90001,West,DE-MD-10000021,Diagnostic Equipment,Monitoring Devices,Nonin Onyx Vantage 9590 Finger Pulse Oximeter,1058.48,2,0,436.5788
2555,HC-2017-318166,3/5/2017,3/8/2017,Second Class,LS-96511,Linda Smith,Health System,United States,New Orleans,Louisiana,70112,South,MS-S&-10000013,Medical Supplies,Syringes & Needles,Terumo 10mL Hypodermic Syringe with Needle,128.952,12,0.1,-23.8043
2556,HC-2018-382050,1/25/2018,1/31/2018,Standard Class,RR-94259,Richard Robinson,Clinic,United States,Charlotte,North Carolina,28201,South,P-V&-10000051,Pharmaceutical,Vitamins & Supplements,Centrum Silver Multivitamin Adults 50+ 250ct,535.136,14,0.2,59.7908
2557,HC-2018-507329,10/1/2018,10/7/2018,Standard Class,EH-62296,Emma Hernandez,Clinic,United States,Pittsburgh,Pennsylvania,15201,East,MS-G&-10000006,Medical Supplies,Gloves & PPE,Kimberly-Clark Purple Nitrile Exam Gloves Large,343.53,11,0.1,72.4
2558,HC-2016-336649,6/9/2016,6/14/2016,Standard Class,NH-25014,Noah Harris,Home Care,United States,New Orleans,Louisiana,70112,South,P-OM-10000040,Pharmaceutical,OTC Medications,Tylenol Extra Strength Acetaminophen 500mg 100ct,128.26,11,0.5,8.6674
2559,HC-2018-329569,7/23/2018,7/28/2018,Second Class,KR-11934,Karen Ramirez,Clinic,United States,Buffalo,New York,14201,East,DE-IS-10000032,Diagnostic Equipment,Imaging Supplies,Medline X-Ray Film Processing Chemical Kit,1065.69,9,0,360.2173
2560,HC-2017-708015,12/12/2017,12/20/2017,Standard Class,EM-33405,Ethan Martinez,Health System,United States,Hartford,Connecticut,6101,East,P-OM-10000040,Pharmaceutical,OTC Medications,Tylenol Extra Strength Acetaminophen 500mg 100ct,354.486,12,0.45,50.5097
2561,HC-2015-110528,1/7/2015,1/8/2015,Same Day,KM-76307,Karen Miller,Clinic,United States,New York,New York,10001,East,DE-IS-10000033,Diagnostic Equipment,Imaging Supplies,3M Scotchcast Plus Fiberglass Casting Tape 2in,1347.54,6,0,324.1076
2562,HC-2015-776882,2/1/2015,2/7/2015,Standard Class,LT-80284,Liam Thomas,Clinic,United States,Newark,New Jersey,7101,East,DE-IS-10000034,Diagnostic Equipment,Imaging Supplies,Carestream Health X-Omat Developer Solution,2635.696,14,0.2,841.7554
2563,HC-2015-702043,12/2/2015,12/4/2015,Second Class,EW-99593,Emma Walker,Health System,United States,Houston,Texas,77001,South,MS-WC-10000003,Medical Supplies,Wound Care,Smith & Nephew ALLEVYN Gentle Border Foam Dressing,221.48,8,0.3,77.3321
2564,HC-2016-674186,11/27/2016,12/3/2016,Standard Class,RH-73699,Robert Harris,Home Care,United States,Kansas City,Missouri,64101,Central,DE-MD-10000021,Diagnostic Equipment,Monitoring Devices,Nonin Onyx Vantage 9590 Finger Pulse Oximeter,2571.318,4,0.15,850.4751
2565,HC-2016-911595,11/6/2016,11/9/2016,Second Class,IP-49117,Isabella Perez,Health System,United States,Los Angeles,California,90001,West,P-OM-10000040,Pharmaceutical,OTC Medications,Tylenol Extra Strength Acetaminophen 500mg 100ct,24.992,4,0.45,-1.776
2566,HC-2015-200540,12/17/2015,12/22/2015,Standard Class,OW-95426,Olivia Williams,Home Care,United States,Sacramento,California,95814,West,P-OM-10000042,Pharmaceutical,OTC Medications,Bayer Aspirin 325mg Enteric Coated 300ct,41.9445,3,0.35,7.4038
2567,HC-2017-890225,4/21/2017,4/25/2017,Second Class,NC-62994,Noah Clark,Health System,United States,Buffalo,New York,14201,East,P-IS-10000048,Pharmaceutical,IV Solutions,ICU Medical Normal Saline 250mL IV Bag,257.4,6,0.45,15.1827
2568,HC-2015-495017,1/8/2015,1/13/2015,Second Class,WW-69638,William Walker,Health System,United States,Buffalo,New York,14201,East,MS-G&-10000008,Medical Supplies,Gloves & PPE,Cardinal Health Flexal Nitrile Exam Gloves XL,122.384,2,0.2,-18.3049
2569,HC-2015-699983,12/2/2015,12/9/2015,Standard Class,CM-96900,Charles Martin,Health System,United States,Atlanta,Georgia,30301,South,DE-LS-10000038,Diagnostic Equipment,Lab Supplies,Globe Scientific Disposable Transfer Pipettes 3mL,341.088,12,0.2,87.4758
2570,HC-2015-306352,11/16/2015,11/21/2015,Standard Class,PJ-95477,Patricia Johnson,Home Care,United States,Atlanta,Georgia,30301,South,P-V&-10000050,Pharmaceutical,Vitamins & Supplements,Nature's Bounty Vitamin D3 2000IU 240 Softgels,48.81,6,0.5,3.4769
2571,HC-2017-178024,2/27/2017,3/3/2017,Standard Class,SP-79329,Sophia Perez,Home Care,United States,Minneapolis,Minnesota,55401,Central,MS-S&-10000012,Medical Supplies,Syringes & Needles,Nipro 5mL Luer Slip Disposable Syringe,54.8145,3,0.35,20.6908
2572,HC-2017-263859,3/5/2017,3/8/2017,Second Class,IB-49363,Isabella Brown,Health System,United States,Richmond,Virginia,23218,East,P-V&-10000051,Pharmaceutical,Vitamins & Supplements,Centrum Silver Multivitamin Adults 50+ 250ct,104.064,8,0.2,9.9708
2573,HC-2016-482951,12/1/2016,12/3/2016,First Class,LL-25012,Lisa Lee,Clinic,United States,Hartford,Connecticut,6101,East,P-OM-10000044,Pharmaceutical,OTC Medications,Zyrtec Allergy 10mg Cetirizine Tablets 70ct,35.456,4,0.2,4.443
2574,HC-2016-235382,11/27/2016,12/1/2016,Standard Class,JJ-70901,Joseph Jones,Health System,United States,Phoenix,Arizona,85001,West,MS-G&-10000006,Medical Supplies,Gloves & PPE,Kimberly-Clark Purple Nitrile Exam Gloves Large,103.6,8,0,30.2421
2575,HC-2018-276357,2/15/2018,2/17/2018,First Class,EL-63264,Ethan Lewis,Clinic,United States,Pittsburgh,Pennsylvania,15201,East,P-V&-10000050,Pharmaceutical,Vitamins & Supplements,Nature's Bounty Vitamin D3 2000IU 240 Softgels,54.012,4,0.3,-3.7601
2576,HC-2017-882531,1/13/2017,1/21/2017,Standard Class,OB-13278,Olivia Brown,Clinic,United States,Atlanta,Georgia,30301,South,MS-S&-10000011,Medical Supplies,Syringes & Needles,Covidien Monoject 1mL Insulin Syringe 28G,92.148,6,0.3,31.3628
2577,HC-2018-175190,7/5/2018,7/7/2018,Second Class,BW-96951,Barbara Walker,Health System,United States,San Francisco,California,94101,West,MS-B&-10000018,Medical Supplies,Bandages & Tape,Medline Non-Sterile Rolled Gauze 2in x 4.1yd,117.568,11,0.2,-13.0666
2578,HC-2016-983309,10/3/2016,10/8/2016,Standard Class,KM-76307,Karen Miller,Health System,United States,Nashville,Tennessee,37201,South,DE-TK-10000026,Diagnostic Equipment,Testing Kits,Roche Accu-Chek Guide Blood Glucose Meter Kit,171.84,6,0,67.0295
2579,HC-2018-256612,7/22/2018,7/23/2018,Same Day,EG-37535,Ethan Gonzalez,Clinic,United States,Baltimore,Maryland,21201,East,P-IS-10000046,Pharmaceutical,IV Solutions,Hospira 5% Dextrose Injection USP 500mL,79.592,1,0.2,-2.979
2580,HC-2017-271476,12/28/2017,12/30/2017,First Class,EJ-53309,Ethan Johnson,Clinic,United States,Boston,Massachusetts,2101,East,DE-TK-10000028,Diagnostic Equipment,Testing Kits,BD Veritor System Flu A+B Analyzer,541.76,8,0,-66.6593
2581,HC-2015-138811,5/7/2015,5/13/2015,Standard Class,EJ-31579,Ethan Johnson,Health System,United States,Albuquerque,New Mexico,87101,West,DE-MD-10000023,Diagnostic Equipment,Monitoring Devices,Omron HEM-7320 Upper Arm Blood Pressure Monitor,6346.56,12,0,2325.0455
2582,HC-2015-235103,8/12/2015,8/13/2015,Same Day,EH-90173,Emma Hernandez,Health System,United States,Richmond,Virginia,23218,East,MS-WC-10000004,Medical Supplies,Wound Care,Covidien Kendall Hydrogel Dressing 4x4in,248.16,12,0.2,77.0741
2583,HC-2016-697704,7/26/2016,7/28/2016,Second Class,SH-30676,Susan Hernandez,Clinic,United States,Denver,Colorado,80201,West,MS-WC-10000002,Medical Supplies,Wound Care,Dynarex Non-Adherent Sterile Dressing Pads 3x4in,116.12,4,0,-14.9836
2584,HC-2016-818335,8/15/2016,8/18/2016,Second Class,NW-51180,Noah White,Clinic,United States,Houston,Texas,77001,South,MS-WC-10000000,Medical Supplies,Wound Care,3M Tegaderm Transparent Film Dressing 4x4.75in,158.046,6,0.3,28.7433
2585,HC-2017-949197,1/16/2017,1/20/2017,Standard Class,NW-47196,Noah Williams,Clinic,United States,Los Angeles,California,90001,West,DE-MD-10000022,Diagnostic Equipment,Monitoring Devices,Masimo Rad-8 Pulse Oximeter Tabletop Unit,1894.41,9,0,547.6979
2586,HC-2016-168199,11/11/2016,11/17/2016,Standard Class,MW-79822,Mason Williams,Clinic,United States,Hartford,Connecticut,6101,East,DE-TK-10000029,Diagnostic Equipment,Testing Kits,McKesson Blood Glucose Test Strips 100ct,170.36,2,0,41.6416
2587,HC-2018-217296,12/23/2018,12/25/2018,First Class,RB-84668,Richard Brown,Clinic,United States,Charlotte,North Carolina,28201,South,MS-B&-10000015,Medical Supplies,Bandages & Tape,3M Micropore Surgical Tape 1in x 10yd,123.13,7,0,22.4199
2588,HC-2016-560022,12/13/2016,12/15/2016,First Class,NH-81482,Noah Harris,Health System,United States,Dallas,Texas,75201,South,MS-S&-10000010,Medical Supplies,Syringes & Needles,BD 3mL Luer-Lok Syringe with 21G Needle,93.2,5,0,31.9431
2589,HC-2018-952037,1/28/2018,2/5/2018,Standard Class,JA-73653,Jennifer Anderson,Health System,United States,Sacramento,California,95814,West,MS-B&-10000015,Medical Supplies,Bandages & Tape,3M Micropore Surgical Tape 1in x 10yd,4.864,1,0.2,-0.9545
2590,HC-2018-219814,3/23/2018,3/25/2018,Second Class,EJ-20561,Ethan Jackson,Home Care,United States,New York,New York,10001,East,MS-B&-10000015,Medical Supplies,Bandages & Tape,3M Micropore Surgical Tape 1in x 10yd,236.265,10,0.05,73.7981
2591,HC-2017-752866,11/23/2017,11/25/2017,First Class,RL-34356,Robert Lewis,Home Care,United States,Sacramento,California,95814,West,MS-S&-10000012,Medical Supplies,Syringes & Needles,Nipro 5mL Luer Slip Disposable Syringe,78.375,5,0.25,19.2924
2592,HC-2015-980643,11/1/2015,11/4/2015,Second Class,PL-66959,Patricia Lee,Clinic,United States,New Orleans,Louisiana,70112,South,DE-IS-10000034,Diagnostic Equipment,Imaging Supplies,Carestream Health X-Omat Developer Solution,87.52,2,0,25.1055
2593,HC-2017-795438,8/17/2017,8/19/2017,Second Class,EJ-31579,Ethan Johnson,Clinic,United States,Salt Lake City,Utah,84101,West,DE-LS-10000038,Diagnostic Equipment,Lab Supplies,Globe Scientific Disposable Transfer Pipettes 3mL,61.47,1,0.1,13.5608
2594,HC-2017-472732,10/27/2017,10/31/2017,Second Class,JR-86484,Jessica Robinson,Health System,United States,Baltimore,Maryland,21201,East,DE-TK-10000025,Diagnostic Equipment,Testing Kits,Abbott BinaxNOW COVID-19 Antigen Rapid Test 2-Pack,1233.1,11,0,-186.5881
2595,HC-2015-499880,2/3/2015,2/5/2015,First Class,KS-79514,Karen Sanchez,Clinic,United States,Richmond,Virginia,23218,East,P-IS-10000045,Pharmaceutical,IV Solutions,Baxter 0.9% Sodium Chloride Injection 1000mL,535.392,9,0.45,-37.187
2596,HC-2015-510077,2/10/2015,2/13/2015,Second Class,JJ-70901,Joseph Jones,Health System,United States,Birmingham,Alabama,35201,South,DE-TK-10000028,Diagnostic Equipment,Testing Kits,BD Veritor System Flu A+B Analyzer,228.42,9,0.1,60.6924
2597,HC-2016-776951,12/10/2016,12/17/2016,Standard Class,IR-64921,Isabella Robinson,Health System,United States,Portland,Oregon,97201,West,MS-WC-10000002,Medical Supplies,Wound Care,Dynarex Non-Adherent Sterile Dressing Pads 3x4in,31.008,1,0.2,-5.6128
2598,HC-2016-468558,3/22/2016,3/28/2016,Standard Class,LM-15695,Lisa Martinez,Clinic,United States,Birmingham,Alabama,35201,South,DE-LS-10000037,Diagnostic Equipment,Lab Supplies,Corning 50mL Polypropylene Centrifuge Tubes 25pk,76.352,2,0.2,25.5613
2599,HC-2016-739652,6/19/2016,6/21/2016,Second Class,AR-31465,Ava Ramirez,Clinic,United States,Atlanta,Georgia,30301,South,MS-B&-10000018,Medical Supplies,Bandages & Tape,Medline Non-Sterile Rolled Gauze 2in x 4.1yd,8.316,2,0.3,2.5453
2600,HC-2018-571773,1/3/2018,1/11/2018,Standard Class,JD-83579,John Davis,Home Care,United States,Atlanta,Georgia,30301,South,DE-IS-10000034,Diagnostic Equipment,Imaging Supplies,Carestream Health X-Omat Developer Solution,2432.532,12,0.05,-403.6219
2601,HC-2017-873650,6/10/2017,6/16/2017,Standard Class,ST-63354,Sophia Taylor,Health System,United States,Memphis,Tennessee,38101,South,MS-S&-10000013,Medical Supplies,Syringes & Needles,Terumo 10mL Hypodermic Syringe with Needle,106.722,11,0.3,22.0332
2602,HC-2018-323250,6/25/2018,7/3/2018,Standard Class,JG-56566,Jennifer Gonzalez,Home Care,United States,Denver,Colorado,80201,West,DE-LS-10000037,Diagnostic Equipment,Lab Supplies,Corning 50mL Polypropylene Centrifuge Tubes 25pk,381.16,8,0.35,-44.5216
2603,HC-2016-209737,10/8/2016,10/14/2016,Standard Class,RR-86556,Richard Robinson,Clinic,United States,Atlanta,Georgia,30301,South,MS-WC-10000003,Medical Supplies,Wound Care,Smith & Nephew ALLEVYN Gentle Border Foam Dressing,256.529,13,0.3,82.8695
2604,HC-2017-627200,10/5/2017,10/7/2017,First Class,LJ-23434,Linda Jones,Home Care,United States,Atlanta,Georgia,30301,South,MS-G&-10000007,Medical Supplies,Gloves & PPE,Medline SensiCare Ice Blue Nitrile Gloves Small,670.215,14,0.35,-104.9568
2605,HC-2018-219297,11/4/2018,11/11/2018,Standard Class,MW-41029,Mia Walker,Home Care,United States,Newark,New Jersey,7101,East,DE-LS-10000035,Diagnostic Equipment,Lab Supplies,Thermo Scientific Nunc CryoTube Vials 1.8mL 100pk,503.608,8,0.15,137.055
2606,HC-2018-231216,5/12/2018,5/16/2018,Second Class,MS-88504,Mia Smith,Home Care,United States,Buffalo,New York,14201,East,P-OM-10000043,Pharmaceutical,OTC Medications,Pepcid AC Maximum Strength 20mg 50ct,177.96,8,0.5,11.3192
2607,HC-2015-713128,3/19/2015,3/27/2015,Standard Class,EA-83519,Emma Anderson,Health System,United States,Buffalo,New York,14201,East,MS-WC-10000004,Medical Supplies,Wound Care,Covidien Kendall Hydrogel Dressing 4x4in,166.6,7,0.2,-18.7544
2608,HC-2018-344610,10/1/2018,10/2/2018,Same Day,LW-54313,Linda Williams,Clinic,United States,Minneapolis,Minnesota,55401,Central,P-IS-10000049,Pharmaceutical,IV Solutions,Fresenius Kabi Sterile Water for Injection 1000mL,64.09,2,0.5,-5.7351
2609,HC-2018-732134,8/15/2018,8/16/2018,Same Day,ES-23970,Ethan Sanchez,Health System,United States,Portland,Oregon,97201,West,DE-LS-10000038,Diagnostic Equipment,Lab Supplies,Globe Scientific Disposable Transfer Pipettes 3mL,150.624,2,0.2,54.6863
2610,HC-2016-934846,1/4/2016,1/7/2016,Second Class,NC-62994,Noah Clark,Clinic,United States,Kansas City,Missouri,64101,Central,DE-TK-10000026,Diagnostic Equipment,Testing Kits,Roche Accu-Chek Guide Blood Glucose Meter Kit,594.636,12,0.3,140.1464
2611,HC-2015-146372,11/23/2015,11/25/2015,First Class,MG-66531,Michael Gonzalez,Home Care,United States,Newark,New Jersey,7101,East,MS-WC-10000003,Medical Supplies,Wound Care,Smith & Nephew ALLEVYN Gentle Border Foam Dressing,195.559,7,0.35,-28.5675
2612,HC-2015-683838,11/24/2015,11/28/2015,Second Class,JG-46509,Jessica Garcia,Clinic,United States,Phoenix,Arizona,85001,West,DE-IS-10000030,Diagnostic Equipment,Imaging Supplies,Covidien Kendall Ultrasound Gel 8.5oz,672.6,5,0.2,187.5989
2613,HC-2015-509000,2/6/2015,2/8/2015,First Class,MW-53025,Michael Wilson,Clinic,United States,Denver,Colorado,80201,West,P-OM-10000044,Pharmaceutical,OTC Medications,Zyrtec Allergy 10mg Cetirizine Tablets 70ct,43.9725,5,0.45,5.2344
2614,HC-2015-180455,10/9/2015,10/14/2015,Standard Class,PJ-95477,Patricia Johnson,Clinic,United States,Louisville,Kentucky,40201,South,DE-TK-10000025,Diagnostic Equipment,Testing Kits,Abbott BinaxNOW COVID-19 Antigen Rapid Test 2-Pack,635.52,8,0.2,241.2317
2615,HC-2018-640661,6/19/2018,6/24/2018,Second Class,MT-44993,Michael Thompson,Health System,United States,Los Angeles,California,90001,West,P-V&-10000051,Pharmaceutical,Vitamins & Supplements,Centrum Silver Multivitamin Adults 50+ 250ct,129.668,4,0.3,-4.6025
2616,HC-2017-916567,12/16/2017,12/17/2017,Same Day,MB-22704,Michael Brown,Clinic,United States,Dallas,Texas,75201,South,DE-MD-10000022,Diagnostic Equipment,Monitoring Devices,Masimo Rad-8 Pulse Oximeter Tabletop Unit,6525.688,13,0.2,1837.0671
2617,HC-2015-966198,2/18/2015,2/20/2015,First Class,IG-33206,Isabella Garcia,Home Care,United States,Chicago,Illinois,60601,Central,P-OM-10000040,Pharmaceutical,OTC Medications,Tylenol Extra Strength Acetaminophen 500mg 100ct,112.56,7,0.5,-18.317
2618,HC-2016-319129,10/19/2016,10/26/2016,Standard Class,NH-39444,Noah Hernandez,Health System,United States,Baltimore,Maryland,21201,East,MS-B&-10000015,Medical Supplies,Bandages & Tape,3M Micropore Surgical Tape 1in x 10yd,43.425,5,0.1,10.2556
2619,HC-2016-833428,4/3/2016,4/7/2016,Standard Class,AJ-26828,Ava Jones,Home Care,United States,Newark,New Jersey,7101,East,DE-TK-10000028,Diagnostic Equipment,Testing Kits,BD Veritor System Flu A+B Analyzer,409.089,6,0.05,126.2952
2620,HC-2018-130914,11/25/2018,12/2/2018,Standard Class,CM-15014,Charles Martinez,Health System,United States,New Orleans,Louisiana,70112,South,MS-B&-10000017,Medical Supplies,Bandages & Tape,Covidien Curity Gauze Bandage Roll 4in,180.72,10,0.1,43.6104
2621,HC-2018-645559,4/19/2018,4/25/2018,Standard Class,TT-92960,Thomas Thompson,Home Care,United States,St. Louis,Missouri,63101,Central,MS-B&-10000018,Medical Supplies,Bandages & Tape,Medline Non-Sterile Rolled Gauze 2in x 4.1yd,71.655,6,0.15,12.9
2622,HC-2016-778944,8/2/2016,8/4/2016,First Class,SD-45774,Sarah Davis,Clinic,United States,New York,New York,10001,East,MS-B&-10000017,Medical Supplies,Bandages & Tape,Covidien Curity Gauze Bandage Roll 4in,159.775,11,0.3,42.5494
2623,HC-2016-457616,1/6/2016,1/8/2016,First Class,MM-72493,Mary Martin,Clinic,United States,Phoenix,Arizona,85001,West,P-IS-10000045,Pharmaceutical,IV Solutions,Baxter 0.9% Sodium Chloride Injection 1000mL,108.6,5,0.5,-11.4632
2624,HC-2017-997620,1/9/2017,1/15/2017,Standard Class,MT-39871,Mary Thompson,Health System,United States,Philadelphia,Pennsylvania,19101,East,P-IS-10000048,Pharmaceutical,IV Solutions,ICU Medical Normal Saline 250mL IV Bag,64.24,5,0.45,10.4408
2625,HC-2018-975373,12/1/2018,12/5/2018,Standard Class,MW-80686,Michael Walker,Health System,United States,Cincinnati,Ohio,45201,Central,DE-MD-10000022,Diagnostic Equipment,Monitoring Devices,Masimo Rad-8 Pulse Oximeter Tabletop Unit,4970.385,9,0.3,1422.6846
2626,HC-2017-962945,11/29/2017,12/1/2017,First Class,IP-49117,Isabella Perez,Health System,United States,Nashville,Tennessee,37201,South,P-V&-10000053,Pharmaceutical,Vitamins & Supplements,Mason Natural Zinc 50mg Tablets 100ct,128.072,4,0.3,11.5771
2627,HC-2016-650667,7/28/2016,8/5/2016,Standard Class,KT-64496,Karen Thomas,Clinic,United States,Pittsburgh,Pennsylvania,15201,East,DE-MD-10000024,Diagnostic Equipment,Monitoring Devices,A&D Medical UA-767FAM Multi-User BP Monitor,4728.5,7,0,1880.4093
2628,HC-2018-302929,9/7/2018,9/12/2018,Second Class,JJ-42092,James Johnson,Health System,United States,Charlotte,North Carolina,28201,South,DE-MD-10000022,Diagnostic Equipment,Monitoring Devices,Masimo Rad-8 Pulse Oximeter Tabletop Unit,1139.054,2,0.3,451.8029
2629,HC-2016-121026,3/9/2016,3/14/2016,Standard Class,EW-42018,Ethan Williams,Health System,United States,Hartford,Connecticut,6101,East,P-V&-10000051,Pharmaceutical,Vitamins & Supplements,Centrum Silver Multivitamin Adults 50+ 250ct,368.32,10,0.2,-14.9854
2630,HC-2015-602811,9/4/2015,9/12/2015,Standard Class,RJ-10053,Richard Jackson,Clinic,United States,Newark,New Jersey,7101,East,DE-TK-10000025,Diagnostic Equipment,Testing Kits,Abbott BinaxNOW COVID-19 Antigen Rapid Test 2-Pack,308.52,3,0,96.5324
2631,HC-2015-196471,9/15/2015,9/22/2015,Standard Class,SC-32241,Sarah Clark,Health System,United States,Memphis,Tennessee,38101,South,P-IS-10000049,Pharmaceutical,IV Solutions,Fresenius Kabi Sterile Water for Injection 1000mL,285.648,6,0.45,-7.8065
2632,HC-2018-923286,1/4/2018,1/8/2018,Second Class,EA-54597,Emma Anderson,Home Care,United States,New York,New York,10001,East,P-OM-10000042,Pharmaceutical,OTC Medications,Bayer Aspirin 325mg Enteric Coated 300ct,95.84,4,0.5,7.772
2633,HC-2016-999148,7/5/2016,7/7/2016,Second Class,EJ-53309,Ethan Johnson,Clinic,United States,Portland,Oregon,97201,West,MS-WC-10000004,Medical Supplies,Wound Care,Covidien Kendall Hydrogel Dressing 4x4in,121.9,10,0,23.9959
2634,HC-2018-427904,8/30/2018,9/3/2018,Standard Class,EH-90173,Emma Hernandez,Home Care,United States,New Orleans,Louisiana,70112,South,MS-G&-10000006,Medical Supplies,Gloves & PPE,Kimberly-Clark Purple Nitrile Exam Gloves Large,186.295,5,0.05,46.5283
2635,HC-2016-832019,5/16/2016,5/18/2016,First Class,SP-79329,Sophia Perez,Health System,United States,Atlanta,Georgia,30301,South,DE-LS-10000037,Diagnostic Equipment,Lab Supplies,Corning 50mL Polypropylene Centrifuge Tubes 25pk,957.7,10,0,-160.0011
2636,HC-2018-101953,10/1/2018,10/3/2018,First Class,NM-83259,Noah Moore,Clinic,United States,Dallas,Texas,75201,South,DE-LS-10000039,Diagnostic Equipment,Lab Supplies,Fisherbrand Microcentrifuge Tubes 1.5mL 500pk,252.24,3,0,83.333
2637,HC-2015-923763,3/26/2015,3/29/2015,Second Class,MJ-27342,Michael Jackson,Home Care,United States,San Francisco,California,94101,West,DE-LS-10000039,Diagnostic Equipment,Lab Supplies,Fisherbrand Microcentrifuge Tubes 1.5mL 500pk,490.347,11,0.35,204.3055
2638,HC-2016-131832,4/26/2016,4/28/2016,First Class,NH-25014,Noah Harris,Clinic,United States,Columbus,Ohio,43004,East,P-IS-10000046,Pharmaceutical,IV Solutions,Hospira 5% Dextrose Injection USP 500mL,680.394,13,0.45,-60.8176
2639,HC-2015-893087,10/13/2015,10/19/2015,Standard Class,KS-79514,Karen Sanchez,Health System,United States,Birmingham,Alabama,35201,South,MS-WC-10000004,Medical Supplies,Wound Care,Covidien Kendall Hydrogel Dressing 4x4in,174.105,5,0.1,40.4844
2640,HC-2018-627055,7/15/2018,7/23/2018,Standard Class,NP-94696,Noah Perez,Clinic,United States,Chicago,Illinois,60601,Central,DE-TK-10000025,Diagnostic Equipment,Testing Kits,Abbott BinaxNOW COVID-19 Antigen Rapid Test 2-Pack,35.667,1,0.1,-6.8977
2641,HC-2016-751877,1/29/2016,1/31/2016,First Class,RL-15075,Richard Lewis,Clinic,United States,Los Angeles,California,90001,West,DE-IS-10000033,Diagnostic Equipment,Imaging Supplies,3M Scotchcast Plus Fiberglass Casting Tape 2in,443.772,2,0.1,147.2268
2642,HC-2017-540432,11/16/2017,11/20/2017,Second Class,CM-51467,Charles Moore,Clinic,United States,Charlotte,North Carolina,28201,South,P-OM-10000040,Pharmaceutical,OTC Medications,Tylenol Extra Strength Acetaminophen 500mg 100ct,521.976,13,0.2,81.7488
2643,HC-2017-378988,5/2/2017,5/7/2017,Standard Class,EG-37535,Ethan Gonzalez,Health System,United States,Dallas,Texas,75201,South,P-IS-10000049,Pharmaceutical,IV Solutions,Fresenius Kabi Sterile Water for Injection 1000mL,502.997,11,0.45,33.6539
2644,HC-2018-731523,10/31/2018,11/8/2018,Standard Class,CM-19116,Charles Miller,Clinic,United States,Sacramento,California,95814,West,MS-G&-10000008,Medical Supplies,Gloves & PPE,Cardinal Health Flexal Nitrile Exam Gloves XL,204.224,8,0.2,-32.2583
2645,HC-2015-697710,9/21/2015,9/23/2015,First Class,AC-30926,Ava Clark,Clinic,United States,Denver,Colorado,80201,West,MS-WC-10000003,Medical Supplies,Wound Care,Smith & Nephew ALLEVYN Gentle Border Foam Dressing,38.51,1,0,12.757
2646,HC-2018-762350,9/17/2018,9/25/2018,Standard Class,ST-42527,Sophia Thompson,Clinic,United States,Denver,Colorado,80201,West,MS-S&-10000014,Medical Supplies,Syringes & Needles,BD Eclipse Safety Needle 25G 1in,51.96,3,0,-5.6303
2647,HC-2017-932975,4/27/2017,4/30/2017,Second Class,JM-82603,James Martin,Health System,United States,Houston,Texas,77001,South,DE-LS-10000036,Diagnostic Equipment,Lab Supplies,BD Vacutainer EDTA Blood Collection Tubes 10mL,988.592,11,0.2,-195.3604
2648,HC-2018-438379,1/9/2018,1/13/2018,Standard Class,EA-83519,Emma Anderson,Clinic,United States,Nashville,Tennessee,37201,South,DE-MD-10000023,Diagnostic Equipment,Monitoring Devices,Omron HEM-7320 Upper Arm Blood Pressure Monitor,2258.92,4,0,821.1136
2649,HC-2016-638016,8/15/2016,8/17/2016,First Class,RS-61173,Richard Smith,Clinic,United States,Dallas,Texas,75201,South,P-V&-10000050,Pharmaceutical,Vitamins & Supplements,Nature's Bounty Vitamin D3 2000IU 240 Softgels,285.901,14,0.45,32.7899
2650,HC-2017-373847,1/7/2017,1/8/2017,Same Day,RJ-48427,Robert Jackson,Clinic,United States,St. Louis,Missouri,63101,Central,P-OM-10000044,Pharmaceutical,OTC Medications,Zyrtec Allergy 10mg Cetirizine Tablets 70ct,161.14,10,0.3,-17.3606
2651,HC-2017-147275,12/23/2017,12/27/2017,Second Class,KS-61645,Karen Smith,Clinic,United States,Denver,Colorado,80201,West,MS-B&-10000015,Medical Supplies,Bandages & Tape,3M Micropore Surgical Tape 1in x 10yd,68.0,8,0,22.4607
2652,HC-2015-825514,4/16/2015,4/24/2015,Standard Class,IH-17100,Isabella Harris,Clinic,United States,Pittsburgh,Pennsylvania,15201,East,MS-B&-10000017,Medical Supplies,Bandages & Tape,Covidien Curity Gauze Bandage Roll 4in,134.37,9,0,45.7874
2653,HC-2016-844926,12/15/2016,12/19/2016,Second Class,JM-48890,John Miller,Clinic,United States,Seattle,Washington,98101,West,P-IS-10000045,Pharmaceutical,IV Solutions,Baxter 0.9% Sodium Chloride Injection 1000mL,55.544,1,0.2,-5.8616
2654,HC-2017-860359,1/2/2017,1/7/2017,Standard Class,RM-65302,Robert Martin,Home Care,United States,Newark,New Jersey,7101,East,P-IS-10000047,Pharmaceutical,IV Solutions,B. Braun Lactated Ringer's Injection 1000mL,109.62,6,0.5,13.635
2655,HC-2017-741888,6/2/2017,6/5/2017,Second Class,OR-57819,Olivia Ramirez,Health System,United States,Los Angeles,California,90001,West,MS-G&-10000005,Medical Supplies,Gloves & PPE,Ansell TouchNTuff Nitrile Disposable Gloves Medium,346.7,10,0,-27.9543
2656,HC-2015-728004,8/13/2015,8/15/2015,First Class,LT-80284,Liam Thomas,Health System,United States,Kansas City,Missouri,64101,Central,DE-IS-10000031,Diagnostic Equipment,Imaging Supplies,Parker Aquasonic 100 Ultrasound Transmission Gel,986.622,7,0.4,232.1315
2657,HC-2018-829804,2/28/2018,3/2/2018,Second Class,JD-19880,Joseph Davis,Clinic,United States,Atlanta,Georgia,30301,South,MS-WC-10000003,Medical Supplies,Wound Care,Smith & Nephew ALLEVYN Gentle Border Foam Dressing,312.858,14,0.1,77.4173
2658,HC-2018-204271,8/25/2018,8/28/2018,Second Class,WB-24029,William Brown,Health System,United States,Baltimore,Maryland,21201,East,DE-TK-10000027,Diagnostic Equipment,Testing Kits,Quidel QuickVue Influenza A+B Test Kit 25ct,205.92,3,0,78.3301
2659,HC-2017-916526,9/23/2017,9/29/2017,Standard Class,LM-12671,Linda Miller,Clinic,United States,Cleveland,Ohio,44101,Central,P-OM-10000042,Pharmaceutical,OTC Medications,Bayer Aspirin 325mg Enteric Coated 300ct,139.53,6,0.5,-20.8219
2660,HC-2018-127555,8/5/2018,8/10/2018,Standard Class,MM-51245,Mia Martin,Clinic,United States,Salt Lake City,Utah,84101,West,P-V&-10000053,Pharmaceutical,Vitamins & Supplements,Mason Natural Zinc 50mg Tablets 100ct,63.08,5,0.2,9.9823
2661,HC-2018-491250,4/8/2018,4/9/2018,Same Day,MM-51245,Mia Martin,Clinic,United States,Omaha,Nebraska,68101,Central,DE-IS-10000030,Diagnostic Equipment,Imaging Supplies,Covidien Kendall Ultrasound Gel 8.5oz,1362.6,10,0.1,-495.4912
2662,HC-2017-248426,5/18/2017,5/23/2017,Standard Class,PR-27601,Patricia Robinson,Health System,United States,Miami,Florida,33101,South,DE-LS-10000036,Diagnostic Equipment,Lab Supplies,BD Vacutainer EDTA Blood Collection Tubes 10mL,59.592,1,0.2,15.0423
2663,HC-2018-853919,6/18/2018,6/19/2018,Same Day,JM-48890,John Miller,Clinic,United States,Seattle,Washington,98101,West,DE-TK-10000025,Diagnostic Equipment,Testing Kits,Abbott BinaxNOW COVID-19 Antigen Rapid Test 2-Pack,308.364,6,0.3,98.0993
2664,HC-2016-245221,5/15/2016,5/20/2016,Standard Class,JG-56566,Jennifer Gonzalez,Health System,United States,Baltimore,Maryland,21201,East,DE-MD-10000021,Diagnostic Equipment,Monitoring Devices,Nonin Onyx Vantage 9590 Finger Pulse Oximeter,264.44,2,0,69.3327
2665,HC-2017-989654,5/18/2017,5/24/2017,Standard Class,WJ-38221,William Jones,Clinic,United States,Memphis,Tennessee,38101,South,DE-IS-10000034,Diagnostic Equipment,Imaging Supplies,Carestream Health X-Omat Developer Solution,163.026,3,0.1,67.3551
2666,HC-2018-742331,9/14/2018,9/18/2018,Second Class,JJ-83060,Joseph Johnson,Home Care,United States,Sacramento,California,95814,West,P-V&-10000054,Pharmaceutical,Vitamins & Supplements,Nature Made Fish Oil 1200mg 200 Softgels,369.174,12,0.35,-22.6754
2667,HC-2016-573641,9/18/2016,9/20/2016,Second Class,WL-19099,William Lewis,Clinic,United States,Pittsburgh,Pennsylvania,15201,East,MS-B&-10000018,Medical Supplies,Bandages & Tape,Medline Non-Sterile Rolled Gauze 2in x 4.1yd,71.91,10,0.1,20.2215
2668,HC-2017-147689,6/26/2017,6/30/2017,Second Class,TS-33416,Thomas Sanchez,Clinic,United States,Portland,Oregon,97201,West,MS-WC-10000001,Medical Supplies,Wound Care,Medline Bordered Gauze Island Dressing 4x4in,370.552,13,0.3,102.538
2669,HC-2016-320440,7/31/2016,8/1/2016,Same Day,SS-31174,Susan Sanchez,Clinic,United States,Baltimore,Maryland,21201,East,P-OM-10000042,Pharmaceutical,OTC Medications,Bayer Aspirin 325mg Enteric Coated 300ct,34.576,2,0.2,-1.4671
2670,HC-2017-946296,8/23/2017,8/31/2017,Standard Class,IR-64921,Isabella Robinson,Health System,United States,Salt Lake City,Utah,84101,West,P-V&-10000052,Pharmaceutical,Vitamins & Supplements,Garden of Life Vitamin C Organic 60 Capsules,475.28,13,0.2,-27.9777
2671,HC-2017-520112,7/18/2017,7/25/2017,Standard Class,MM-65069,Mary Miller,Home Care,United States,Charlotte,North Carolina,28201,South,MS-G&-10000008,Medical Supplies,Gloves & PPE,Cardinal Health Flexal Nitrile Exam Gloves XL,110.5,4,0.15,39.1187
2672,HC-2018-584113,1/6/2018,1/11/2018,Second Class,BT-51441,Barbara Thomas,Health System,United States,Cincinnati,Ohio,45201,Central,P-V&-10000053,Pharmaceutical,Vitamins & Supplements,Mason Natural Zinc 50mg Tablets 100ct,11.275,1,0.5,-0.239
2673,HC-2017-731642,10/16/2017,10/20/2017,Standard Class,RW-30028,Richard White,Home Care,United States,Memphis,Tennessee,38101,South,DE-TK-10000027,Diagnostic Equipment,Testing Kits,Quidel QuickVue Influenza A+B Test Kit 25ct,246.704,4,0.15,84.2461
2674,HC-2017-222397,4/11/2017,4/12/2017,Same Day,SL-19545,Sarah Lee,Clinic,United States,San Francisco,California,94101,West,MS-WC-10000003,Medical Supplies,Wound Care,Smith & Nephew ALLEVYN Gentle Border Foam Dressing,25.224,3,0.2,-2.8045
2675,HC-2018-493108,8/13/2018,8/15/2018,First Class,EW-42018,Ethan Williams,Home Care,United States,Hartford,Connecticut,6101,East,P-OM-10000043,Pharmaceutical,OTC Medications,Pepcid AC Maximum Strength 20mg 50ct,328.8,12,0.5,43.5401
2676,HC-2017-758369,11/30/2017,12/6/2017,Standard Class,LM-61876,Linda Martinez,Clinic,United States,Miami,Florida,33101,South,P-IS-10000047,Pharmaceutical,IV Solutions,B. Braun Lactated Ringer's Injection 1000mL,430.95,10,0.5,-26.7069
2677,HC-2017-209397,2/3/2017,2/5/2017,Second Class,RB-84668,Richard Brown,Clinic,United States,Seattle,Washington,98101,West,MS-B&-10000016,Medical Supplies,Bandages & Tape,Johnson & Johnson Elastikon Elastic Bandage 3in,241.9,10,0,48.7885
2678,HC-2017-442376,1/1/2017,1/5/2017,Standard Class,IL-65461,Isabella Lee,Clinic,United States,Portland,Oregon,97201,West,MS-B&-10000018,Medical Supplies,Bandages & Tape,Medline Non-Sterile Rolled Gauze 2in x 4.1yd,90.54,9,0,24.103
2679,HC-2018-920099,8/24/2018,8/26/2018,First Class,LM-30032,Lisa Miller,Clinic,United States,Phoenix,Arizona,85001,West,MS-WC-10000001,Medical Supplies,Wound Care,Medline Bordered Gauze Island Dressing 4x4in,63.55,5,0,11.4838
2680,HC-2018-859357,3/15/2018,3/21/2018,Standard Class,OG-99192,Olivia Garcia,Home Care,United States,Houston,Texas,77001,South,DE-LS-10000038,Diagnostic Equipment,Lab Supplies,Globe Scientific Disposable Transfer Pipettes 3mL,118.7025,7,0.15,-19.4729
2681,HC-2015-927556,12/15/2015,12/18/2015,Second Class,LW-84847,Liam Walker,Health System,United States,Omaha,Nebraska,68101,Central,MS-WC-10000002,Medical Supplies,Wound Care,Dynarex Non-Adherent Sterile Dressing Pads 3x4in,171.99,7,0.3,-17.1629
2682,HC-2017-208510,11/30/2017,12/5/2017,Standard Class,JW-45382,Joseph Wilson,Home Care,United States,Sacramento,California,95814,West,P-OM-10000040,Pharmaceutical,OTC Medications,Tylenol Extra Strength Acetaminophen 500mg 100ct,410.355,11,0.25,-19.6823
2683,HC-2017-225639,10/3/2017,10/5/2017,Second Class,SW-63964,Sophia Walker,Health System,United States,Atlanta,Georgia,30301,South,P-IS-10000047,Pharmaceutical,IV Solutions,B. Braun Lactated Ringer's Injection 1000mL,124.971,7,0.45,-11.476
2684,HC-2017-383621,4/15/2017,4/20/2017,Standard Class,LL-24322,Liam Lopez,Clinic,United States,Nashville,Tennessee,37201,South,MS-G&-10000005,Medical Supplies,Gloves & PPE,Ansell TouchNTuff Nitrile Disposable Gloves Medium,45.68,1,0,10.2048
2685,HC-2015-272378,12/6/2015,12/14/2015,Standard Class,SH-30676,Susan Hernandez,Clinic,United States,Buffalo,New York,14201,East,P-V&-10000053,Pharmaceutical,Vitamins & Supplements,Mason Natural Zinc 50mg Tablets 100ct,41.316,8,0.45,-2.9414
2686,HC-2017-257698,11/22/2017,11/25/2017,Second Class,AG-31992,Ava Gonzalez,Clinic,United States,Philadelphia,Pennsylvania,19101,East,MS-G&-10000007,Medical Supplies,Gloves & PPE,Medline SensiCare Ice Blue Nitrile Gloves Small,224.46,3,0,-19.9388
2687,HC-2016-814357,11/17/2016,11/19/2016,Second Class,JJ-70515,Jessica Jones,Health System,United States,Philadelphia,Pennsylvania,19101,East,P-IS-10000049,Pharmaceutical,IV Solutions,Fresenius Kabi Sterile Water for Injection 1000mL,36.024,1,0.2,6.139
2688,HC-2017-305927,5/6/2017,5/12/2017,Standard Class,LJ-17989,Liam Jackson,Clinic,United States,Philadelphia,Pennsylvania,19101,East,P-V&-10000054,Pharmaceutical,Vitamins & Supplements,Nature Made Fish Oil 1200mg 200 Softgels,58.149,3,0.3,7.9748
2689,HC-2017-740383,2/28/2017,3/6/2017,Standard Class,LJ-41571,Linda Johnson,Health System,United States,San Francisco,California,94101,West,DE-IS-10000032,Diagnostic Equipment,Imaging Supplies,Medline X-Ray Film Processing Chemical Kit,757.04,10,0.2,173.2863
2690,HC-2016-446186,2/11/2016,2/13/2016,First Class,RW-22676,Robert Wilson,Home Care,United States,Hartford,Connecticut,6101,East,MS-G&-10000007,Medical Supplies,Gloves & PPE,Medline SensiCare Ice Blue Nitrile Gloves Small,365.092,14,0.35,-31.2045
2691,HC-2016-190619,7/15/2016,7/19/2016,Second Class,IG-33206,Isabella Garcia,Clinic,United States,Louisville,Kentucky,40201,South,MS-WC-10000003,Medical Supplies,Wound Care,Smith & Nephew ALLEVYN Gentle Border Foam Dressing,111.16,7,0.2,25.2404
2692,HC-2018-464527,10/10/2018,10/14/2018,Standard Class,LM-38864,Linda Martin,Health System,United States,Newark,New Jersey,7101,East,P-V&-10000051,Pharmaceutical,Vitamins & Supplements,Centrum Silver Multivitamin Adults 50+ 250ct,60.4395,3,0.45,-2.177
2693,HC-2015-446396,10/26/2015,10/28/2015,First Class,SC-32241,Sarah Clark,Health System,United States,Nashville,Tennessee,37201,South,DE-LS-10000035,Diagnostic Equipment,Lab Supplies,Thermo Scientific Nunc CryoTube Vials 1.8mL 100pk,318.96,6,0.2,101.0824
2694,HC-2018-557176,10/3/2018,10/5/2018,First Class,RS-61173,Richard Smith,Home Care,United States,Cleveland,Ohio,44101,Central,DE-MD-10000023,Diagnostic Equipment,Monitoring Devices,Omron HEM-7320 Upper Arm Blood Pressure Monitor,1960.236,4,0.15,-822.1546
2695,HC-2016-534789,2/3/2016,2/5/2016,Second Class,EM-33405,Ethan Martinez,Health System,United States,Omaha,Nebraska,68101,Central,P-IS-10000048,Pharmaceutical,IV Solutions,ICU Medical Normal Saline 250mL IV Bag,59.108,1,0.3,6.654
2696,HC-2016-791025,5/3/2016,5/6/2016,Second Class,MG-66531,Michael Gonzalez,Clinic,United States,Chicago,Illinois,60601,Central,MS-S&-10000013,Medical Supplies,Syringes & Needles,Terumo 10mL Hypodermic Syringe with Needle,241.56,10,0.1,70.5507
2697,HC-2016-338728,6/26/2016,7/1/2016,Second Class,MS-14067,Mary Sanchez,Clinic,United States,Phoenix,Arizona,85001,West,P-OM-10000041,Pharmaceutical,OTC Medications,Ibuprofen USP 200mg Tablets 500ct Bulk,292.116,12,0.45,-22.9381
2698,HC-2016-635570,11/2/2016,11/7/2016,Standard Class,LJ-41266,Lisa Jones,Home Care,United States,Baltimore,Maryland,21201,East,MS-G&-10000007,Medical Supplies,Gloves & PPE,Medline SensiCare Ice Blue Nitrile Gloves Small,106.552,8,0.05,-21.7137
2699,HC-2018-342351,9/23/2018,10/1/2018,Standard Class,NP-94696,Noah Perez,Health System,United States,Los Angeles,California,90001,West,DE-TK-10000028,Diagnostic Equipment,Testing Kits,BD Veritor System Flu A+B Analyzer,167.02,5,0.3,46.8368
2700,HC-2016-288166,1/16/2016,1/23/2016,Standard Class,LR-76162,Lisa Ramirez,Clinic,United States,Phoenix,Arizona,85001,West,MS-G&-10000005,Medical Supplies,Gloves & PPE,Ansell TouchNTuff Nitrile Disposable Gloves Medium,398.58,6,0,83.3834
2701,HC-2015-189490,7/17/2015,7/19/2015,First Class,JR-86484,Jessica Robinson,Health System,United States,Hartford,Connecticut,6101,East,P-V&-10000053,Pharmaceutical,Vitamins & Supplements,Mason Natural Zinc 50mg Tablets 100ct,213.216,12,0.2,-13.4161
2702,HC-2017-871171,3/28/2017,3/29/2017,Same Day,LJ-23434,Linda Jones,Health System,United States,Birmingham,Alabama,35201,South,DE-LS-10000037,Diagnostic Equipment,Lab Supplies,Corning 50mL Polypropylene Centrifuge Tubes 25pk,911.68,11,0.2,274.617
2703,HC-2017-262574,9/7/2017,9/12/2017,Standard Class,SM-29313,Sophia Miller,Clinic,United States,Kansas City,Missouri,64101,Central,MS-WC-10000004,Medical Supplies,Wound Care,Covidien Kendall Hydrogel Dressing 4x4in,277.506,9,0.1,103.9746
2704,HC-2016-780321,3/21/2016,3/25/2016,Standard Class,EH-82667,Emma Hernandez,Home Care,United States,Cincinnati,Ohio,45201,Central,DE-IS-10000034,Diagnostic Equipment,Imaging Supplies,Carestream Health X-Omat Developer Solution,1403.6295,13,0.35,-197.9501
2705,HC-2017-931490,4/11/2017,4/14/2017,Second Class,LJ-41266,Lisa Jones,Clinic,United States,Nashville,Tennessee,37201,South,DE-MD-10000022,Diagnostic Equipment,Monitoring Devices,Masimo Rad-8 Pulse Oximeter Tabletop Unit,3332.01,11,0,1224.8151
2706,HC-2018-592175,10/24/2018,10/26/2018,Second Class,ES-23970,Ethan Sanchez,Health System,United States,Miami,Florida,33101,South,DE-IS-10000031,Diagnostic Equipment,Imaging Supplies,Parker Aquasonic 100 Ultrasound Transmission Gel,97.776,2,0.3,25.1466
2707,HC-2018-793775,10/29/2018,10/31/2018,First Class,RW-22676,Robert Wilson,Health System,United States,Memphis,Tennessee,38101,South,MS-S&-10000014,Medical Supplies,Syringes & Needles,BD Eclipse Safety Needle 25G 1in,98.19,9,0,17.9637
2708,HC-2016-433265,4/26/2016,4/30/2016,Second Class,JG-46509,Jessica Garcia,Health System,United States,Charlotte,North Carolina,28201,South,P-IS-10000046,Pharmaceutical,IV Solutions,Hospira 5% Dextrose Injection USP 500mL,995.148,12,0.3,-23.2892
2709,HC-2017-321435,2/18/2017,2/20/2017,First Class,NL-40828,Noah Lewis,Clinic,United States,Seattle,Washington,98101,West,MS-G&-10000007,Medical Supplies,Gloves & PPE,Medline SensiCare Ice Blue Nitrile Gloves Small,182.448,8,0.3,-28.6845
2710,HC-2015-457555,10/29/2015,10/30/2015,Same Day,JJ-76562,Jennifer Johnson,Home Care,United States,Omaha,Nebraska,68101,Central,P-V&-10000050,Pharmaceutical,Vitamins & Supplements,Nature's Bounty Vitamin D3 2000IU 240 Softgels,75.735,9,0.45,-4.9945
2711,HC-2016-924906,10/21/2016,10/26/2016,Standard Class,RW-88104,Richard Wilson,Home Care,United States,Louisville,Kentucky,40201,South,MS-B&-10000018,Medical Supplies,Bandages & Tape,Medline Non-Sterile Rolled Gauze 2in x 4.1yd,220.626,14,0.15,43.3192
2712,HC-2016-233225,10/14/2016,10/16/2016,Second Class,LR-14207,Linda Ramirez,Health System,United States,Baltimore,Maryland,21201,East,DE-IS-10000033,Diagnostic Equipment,Imaging Supplies,3M Scotchcast Plus Fiberglass Casting Tape 2in,216.23,10,0.3,87.1154
2713,HC-2015-247248,12/23/2015,12/27/2015,Standard Class,MS-40784,Mason Sanchez,Clinic,United States,Buffalo,New York,14201,East,P-IS-10000048,Pharmaceutical,IV Solutions,ICU Medical Normal Saline 250mL IV Bag,1162.28,14,0.3,-28.629
2714,HC-2015-428751,12/14/2015,12/16/2015,Second Class,NH-39444,Noah Hernandez,Home Care,United States,Cleveland,Ohio,44101,Central,P-V&-10000054,Pharmaceutical,Vitamins & Supplements,Nature Made Fish Oil 1200mg 200 Softgels,66.495,5,0.45,3.4481
2715,HC-2015-510089,10/22/2015,10/29/2015,Standard Class,NL-40828,Noah Lewis,Clinic,United States,Milwaukee,Wisconsin,53201,Central,MS-B&-10000015,Medical Supplies,Bandages & Tape,3M Micropore Surgical Tape 1in x 10yd,28.532,4,0.3,-9.9615
2716,HC-2017-235820,9/3/2017,9/11/2017,Standard Class,RL-18907,Robert Lee,Health System,United States,Columbus,Ohio,43004,East,DE-MD-10000024,Diagnostic Equipment,Monitoring Devices,A&D Medical UA-767FAM Multi-User BP Monitor,1422.18,4,0.1,505.5063
2717,HC-2016-255785,3/22/2016,3/30/2016,Standard Class,PJ-62772,Patricia Johnson,Health System,United States,Philadelphia,Pennsylvania,19101,East,P-V&-10000053,Pharmaceutical,Vitamins & Supplements,Mason Natural Zinc 50mg Tablets 100ct,79.576,4,0.3,6.0754
2718,HC-2018-479555,1/2/2018,1/10/2018,Standard Class,JA-53369,Jessica Anderson,Health System,United States,Salt Lake City,Utah,84101,West,P-IS-10000049,Pharmaceutical,IV Solutions,Fresenius Kabi Sterile Water for Injection 1000mL,104.4,6,0.5,14.6884
2719,HC-2016-951853,4/9/2016,4/16/2016,Standard Class,CM-60328,Charles Miller,Health System,United States,Memphis,Tennessee,38101,South,MS-B&-10000017,Medical Supplies,Bandages & Tape,Covidien Curity Gauze Bandage Roll 4in,242.99,11,0,72.7497
2720,HC-2018-916253,5/25/2018,6/1/2018,Standard Class,WL-51904,William Lopez,Clinic,United States,Newark,New Jersey,7101,East,P-OM-10000044,Pharmaceutical,OTC Medications,Zyrtec Allergy 10mg Cetirizine Tablets 70ct,129.808,7,0.2,-6.6917
2721,HC-2018-329993,12/12/2018,12/16/2018,Standard Class,SP-79329,Sophia Perez,Clinic,United States,Denver,Colorado,80201,West,MS-S&-10000014,Medical Supplies,Syringes & Needles,BD Eclipse Safety Needle 25G 1in,113.1,5,0,40.9575
2722,HC-2016-676974,5/31/2016,6/2/2016,First Class,DT-12552,David Taylor,Health System,United States,San Francisco,California,94101,West,DE-LS-10000037,Diagnostic Equipment,Lab Supplies,Corning 50mL Polypropylene Centrifuge Tubes 25pk,12.922,1,0.3,-1.5197
2723,HC-2015-927697,2/10/2015,2/15/2015,Second Class,NH-39444,Noah Hernandez,Health System,United States,Denver,Colorado,80201,West,P-IS-10000049,Pharmaceutical,IV Solutions,Fresenius Kabi Sterile Water for Injection 1000mL,647.616,8,0.2,88.5441
2724,HC-2018-966715,4/8/2018,4/12/2018,Standard Class,EH-62296,Emma Hernandez,Health System,United States,Pittsburgh,Pennsylvania,15201,East,MS-S&-10000013,Medical Supplies,Syringes & Needles,Terumo 10mL Hypodermic Syringe with Needle,90.72,12,0,21.2638
2725,HC-2017-893838,10/19/2017,10/22/2017,Second Class,RR-94259,Richard Robinson,Home Care,United States,Atlanta,Georgia,30301,South,P-OM-10000044,Pharmaceutical,OTC Medications,Zyrtec Allergy 10mg Cetirizine Tablets 70ct,17.13,3,0.5,1.649
2726,HC-2015-437643,7/11/2015,7/16/2015,Second Class,IT-39154,Isabella Taylor,Clinic,United States,New York,New York,10001,East,MS-G&-10000008,Medical Supplies,Gloves & PPE,Cardinal Health Flexal Nitrile Exam Gloves XL,444.192,12,0.2,-49.4607
2727,HC-2017-964753,10/9/2017,10/15/2017,Standard Class,LM-30032,Lisa Miller,Health System,United States,Albuquerque,New Mexico,87101,West,DE-TK-10000026,Diagnostic Equipment,Testing Kits,Roche Accu-Chek Guide Blood Glucose Meter Kit,161.448,4,0.3,-38.7235
2728,HC-2017-686315,4/28/2017,5/3/2017,Standard Class,ID-23238,Isabella Davis,Health System,United States,Newark,New Jersey,7101,East,MS-S&-10000010,Medical Supplies,Syringes & Needles,BD 3mL Luer-Lok Syringe with 21G Needle,18.378,2,0.1,-2.4915
2729,HC-2015-875198,3/26/2015,4/1/2015,Standard Class,LR-76162,Lisa Ramirez,Home Care,United States,Minneapolis,Minnesota,55401,Central,P-OM-10000041,Pharmaceutical,OTC Medications,Ibuprofen USP 200mg Tablets 500ct Bulk,146.652,11,0.45,25.1637
2730,HC-2017-803110,7/18/2017,7/22/2017,Standard Class,OM-62386,Olivia Moore,Health System,United States,Newark,New Jersey,7101,East,MS-B&-10000016,Medical Supplies,Bandages & Tape,Johnson & Johnson Elastikon Elastic Bandage 3in,63.8,4,0,-7.2889
2731,HC-2018-667979,9/25/2018,10/3/2018,Standard Class,RS-61173,Richard Smith,Health System,United States,New York,New York,10001,East,P-OM-10000043,Pharmaceutical,OTC Medications,Pepcid AC Maximum Strength 20mg 50ct,526.768,11,0.2,79.0922
2732,HC-2016-465617,10/10/2016,10/16/2016,Standard Class,RM-41195,Robert Moore,Clinic,United States,Boston,Massachusetts,2101,East,DE-LS-10000036,Diagnostic Equipment,Lab Supplies,BD Vacutainer EDTA Blood Collection Tubes 10mL,223.84,4,0.2,-37.2424
2733,HC-2015-160377,11/29/2015,12/2/2015,Second Class,DT-12552,David Taylor,Home Care,United States,Las Vegas,Nevada,89101,West,MS-WC-10000003,Medical Supplies,Wound Care,Smith & Nephew ALLEVYN Gentle Border Foam Dressing,298.775,10,0.05,69.3963
2734,HC-2018-745622,5/28/2018,6/5/2018,Standard Class,LS-96511,Linda Smith,Health System,United States,Hartford,Connecticut,6101,East,MS-S&-10000011,Medical Supplies,Syringes & Needles,Covidien Monoject 1mL Insulin Syringe 28G,149.457,11,0.3,55.0092
2735,HC-2015-435503,2/20/2015,2/25/2015,Standard Class,OM-62386,Olivia Moore,Health System,United States,Louisville,Kentucky,40201,South,MS-S&-10000014,Medical Supplies,Syringes & Needles,BD Eclipse Safety Needle 25G 1in,304.5,14,0,-58.1809
2736,HC-2017-874980,3/8/2017,3/13/2017,Standard Class,EA-83519,Emma Anderson,Clinic,United States,Milwaukee,Wisconsin,53201,Central,MS-WC-10000000,Medical Supplies,Wound Care,3M Tegaderm Transparent Film Dressing 4x4.75in,11.284,2,0.3,3.6095
2737,HC-2017-114598,10/3/2017,10/7/2017,Second Class,JP-10726,John Perez,Home Care,United States,Albuquerque,New Mexico,87101,West,MS-G&-10000006,Medical Supplies,Gloves & PPE,Kimberly-Clark Purple Nitrile Exam Gloves Large,177.463,11,0.15,-28.8824
2738,HC-2018-127319,6/7/2018,6/15/2018,Standard Class,LT-52504,Linda Thompson,Health System,United States,Cleveland,Ohio,44101,Central,MS-G&-10000005,Medical Supplies,Gloves & PPE,Ansell TouchNTuff Nitrile Disposable Gloves Medium,82.6,2,0.3,-6.2924
2739,HC-2015-219981,5/19/2015,5/24/2015,Second Class,IG-33206,Isabella Garcia,Health System,United States,Hartford,Connecticut,6101,East,MS-B&-10000016,Medical Supplies,Bandages & Tape,Johnson & Johnson Elastikon Elastic Bandage 3in,151.03,11,0,-25.262
2740,HC-2016-223815,1/6/2016,1/11/2016,Second Class,JB-42493,Joseph Brown,Clinic,United States,Albuquerque,New Mexico,87101,West,MS-B&-10000017,Medical Supplies,Bandages & Tape,Covidien Curity Gauze Bandage Roll 4in,17.892,2,0.3,3.9645
2741,HC-2017-267372,1/16/2017,1/24/2017,Standard Class,JL-77033,Jessica Lee,Home Care,United States,St. Louis,Missouri,63101,Central,MS-G&-10000009,Medical Supplies,Gloves & PPE,Dynarex SafeTouch Latex-Free Vinyl Gloves Medium,249.414,6,0.45,-44.8425
2742,HC-2018-987065,3/6/2018,3/10/2018,Second Class,LR-32810,Liam Robinson,Clinic,United States,Denver,Colorado,80201,West,MS-B&-10000019,Medical Supplies,Bandages & Tape,Dukal Elastic Stretch Bandage 6in,322.7,14,0,-32.2403
2743,HC-2016-809868,12/25/2016,12/27/2016,First Class,MM-15778,Mason Martinez,Home Care,United States,Portland,Oregon,97201,West,DE-LS-10000035,Diagnostic Equipment,Lab Supplies,Thermo Scientific Nunc CryoTube Vials 1.8mL 100pk,373.014,9,0.15,146.3387
2744,HC-2017-772307,3/22/2017,3/28/2017,Standard Class,AR-31465,Ava Ramirez,Health System,United States,Minneapolis,Minnesota,55401,Central,MS-S&-10000014,Medical Supplies,Syringes & Needles,BD Eclipse Safety Needle 25G 1in,106.218,14,0.1,-11.1557
2745,HC-2015-822093,12/6/2015,12/14/2015,Standard Class,SP-79329,Sophia Perez,Health System,United States,Albuquerque,New Mexico,87101,West,DE-LS-10000035,Diagnostic Equipment,Lab Supplies,Thermo Scientific Nunc CryoTube Vials 1.8mL 100pk,868.527,11,0.1,229.3558
2746,HC-2017-128943,10/30/2017,11/6/2017,Standard Class,IL-65461,Isabella Lee,Health System,United States,Memphis,Tennessee,38101,South,P-V&-10000051,Pharmaceutical,Vitamins & Supplements,Centrum Silver Multivitamin Adults 50+ 250ct,32.718,3,0.3,4.8938
2747,HC-2018-616538,2/23/2018,3/1/2018,Standard Class,MP-76540,Mason Perez,Home Care,United States,Buffalo,New York,14201,East,DE-TK-10000027,Diagnostic Equipment,Testing Kits,Quidel QuickVue Influenza A+B Test Kit 25ct,225.199,2,0.35,-25.1078
2748,HC-2016-698192,11/4/2016,11/12/2016,Standard Class,SH-30676,Susan Hernandez,Health System,United States,Denver,Colorado,80201,West,P-V&-10000054,Pharmaceutical,Vitamins & Supplements,Nature Made Fish Oil 1200mg 200 Softgels,410.704,14,0.2,43.6675
2749,HC-2018-168936,12/29/2018,1/3/2019,Second Class,MP-91070,Mason Perez,Clinic,United States,Houston,Texas,77001,South,P-OM-10000043,Pharmaceutical,OTC Medications,Pepcid AC Maximum Strength 20mg 50ct,310.0955,13,0.45,25.5598
2750,HC-2015-156411,9/8/2015,9/10/2015,First Class,JR-86484,Jessica Robinson,Clinic,United States,Houston,Texas,77001,South,DE-MD-10000022,Diagnostic Equipment,Monitoring Devices,Masimo Rad-8 Pulse Oximeter Tabletop Unit,8379.67,13,0,-1143.0975
2751,HC-2015-474982,5/7/2015,5/13/2015,Standard Class,WJ-55745,William Jones,Health System,United States,Baltimore,Maryland,21201,East,P-V&-10000052,Pharmaceutical,Vitamins & Supplements,Garden of Life Vitamin C Organic 60 Capsules,10.542,1,0.3,-0.4502
2752,HC-2017-564457,11/18/2017,11/24/2017,Standard Class,JW-94246,James Williams,Home Care,United States,Houston,Texas,77001,South,MS-S&-10000012,Medical Supplies,Syringes & Needles,Nipro 5mL Luer Slip Disposable Syringe,33.459,6,0.05,6.8218
2753,HC-2018-968639,5/26/2018,5/30/2018,Second Class,SC-32241,Sarah Clark,Home Care,United States,New York,New York,10001,East,P-IS-10000045,Pharmaceutical,IV Solutions,Baxter 0.9% Sodium Chloride Injection 1000mL,979.1925,11,0.25,-65.827
2754,HC-2018-314936,4/17/2018,4/21/2018,Second Class,JL-54236,Joseph Lopez,Health System,United States,Louisville,Kentucky,40201,South,DE-IS-10000032,Diagnostic Equipment,Imaging Supplies,Medline X-Ray Film Processing Chemical Kit,764.88,6,0.2,-126.6275
2755,HC-2018-690719,11/20/2018,11/25/2018,Standard Class,DS-25118,David Smith,Home Care,United States,Seattle,Washington,98101,West,P-V&-10000052,Pharmaceutical,Vitamins & Supplements,Garden of Life Vitamin C Organic 60 Capsules,115.92,7,0.5,-6.2064
2756,HC-2017-483191,5/19/2017,5/22/2017,Second Class,RL-18907,Robert Lee,Health System,United States,Philadelphia,Pennsylvania,19101,East,P-V&-10000053,Pharmaceutical,Vitamins & Supplements,Mason Natural Zinc 50mg Tablets 100ct,107.283,6,0.45,8.2301
2757,HC-2018-828750,5/15/2018,5/19/2018,Second Class,JA-53369,Jessica Anderson,Health System,United States,Memphis,Tennessee,38101,South,P-IS-10000049,Pharmaceutical,IV Solutions,Fresenius Kabi Sterile Water for Injection 1000mL,196.394,4,0.45,-17.1583
2758,HC-2018-318589,12/14/2018,12/17/2018,Second Class,NT-82063,Noah Taylor,Health System,United States,Columbus,Ohio,43004,East,MS-WC-10000002,Medical Supplies,Wound Care,Dynarex Non-Adherent Sterile Dressing Pads 3x4in,83.5,5,0,-10.2171
2759,HC-2015-351647,1/26/2015,1/28/2015,First Class,TH-97410,Thomas Hernandez,Clinic,United States,Salt Lake City,Utah,84101,West,MS-B&-10000019,Medical Supplies,Bandages & Tape,Dukal Elastic Stretch Bandage 6in,196.672,14,0.2,63.9048
2760,HC-2015-790811,12/20/2015,12/22/2015,First Class,SH-30676,Susan Hernandez,Health System,United States,Detroit,Michigan,48201,Central,P-OM-10000042,Pharmaceutical,OTC Medications,Bayer Aspirin 325mg Enteric Coated 300ct,62.44,8,0.5,3.9182
2761,HC-2017-115581,9/1/2017,9/6/2017,Standard Class,MW-95181,Michael White,Home Care,United States,Richmond,Virginia,23218,East,P-V&-10000051,Pharmaceutical,Vitamins & Supplements,Centrum Silver Multivitamin Adults 50+ 250ct,57.4665,3,0.35,-3.4349
2762,HC-2018-369950,1/9/2018,1/13/2018,Standard Class,PJ-62772,Patricia Johnson,Clinic,United States,Memphis,Tennessee,38101,South,MS-G&-10000005,Medical Supplies,Gloves & PPE,Ansell TouchNTuff Nitrile Disposable Gloves Medium,663.264,12,0.2,182.1314
2763,HC-2016-528349,11/11/2016,11/16/2016,Standard Class,EJ-31579,Ethan Johnson,Clinic,United States,Charlotte,North Carolina,28201,South,P-OM-10000041,Pharmaceutical,OTC Medications,Ibuprofen USP 200mg Tablets 500ct Bulk,95.018,11,0.3,-4.9301
2764,HC-2018-109113,6/16/2018,6/23/2018,Standard Class,NH-39444,Noah Hernandez,Health System,United States,Dallas,Texas,75201,South,P-OM-10000043,Pharmaceutical,OTC Medications,Pepcid AC Maximum Strength 20mg 50ct,131.112,9,0.2,20.5909
2765,HC-2015-507763,1/21/2015,1/28/2015,Standard Class,LM-34931,Linda Miller,Clinic,United States,Portland,Oregon,97201,West,MS-G&-10000005,Medical Supplies,Gloves & PPE,Ansell TouchNTuff Nitrile Disposable Gloves Medium,202.976,4,0.2,50.0415
2766,HC-2015-959675,8/3/2015,8/8/2015,Second Class,IP-49117,Isabella Perez,Health System,United States,Omaha,Nebraska,68101,Central,P-OM-10000044,Pharmaceutical,OTC Medications,Zyrtec Allergy 10mg Cetirizine Tablets 70ct,145.62,10,0.4,-8.4119
2767,HC-2018-925107,5/1/2018,5/6/2018,Standard Class,MM-72493,Mary Martin,Health System,United States,New York,New York,10001,East,DE-TK-10000025,Diagnostic Equipment,Testing Kits,Abbott BinaxNOW COVID-19 Antigen Rapid Test 2-Pack,509.76,6,0.1,135.6912
2768,HC-2018-541077,4/16/2018,4/21/2018,Second Class,PR-27601,Patricia Robinson,Health System,United States,Nashville,Tennessee,37201,South,P-IS-10000048,Pharmaceutical,IV Solutions,ICU Medical Normal Saline 250mL IV Bag,71.33,2,0.3,10.4214
2769,HC-2016-126096,10/11/2016,10/13/2016,First Class,JA-73653,Jennifer Anderson,Home Care,United States,Los Angeles,California,90001,West,DE-TK-10000025,Diagnostic Equipment,Testing Kits,Abbott BinaxNOW COVID-19 Antigen Rapid Test 2-Pack,844.1415,9,0.05,211.9227
2770,HC-2018-608447,5/5/2018,5/11/2018,Standard Class,JR-30861,Joseph Robinson,Clinic,United States,Miami,Florida,33101,South,DE-TK-10000028,Diagnostic Equipment,Testing Kits,BD Veritor System Flu A+B Analyzer,836.16,6,0,323.7362
2771,HC-2016-295074,6/11/2016,6/12/2016,Same Day,RG-38746,Richard Gonzalez,Health System,United States,Indianapolis,Indiana,46201,Central,DE-LS-10000036,Diagnostic Equipment,Lab Supplies,BD Vacutainer EDTA Blood Collection Tubes 10mL,285.096,14,0.4,-88.6826
2772,HC-2016-656770,4/28/2016,5/5/2016,Standard Class,OB-13278,Olivia Brown,Health System,United States,Charlotte,North Carolina,28201,South,DE-TK-10000028,Diagnostic Equipment,Testing Kits,BD Veritor System Flu A+B Analyzer,718.784,11,0.2,286.4419
2773,HC-2017-691314,12/16/2017,12/18/2017,First Class,JJ-40311,John Jones,Clinic,United States,Newark,New Jersey,7101,East,P-V&-10000054,Pharmaceutical,Vitamins & Supplements,Nature Made Fish Oil 1200mg 200 Softgels,284.832,12,0.2,33.7839
2774,HC-2016-310212,1/7/2016,1/13/2016,Standard Class,WT-73624,William Thompson,Health System,United States,Houston,Texas,77001,South,P-V&-10000052,Pharmaceutical,Vitamins & Supplements,Garden of Life Vitamin C Organic 60 Capsules,202.475,13,0.3,-9.0368
2775,HC-2018-807767,10/18/2018,10/23/2018,Second Class,MG-39389,Mary Gonzalez,Health System,United States,Pittsburgh,Pennsylvania,15201,East,MS-G&-10000007,Medical Supplies,Gloves & PPE,Medline SensiCare Ice Blue Nitrile Gloves Small,287.17,13,0,99.2434
2776,HC-2015-779416,2/20/2015,2/25/2015,Second Class,SH-30676,Susan Hernandez,Health System,United States,Miami,Florida,33101,South,MS-WC-10000004,Medical Supplies,Wound Care,Covidien Kendall Hydrogel Dressing 4x4in,319.275,11,0.1,106.3123
2777,HC-2016-483573,9/18/2016,9/25/2016,Standard Class,AH-36365,Ava Harris,Health System,United States,Atlanta,Georgia,30301,South,DE-LS-10000039,Diagnostic Equipment,Lab Supplies,Fisherbrand Microcentrifuge Tubes 1.5mL 500pk,118.39,1,0,33.2271
2778,HC-2018-562058,9/11/2018,9/17/2018,Standard Class,LT-80284,Liam Thomas,Health System,United States,Richmond,Virginia,23218,East,DE-MD-10000022,Diagnostic Equipment,Monitoring Devices,Masimo Rad-8 Pulse Oximeter Tabletop Unit,2086.29,9,0,-296.7356
2779,HC-2017-150663,8/7/2017,8/14/2017,Standard Class,JT-13804,Jessica Taylor,Home Care,United States,Los Angeles,California,90001,West,MS-S&-10000012,Medical Supplies,Syringes & Needles,Nipro 5mL Luer Slip Disposable Syringe,8.073,1,0.35,-0.6742
2780,HC-2017-485762,3/9/2017,3/14/2017,Standard Class,JC-77889,Jennifer Clark,Health System,United States,Atlanta,Georgia,30301,South,MS-WC-10000000,Medical Supplies,Wound Care,3M Tegaderm Transparent Film Dressing 4x4.75in,42.728,7,0.3,-6.722
2781,HC-2016-881280,12/15/2016,12/20/2016,Standard Class,JJ-44718,Joseph Jones,Home Care,United States,Salt Lake City,Utah,84101,West,P-V&-10000052,Pharmaceutical,Vitamins & Supplements,Garden of Life Vitamin C Organic 60 Capsules,187.56,6,0.25,30.4881
2782,HC-2015-965471,8/8/2015,8/10/2015,First Class,EA-83519,Emma Anderson,Home Care,United States,Salt Lake City,Utah,84101,West,MS-WC-10000001,Medical Supplies,Wound Care,Medline Bordered Gauze Island Dressing 4x4in,256.842,9,0.05,84.4464
2783,HC-2015-806107,6/27/2015,7/4/2015,Standard Class,SM-29313,Sophia Miller,Health System,United States,Houston,Texas,77001,South,DE-TK-10000027,Diagnostic Equipment,Testing Kits,Quidel QuickVue Influenza A+B Test Kit 25ct,119.544,3,0.2,30.1186
2784,HC-2017-411316,3/16/2017,3/18/2017,First Class,JD-83579,John Davis,Health System,United States,Seattle,Washington,98101,West,DE-IS-10000034,Diagnostic Equipment,Imaging Supplies,Carestream Health X-Omat Developer Solution,239.48,1,0,71.1197
2785,HC-2016-502626,7/31/2016,8/1/2016,Same Day,NH-39444,Noah Hernandez,Health System,United States,Detroit,Michigan,48201,Central,P-OM-10000041,Pharmaceutical,OTC Medications,Ibuprofen USP 200mg Tablets 500ct Bulk,182.82,12,0.5,10.8968
2786,HC-2018-825702,4/19/2018,4/21/2018,First Class,NP-58944,Noah Perez,Clinic,United States,Pittsburgh,Pennsylvania,15201,East,MS-S&-10000014,Medical Supplies,Syringes & Needles,BD Eclipse Safety Needle 25G 1in,122.7,5,0,-18.6438
2787,HC-2017-752598,2/7/2017,2/11/2017,Standard Class,EM-18418,Emma Miller,Health System,United States,Baltimore,Maryland,21201,East,DE-TK-10000025,Diagnostic Equipment,Testing Kits,Abbott BinaxNOW COVID-19 Antigen Rapid Test 2-Pack,41.82,1,0,12.1109
2788,HC-2018-367457,3/5/2018,3/7/2018,Second Class,JW-92719,James Williams,Health System,United States,Richmond,Virginia,23218,East,MS-WC-10000002,Medical Supplies,Wound Care,Dynarex Non-Adherent Sterile Dressing Pads 3x4in,106.2,12,0,-9.4618
2789,HC-2015-776218,2/24/2015,3/4/2015,Standard Class,WL-51904,William Lopez,Home Care,United States,Richmond,Virginia,23218,East,MS-B&-10000017,Medical Supplies,Bandages & Tape,Covidien Curity Gauze Bandage Roll 4in,88.5225,11,0.25,-14.3229
2790,HC-2018-323342,12/27/2018,12/31/2018,Second Class,BW-96951,Barbara Walker,Clinic,United States,New York,New York,10001,East,DE-TK-10000028,Diagnostic Equipment,Testing Kits,BD Veritor System Flu A+B Analyzer,680.67,9,0,-91.7648
2791,HC-2018-290119,10/8/2018,10/13/2018,Second Class,LL-68008,Lisa Lopez,Home Care,United States,St. Louis,Missouri,63101,Central,DE-TK-10000025,Diagnostic Equipment,Testing Kits,Abbott BinaxNOW COVID-19 Antigen Rapid Test 2-Pack,242.59,2,0.15,-47.4488
2792,HC-2018-746876,5/4/2018,5/7/2018,Second Class,SS-80702,Sarah Smith,Clinic,United States,Buffalo,New York,14201,East,P-OM-10000043,Pharmaceutical,OTC Medications,Pepcid AC Maximum Strength 20mg 50ct,85.792,4,0.2,4.5157
2793,HC-2017-574371,1/23/2017,1/29/2017,Standard Class,EL-63264,Ethan Lewis,Home Care,United States,Louisville,Kentucky,40201,South,MS-S&-10000011,Medical Supplies,Syringes & Needles,Covidien Monoject 1mL Insulin Syringe 28G,19.0275,1,0.25,-2.4634
2794,HC-2015-751981,6/6/2015,6/12/2015,Standard Class,JL-18326,Jessica Lee,Health System,United States,San Francisco,California,94101,West,DE-TK-10000029,Diagnostic Equipment,Testing Kits,McKesson Blood Glucose Test Strips 100ct,1692.35,11,0,396.342
2795,HC-2016-720146,3/8/2016,3/15/2016,Standard Class,SH-61116,Susan Hernandez,Health System,United States,Baltimore,Maryland,21201,East,DE-MD-10000020,Diagnostic Equipment,Monitoring Devices,Welch Allyn Connex Spot Monitor with SpO2,6952.16,8,0,2686.9746
2796,HC-2017-599218,9/19/2017,9/26/2017,Standard Class,JP-10726,John Perez,Health System,United States,Omaha,Nebraska,68101,Central,P-OM-10000043,Pharmaceutical,OTC Medications,Pepcid AC Maximum Strength 20mg 50ct,114.455,11,0.5,17.6552
2797,HC-2018-593510,6/2/2018,6/6/2018,Standard Class,SC-32241,Sarah Clark,Clinic,United States,New Orleans,Louisiana,70112,South,DE-MD-10000020,Diagnostic Equipment,Monitoring Devices,Welch Allyn Connex Spot Monitor with SpO2,4669.12,8,0,1086.0271
2798,HC-2015-198305,9/28/2015,10/5/2015,Standard Class,MW-53025,Michael Wilson,Clinic,United States,Boston,Massachusetts,2101,East,MS-S&-10000011,Medical Supplies,Syringes & Needles,Covidien Monoject 1mL Insulin Syringe 28G,25.27,1,0,7.0737
2799,HC-2015-969024,7/25/2015,7/28/2015,Second Class,WS-65255,William Sanchez,Clinic,United States,Philadelphia,Pennsylvania,19101,East,MS-WC-10000002,Medical Supplies,Wound Care,Dynarex Non-Adherent Sterile Dressing Pads 3x4in,138.48,12,0,28.3024
2800,HC-2017-600018,2/14/2017,2/18/2017,Standard Class,RR-86556,Richard Robinson,Health System,United States,Hartford,Connecticut,6101,East,MS-WC-10000000,Medical Supplies,Wound Care,3M Tegaderm Transparent Film Dressing 4x4.75in,92.1,5,0,-7.2322
2801,HC-2018-631491,2/18/2018,2/20/2018,Second Class,LT-82309,Liam Thomas,Home Care,United States,Phoenix,Arizona,85001,West,P-IS-10000045,Pharmaceutical,IV Solutions,Baxter 0.9% Sodium Chloride Injection 1000mL,142.335,3,0.25,-9.495
2802,HC-2018-985510,5/3/2018,5/9/2018,Standard Class,WW-37653,William Williams,Home Care,United States,Kansas City,Missouri,64101,Central,P-V&-10000051,Pharmaceutical,Vitamins & Supplements,Centrum Silver Multivitamin Adults 50+ 250ct,357.819,14,0.45,47.4993
2803,HC-2016-493005,11/4/2016,11/6/2016,First Class,MJ-85914,Michael Johnson,Health System,United States,Kansas City,Missouri,64101,Central,MS-G&-10000005,Medical Supplies,Gloves & PPE,Ansell TouchNTuff Nitrile Disposable Gloves Medium,562.716,11,0.1,-53.4572
2804,HC-2016-115043,2/2/2016,2/7/2016,Second Class,TW-23947,Thomas Walker,Home Care,United States,Columbus,Ohio,43004,East,MS-WC-10000004,Medical Supplies,Wound Care,Covidien Kendall Hydrogel Dressing 4x4in,106.3335,7,0.35,-13.8832
2805,HC-2016-744812,7/27/2016,7/29/2016,First Class,LW-84847,Liam Walker,Health System,United States,Newark,New Jersey,7101,East,MS-WC-10000002,Medical Supplies,Wound Care,Dynarex Non-Adherent Sterile Dressing Pads 3x4in,122.6,4,0,-15.6729
2806,HC-2017-782354,5/4/2017,5/9/2017,Standard Class,JC-86019,Jessica Clark,Clinic,United States,New York,New York,10001,East,DE-MD-10000020,Diagnostic Equipment,Monitoring Devices,Welch Allyn Connex Spot Monitor with SpO2,3461.076,12,0.1,-338.6341
2807,HC-2018-590496,5/4/2018,5/8/2018,Second Class,EG-37535,Ethan Gonzalez,Home Care,United States,Detroit,Michigan,48201,Central,DE-MD-10000021,Diagnostic Equipment,Monitoring Devices,Nonin Onyx Vantage 9590 Finger Pulse Oximeter,5416.455,11,0.25,1312.1477
2808,HC-2018-546955,4/6/2018,4/8/2018,First Class,MW-53025,Michael Wilson,Home Care,United States,Atlanta,Georgia,30301,South,DE-IS-10000034,Diagnostic Equipment,Imaging Supplies,Carestream Health X-Omat Developer Solution,430.8225,3,0.15,-101.3938
2809,HC-2018-774444,11/11/2018,11/16/2018,Standard Class,MW-79822,Mason Williams,Clinic,United States,Chicago,Illinois,60601,Central,MS-S&-10000011,Medical Supplies,Syringes & Needles,Covidien Monoject 1mL Insulin Syringe 28G,52.632,6,0.4,-11.06
2810,HC-2016-858376,2/17/2016,2/22/2016,Standard Class,JB-19862,James Brown,Clinic,United States,Detroit,Michigan,48201,Central,MS-G&-10000007,Medical Supplies,Gloves & PPE,Medline SensiCare Ice Blue Nitrile Gloves Small,207.144,9,0.4,43.9937
2811,HC-2017-796819,12/8/2017,12/14/2017,Standard Class,LJ-41571,Linda Johnson,Health System,United States,Richmond,Virginia,23218,East,MS-G&-10000009,Medical Supplies,Gloves & PPE,Dynarex SafeTouch Latex-Free Vinyl Gloves Medium,98.42,2,0,-8.9189
2812,HC-2018-425799,8/1/2018,8/7/2018,Standard Class,RG-38746,Richard Gonzalez,Home Care,United States,Hartford,Connecticut,6101,East,MS-WC-10000000,Medical Supplies,Wound Care,3M Tegaderm Transparent Film Dressing 4x4.75in,206.505,13,0.25,-16.6518
2813,HC-2015-857513,11/11/2015,11/16/2015,Standard Class,CM-60328,Charles Miller,Health System,United States,Seattle,Washington,98101,West,DE-IS-10000030,Diagnostic Equipment,Imaging Supplies,Covidien Kendall Ultrasound Gel 8.5oz,282.438,2,0.1,-44.1279
2814,HC-2017-969751,1/16/2017,1/18/2017,First Class,AR-59692,Ava Robinson,Health System,United States,Milwaukee,Wisconsin,53201,Central,MS-WC-10000000,Medical Supplies,Wound Care,3M Tegaderm Transparent Film Dressing 4x4.75in,401.31,14,0.1,-95.9051
2815,HC-2018-108934,10/19/2018,10/24/2018,Standard Class,RL-37742,Richard Lopez,Clinic,United States,San Francisco,California,94101,West,P-V&-10000051,Pharmaceutical,Vitamins & Supplements,Centrum Silver Multivitamin Adults 50+ 250ct,52.954,4,0.45,-3.2891
2816,HC-2015-182200,7/25/2015,7/27/2015,Second Class,LW-25906,Linda Walker,Clinic,United States,Sacramento,California,95814,West,DE-MD-10000022,Diagnostic Equipment,Monitoring Devices,Masimo Rad-8 Pulse Oximeter Tabletop Unit,2115.207,3,0.1,770.4459
2817,HC-2015-630801,10/2/2015,10/7/2015,Second Class,ST-63354,Sophia Taylor,Health System,United States,Boston,Massachusetts,2101,East,P-OM-10000044,Pharmaceutical,OTC Medications,Zyrtec Allergy 10mg Cetirizine Tablets 70ct,58.96,2,0.45,5.251
2818,HC-2018-372173,11/15/2018,11/21/2018,Standard Class,JJ-83060,Joseph Johnson,Clinic,United States,Milwaukee,Wisconsin,53201,Central,MS-S&-10000013,Medical Supplies,Syringes & Needles,Terumo 10mL Hypodermic Syringe with Needle,48.474,3,0.4,-8.1919
2819,HC-2015-936355,11/28/2015,12/6/2015,Standard Class,EJ-53309,Ethan Johnson,Clinic,United States,Sacramento,California,95814,West,DE-IS-10000032,Diagnostic Equipment,Imaging Supplies,Medline X-Ray Film Processing Chemical Kit,145.784,1,0.2,51.0602
2820,HC-2015-567164,11/7/2015,11/11/2015,Second Class,JJ-83060,Joseph Johnson,Health System,United States,Boston,Massachusetts,2101,East,P-IS-10000047,Pharmaceutical,IV Solutions,B. Braun Lactated Ringer's Injection 1000mL,285.9,10,0.5,15.4601
2821,HC-2018-940125,1/24/2018,1/25/2018,Same Day,CJ-29410,Charles Jackson,Health System,United States,Miami,Florida,33101,South,MS-WC-10000000,Medical Supplies,Wound Care,3M Tegaderm Transparent Film Dressing 4x4.75in,391.6,11,0,121.737
2822,HC-2016-800651,2/5/2016,2/7/2016,First Class,JR-30861,Joseph Robinson,Clinic,United States,Denver,Colorado,80201,West,P-OM-10000040,Pharmaceutical,OTC Medications,Tylenol Extra Strength Acetaminophen 500mg 100ct,78.918,6,0.3,-3.0645
2823,HC-2015-482561,3/7/2015,3/8/2015,Same Day,IH-17100,Isabella Harris,Clinic,United States,Seattle,Washington,98101,West,P-OM-10000043,Pharmaceutical,OTC Medications,Pepcid AC Maximum Strength 20mg 50ct,47.025,5,0.45,6.2147
2824,HC-2016-173312,11/20/2016,11/26/2016,Standard Class,LW-25906,Linda Walker,Home Care,United States,Memphis,Tennessee,38101,South,DE-MD-10000021,Diagnostic Equipment,Monitoring Devices,Nonin Onyx Vantage 9590 Finger Pulse Oximeter,3072.7125,11,0.25,-485.1511
2825,HC-2018-856636,10/26/2018,10/28/2018,First Class,NT-82063,Noah Taylor,Health System,United States,Phoenix,Arizona,85001,West,DE-TK-10000029,Diagnostic Equipment,Testing Kits,McKesson Blood Glucose Test Strips 100ct,454.0,5,0,161.0171
2826,HC-2015-793332,9/13/2015,9/21/2015,Standard Class,JT-13804,Jessica Taylor,Health System,United States,Newark,New Jersey,7101,East,P-V&-10000053,Pharmaceutical,Vitamins & Supplements,Mason Natural Zinc 50mg Tablets 100ct,47.175,3,0.5,5.2541
2827,HC-2015-137884,7/30/2015,8/4/2015,Standard Class,MW-41029,Mia Walker,Health System,United States,Birmingham,Alabama,35201,South,DE-LS-10000039,Diagnostic Equipment,Lab Supplies,Fisherbrand Microcentrifuge Tubes 1.5mL 500pk,679.712,11,0.2,-100.1976
2828,HC-2017-315441,3/21/2017,3/27/2017,Standard Class,WW-69638,William Walker,Home Care,United States,Nashville,Tennessee,37201,South,MS-WC-10000000,Medical Supplies,Wound Care,3M Tegaderm Transparent Film Dressing 4x4.75in,193.3425,13,0.25,62.1601
2829,HC-2015-361958,12/15/2015,12/17/2015,First Class,MG-66531,Michael Gonzalez,Clinic,United States,Houston,Texas,77001,South,MS-G&-10000007,Medical Supplies,Gloves & PPE,Medline SensiCare Ice Blue Nitrile Gloves Small,560.7,9,0,198.1479
2830,HC-2017-559048,3/28/2017,4/4/2017,Standard Class,KT-64496,Karen Thomas,Clinic,United States,Baltimore,Maryland,21201,East,MS-S&-10000014,Medical Supplies,Syringes & Needles,BD Eclipse Safety Needle 25G 1in,73.38,6,0,17.7274
2831,HC-2015-779742,3/2/2015,3/9/2015,Standard Class,DB-48469,David Brown,Home Care,United States,Hartford,Connecticut,6101,East,DE-LS-10000037,Diagnostic Equipment,Lab Supplies,Corning 50mL Polypropylene Centrifuge Tubes 25pk,907.326,9,0.05,217.2304
2832,HC-2017-585839,1/21/2017,1/28/2017,Standard Class,LH-30257,Lisa Harris,Clinic,United States,Charlotte,North Carolina,28201,South,P-V&-10000053,Pharmaceutical,Vitamins & Supplements,Mason Natural Zinc 50mg Tablets 100ct,19.968,1,0.2,1.4834
2833,HC-2015-120217,2/17/2015,2/18/2015,Same Day,IG-33206,Isabella Garcia,Clinic,United States,New Orleans,Louisiana,70112,South,P-IS-10000046,Pharmaceutical,IV Solutions,Hospira 5% Dextrose Injection USP 500mL,34.4575,1,0.45,4.4835
2834,HC-2016-167225,3/4/2016,3/11/2016,Standard Class,RL-18907,Robert Lee,Clinic,United States,Dallas,Texas,75201,South,MS-S&-10000010,Medical Supplies,Syringes & Needles,BD 3mL Luer-Lok Syringe with 21G Needle,306.04,14,0,-26.8212
2835,HC-2017-170521,12/1/2017,12/3/2017,First Class,LJ-23434,Linda Jones,Health System,United States,Buffalo,New York,14201,East,P-V&-10000051,Pharmaceutical,Vitamins & Supplements,Centrum Silver Multivitamin Adults 50+ 250ct,59.904,9,0.2,6.0127
2836,HC-2018-945976,12/26/2018,1/2/2019,Standard Class,JT-97747,John Taylor,Clinic,United States,Dallas,Texas,75201,South,MS-WC-10000004,Medical Supplies,Wound Care,Covidien Kendall Hydrogel Dressing 4x4in,277.7,10,0,55.3358
2837,HC-2015-207527,1/6/2015,1/13/2015,Standard Class,RM-65302,Robert Martin,Health System,United States,Hartford,Connecticut,6101,East,P-OM-10000044,Pharmaceutical,OTC Medications,Zyrtec Allergy 10mg Cetirizine Tablets 70ct,176.68,8,0.3,26.0465
2838,HC-2017-635157,4/22/2017,4/28/2017,Standard Class,EH-62296,Emma Hernandez,Clinic,United States,Louisville,Kentucky,40201,South,MS-B&-10000018,Medical Supplies,Bandages & Tape,Medline Non-Sterile Rolled Gauze 2in x 4.1yd,132.96,12,0,-14.7585
2839,HC-2016-847836,2/16/2016,2/21/2016,Second Class,SS-31174,Susan Sanchez,Health System,United States,Boston,Massachusetts,2101,East,P-IS-10000048,Pharmaceutical,IV Solutions,ICU Medical Normal Saline 250mL IV Bag,910.091,13,0.3,86.0484
2840,HC-2017-756452,10/4/2017,10/12/2017,Standard Class,NW-98777,Noah Wilson,Health System,United States,Milwaukee,Wisconsin,53201,Central,DE-MD-10000023,Diagnostic Equipment,Monitoring Devices,Omron HEM-7320 Upper Arm Blood Pressure Monitor,459.696,2,0.2,116.7174
2841,HC-2016-397009,2/2/2016,2/8/2016,Standard Class,NA-56438,Noah Anderson,Health System,United States,Charlotte,North Carolina,28201,South,DE-MD-10000023,Diagnostic Equipment,Monitoring Devices,Omron HEM-7320 Upper Arm Blood Pressure Monitor,3264.39,10,0.1,-762.1265
2842,HC-2017-249327,6/22/2017,6/29/2017,Standard Class,NC-62994,Noah Clark,Clinic,United States,Pittsburgh,Pennsylvania,15201,East,MS-B&-10000016,Medical Supplies,Bandages & Tape,Johnson & Johnson Elastikon Elastic Bandage 3in,121.752,9,0.2,26.2228
2843,HC-2017-456978,11/10/2017,11/16/2017,Standard Class,OW-89840,Olivia Williams,Health System,United States,Richmond,Virginia,23218,East,MS-G&-10000007,Medical Supplies,Gloves & PPE,Medline SensiCare Ice Blue Nitrile Gloves Small,447.72,7,0,-34.1659
2844,HC-2016-273372,3/24/2016,3/31/2016,Standard Class,MP-75435,Michael Perez,Health System,United States,Minneapolis,Minnesota,55401,Central,DE-TK-10000029,Diagnostic Equipment,Testing Kits,McKesson Blood Glucose Test Strips 100ct,1406.405,13,0.3,-379.4213
2845,HC-2017-979623,1/24/2017,1/26/2017,First Class,EH-82667,Emma Hernandez,Home Care,United States,Columbus,Ohio,43004,East,DE-IS-10000033,Diagnostic Equipment,Imaging Supplies,3M Scotchcast Plus Fiberglass Casting Tape 2in,1545.804,12,0.35,-141.302
2846,HC-2017-576207,10/18/2017,10/20/2017,First Class,JR-30861,Joseph Robinson,Home Care,United States,Cincinnati,Ohio,45201,Central,DE-IS-10000030,Diagnostic Equipment,Imaging Supplies,Covidien Kendall Ultrasound Gel 8.5oz,291.408,12,0.35,96.6707
2847,HC-2018-292074,12/14/2018,12/18/2018,Second Class,EM-18418,Emma Miller,Health System,United States,Baltimore,Maryland,21201,East,DE-MD-10000023,Diagnostic Equipment,Monitoring Devices,Omron HEM-7320 Upper Arm Blood Pressure Monitor,3294.24,12,0,1262.0467
2848,HC-2016-983473,3/8/2016,3/13/2016,Second Class,JR-86484,Jessica Robinson,Clinic,United States,San Francisco,California,94101,West,P-IS-10000048,Pharmaceutical,IV Solutions,ICU Medical Normal Saline 250mL IV Bag,318.96,9,0.5,-32.1081
2849,HC-2017-580356,10/3/2017,10/5/2017,First Class,MP-75435,Michael Perez,Health System,United States,Seattle,Washington,98101,West,P-IS-10000048,Pharmaceutical,IV Solutions,ICU Medical Normal Saline 250mL IV Bag,299.04,14,0.2,-30.6874
2850,HC-2015-803185,12/29/2015,1/2/2016,Standard Class,MP-46347,Mason Perez,Home Care,United States,Miami,Florida,33101,South,P-IS-10000048,Pharmaceutical,IV Solutions,ICU Medical Normal Saline 250mL IV Bag,252.07,7,0.5,-26.8798
2851,HC-2017-152113,12/11/2017,12/14/2017,Second Class,RW-40982,Robert Walker,Health System,United States,Milwaukee,Wisconsin,53201,Central,DE-TK-10000027,Diagnostic Equipment,Testing Kits,Quidel QuickVue Influenza A+B Test Kit 25ct,118.62,5,0.4,-12.0366
2852,HC-2016-537865,4/1/2016,4/5/2016,Second Class,MS-14067,Mary Sanchez,Health System,United States,San Francisco,California,94101,West,P-OM-10000040,Pharmaceutical,OTC Medications,Tylenol Extra Strength Acetaminophen 500mg 100ct,240.5,13,0.5,-17.8557
2853,HC-2017-250447,9/5/2017,9/13/2017,Standard Class,LD-31417,Liam Davis,Health System,United States,Cleveland,Ohio,44101,Central,P-V&-10000053,Pharmaceutical,Vitamins & Supplements,Mason Natural Zinc 50mg Tablets 100ct,123.823,7,0.3,21.4806
2854,HC-2018-797451,7/16/2018,7/21/2018,Standard Class,ST-63354,Sophia Taylor,Health System,United States,Minneapolis,Minnesota,55401,Central,P-V&-10000051,Pharmaceutical,Vitamins & Supplements,Centrum Silver Multivitamin Adults 50+ 250ct,91.825,5,0.5,-6.883
2855,HC-2017-426959,1/12/2017,1/13/2017,Same Day,RJ-48427,Robert Jackson,Clinic,United States,Charlotte,North Carolina,28201,South,MS-WC-10000001,Medical Supplies,Wound Care,Medline Bordered Gauze Island Dressing 4x4in,181.665,11,0.1,-13.5451
2856,HC-2016-426444,5/30/2016,6/4/2016,Second Class,LJ-41571,Linda Johnson,Health System,United States,Miami,Florida,33101,South,MS-S&-10000013,Medical Supplies,Syringes & Needles,Terumo 10mL Hypodermic Syringe with Needle,58.32,9,0.2,-8.3916
2857,HC-2015-842954,7/21/2015,7/24/2015,Second Class,SL-62581,Sophia Lopez,Clinic,United States,Cleveland,Ohio,44101,Central,DE-MD-10000023,Diagnostic Equipment,Monitoring Devices,Omron HEM-7320 Upper Arm Blood Pressure Monitor,502.579,1,0.3,-122.6196
2858,HC-2015-833054,6/14/2015,6/16/2015,Second Class,JL-62743,Jessica Lopez,Clinic,United States,Boston,Massachusetts,2101,East,P-V&-10000052,Pharmaceutical,Vitamins & Supplements,Garden of Life Vitamin C Organic 60 Capsules,58.163,7,0.3,6.5483
2859,HC-2016-270822,12/19/2016,12/20/2016,Same Day,LP-52237,Lisa Perez,Clinic,United States,St. Louis,Missouri,63101,Central,MS-B&-10000019,Medical Supplies,Bandages & Tape,Dukal Elastic Stretch Bandage 6in,122.824,13,0.2,-13.3877
2860,HC-2018-767873,11/22/2018,11/29/2018,Standard Class,LL-72216,Liam Lewis,Health System,United States,Salt Lake City,Utah,84101,West,MS-WC-10000001,Medical Supplies,Wound Care,Medline Bordered Gauze Island Dressing 4x4in,91.776,8,0.2,32.3383
2861,HC-2016-621119,7/20/2016,7/24/2016,Second Class,CM-96900,Charles Martin,Health System,United States,Houston,Texas,77001,South,P-V&-10000050,Pharmaceutical,Vitamins & Supplements,Nature's Bounty Vitamin D3 2000IU 240 Softgels,183.326,13,0.45,30.5698
2862,HC-2018-610200,3/1/2018,3/9/2018,Standard Class,EM-18418,Emma Miller,Clinic,United States,Pittsburgh,Pennsylvania,15201,East,P-IS-10000049,Pharmaceutical,IV Solutions,Fresenius Kabi Sterile Water for Injection 1000mL,873.888,12,0.2,-40.4982
2863,HC-2015-873732,10/17/2015,10/25/2015,Standard Class,MR-70332,Michael Ramirez,Clinic,United States,Denver,Colorado,80201,West,DE-IS-10000032,Diagnostic Equipment,Imaging Supplies,Medline X-Ray Film Processing Chemical Kit,980.064,12,0.2,391.4405
2864,HC-2016-257386,3/15/2016,3/20/2016,Second Class,TW-23947,Thomas Walker,Health System,United States,Louisville,Kentucky,40201,South,MS-S&-10000013,Medical Supplies,Syringes & Needles,Terumo 10mL Hypodermic Syringe with Needle,71.35,5,0,-5.9256
2865,HC-2017-343704,3/16/2017,3/20/2017,Second Class,NW-47196,Noah Williams,Health System,United States,Richmond,Virginia,23218,East,MS-S&-10000014,Medical Supplies,Syringes & Needles,BD Eclipse Safety Needle 25G 1in,55.251,7,0.1,11.9046
2866,HC-2017-367457,10/3/2017,10/6/2017,Second Class,DT-12552,David Taylor,Health System,United States,Dallas,Texas,75201,South,DE-LS-10000037,Diagnostic Equipment,Lab Supplies,Corning 50mL Polypropylene Centrifuge Tubes 25pk,172.096,8,0.2,-34.8502
2867,HC-2018-680822,8/3/2018,8/8/2018,Standard Class,LM-49446,Lisa Martin,Clinic,United States,Denver,Colorado,80201,West,P-OM-10000044,Pharmaceutical,OTC Medications,Zyrtec Allergy 10mg Cetirizine Tablets 70ct,177.0615,7,0.45,27.0586
2868,HC-2016-497298,12/8/2016,12/9/2016,Same Day,RS-16175,Robert Sanchez,Home Care,United States,St. Louis,Missouri,63101,Central,DE-TK-10000026,Diagnostic Equipment,Testing Kits,Roche Accu-Chek Guide Blood Glucose Meter Kit,47.7525,1,0.25,-10.935
2869,HC-2017-641499,9/9/2017,9/14/2017,Standard Class,LS-96511,Linda Smith,Clinic,United States,Birmingham,Alabama,35201,South,DE-LS-10000035,Diagnostic Equipment,Lab Supplies,Thermo Scientific Nunc CryoTube Vials 1.8mL 100pk,340.08,4,0,-52.0938
2870,HC-2016-159326,12/19/2016,12/24/2016,Standard Class,RR-94259,Richard Robinson,Health System,United States,San Francisco,California,94101,West,DE-LS-10000038,Diagnostic Equipment,Lab Supplies,Globe Scientific Disposable Transfer Pipettes 3mL,352.688,8,0.3,-52.8693
2871,HC-2017-625732,9/14/2017,9/15/2017,Same Day,RJ-10053,Richard Jackson,Health System,United States,Hartford,Connecticut,6101,East,P-V&-10000051,Pharmaceutical,Vitamins & Supplements,Centrum Silver Multivitamin Adults 50+ 250ct,51.36,6,0.5,5.8123
2872,HC-2018-683117,10/1/2018,10/2/2018,Same Day,BT-51441,Barbara Thomas,Health System,United States,Miami,Florida,33101,South,P-IS-10000048,Pharmaceutical,IV Solutions,ICU Medical Normal Saline 250mL IV Bag,127.974,6,0.45,-9.195
2873,HC-2015-377252,6/16/2015,6/23/2015,Standard Class,JW-92719,James Williams,Home Care,United States,Charlotte,North Carolina,28201,South,DE-LS-10000036,Diagnostic Equipment,Lab Supplies,BD Vacutainer EDTA Blood Collection Tubes 10mL,397.494,6,0.15,-59.3213
2874,HC-2016-128328,10/23/2016,10/28/2016,Standard Class,RM-65302,Robert Martin,Clinic,United States,Portland,Oregon,97201,West,P-V&-10000054,Pharmaceutical,Vitamins & Supplements,Nature Made Fish Oil 1200mg 200 Softgels,162.19,7,0.5,-16.6669
2875,HC-2016-855850,10/31/2016,11/2/2016,Second Class,EG-37535,Ethan Gonzalez,Clinic,United States,Salt Lake City,Utah,84101,West,P-IS-10000047,Pharmaceutical,IV Solutions,B. Braun Lactated Ringer's Injection 1000mL,463.736,14,0.3,-14.938
2876,HC-2017-268509,3/13/2017,3/18/2017,Second Class,LJ-41571,Linda Johnson,Clinic,United States,Hartford,Connecticut,6101,East,MS-B&-10000017,Medical Supplies,Bandages & Tape,Covidien Curity Gauze Bandage Roll 4in,124.768,7,0.2,39.301
2877,HC-2016-997651,5/10/2016,5/13/2016,Second Class,JG-56566,Jennifer Gonzalez,Clinic,United States,Memphis,Tennessee,38101,South,DE-LS-10000039,Diagnostic Equipment,Lab Supplies,Fisherbrand Microcentrifuge Tubes 1.5mL 500pk,695.412,12,0.1,249.4851
2878,HC-2018-222700,1/5/2018,1/7/2018,First Class,MS-22280,Mary Smith,Health System,United States,Albuquerque,New Mexico,87101,West,DE-MD-10000021,Diagnostic Equipment,Monitoring Devices,Nonin Onyx Vantage 9590 Finger Pulse Oximeter,642.699,1,0.1,185.3597
2879,HC-2015-713859,4/22/2015,4/28/2015,Standard Class,JD-19880,Joseph Davis,Home Care,United States,Portland,Oregon,97201,West,P-OM-10000041,Pharmaceutical,OTC Medications,Ibuprofen USP 200mg Tablets 500ct Bulk,173.3225,5,0.35,29.933
2880,HC-2016-298742,1/10/2016,1/14/2016,Second Class,WW-37653,William Williams,Health System,United States,Detroit,Michigan,48201,Central,P-V&-10000054,Pharmaceutical,Vitamins & Supplements,Nature Made Fish Oil 1200mg 200 Softgels,23.69,2,0.5,-2.9215
2881,HC-2015-873857,4/17/2015,4/22/2015,Second Class,PG-83385,Patricia Gonzalez,Clinic,United States,Los Angeles,California,90001,West,P-V&-10000053,Pharmaceutical,Vitamins & Supplements,Mason Natural Zinc 50mg Tablets 100ct,317.76,12,0.2,50.5659
2882,HC-2015-126077,10/15/2015,10/23/2015,Standard Class,WT-73624,William Thompson,Clinic,United States,Boston,Massachusetts,2101,East,P-IS-10000049,Pharmaceutical,IV Solutions,Fresenius Kabi Sterile Water for Injection 1000mL,218.856,4,0.45,15.0758
2883,HC-2016-679333,10/5/2016,10/10/2016,Standard Class,EJ-53309,Ethan Johnson,Health System,United States,Denver,Colorado,80201,West,DE-MD-10000022,Diagnostic Equipment,Monitoring Devices,Masimo Rad-8 Pulse Oximeter Tabletop Unit,2094.48,9,0,-192.2456
2884,HC-2016-694812,1/24/2016,1/31/2016,Standard Class,KH-81582,Karen Harris,Health System,United States,Louisville,Kentucky,40201,South,DE-IS-10000032,Diagnostic Equipment,Imaging Supplies,Medline X-Ray Film Processing Chemical Kit,1484.28,9,0,489.1976
2885,HC-2017-820720,5/26/2017,6/3/2017,Standard Class,AH-20458,Ava Hernandez,Clinic,United States,Hartford,Connecticut,6101,East,DE-IS-10000034,Diagnostic Equipment,Imaging Supplies,Carestream Health X-Omat Developer Solution,1058.022,9,0.1,-96.232
2886,HC-2017-385438,2/18/2017,2/20/2017,Second Class,LJ-30374,Liam Jackson,Clinic,United States,Los Angeles,California,90001,West,P-IS-10000045,Pharmaceutical,IV Solutions,Baxter 0.9% Sodium Chloride Injection 1000mL,549.486,14,0.3,87.482
2887,HC-2016-130507,11/16/2016,11/23/2016,Standard Class,JH-53540,Jennifer Harris,Home Care,United States,Los Angeles,California,90001,West,DE-MD-10000024,Diagnostic Equipment,Monitoring Devices,A&D Medical UA-767FAM Multi-User BP Monitor,8203.3545,11,0.05,-1178.8111
2888,HC-2016-611195,11/6/2016,11/8/2016,First Class,WB-24029,William Brown,Clinic,United States,Baltimore,Maryland,21201,East,DE-TK-10000028,Diagnostic Equipment,Testing Kits,BD Veritor System Flu A+B Analyzer,339.85,10,0.3,115.1123
2889,HC-2015-296389,2/7/2015,2/12/2015,Second Class,WB-24029,William Brown,Clinic,United States,Detroit,Michigan,48201,Central,DE-TK-10000026,Diagnostic Equipment,Testing Kits,Roche Accu-Chek Guide Blood Glucose Meter Kit,45.0,2,0.4,-15.5911
2890,HC-2018-997860,8/20/2018,8/27/2018,Standard Class,JD-19880,Joseph Davis,Health System,United States,Albuquerque,New Mexico,87101,West,MS-WC-10000004,Medical Supplies,Wound Care,Covidien Kendall Hydrogel Dressing 4x4in,373.77,9,0,74.585
2891,HC-2015-537094,1/27/2015,2/1/2015,Standard Class,ST-42527,Sophia Thompson,Clinic,United States,Las Vegas,Nevada,89101,West,DE-LS-10000039,Diagnostic Equipment,Lab Supplies,Fisherbrand Microcentrifuge Tubes 1.5mL 500pk,584.792,13,0.2,132.6393
2892,HC-2018-670924,2/8/2018,2/12/2018,Second Class,KT-28373,Karen Thomas,Home Care,United States,Richmond,Virginia,23218,East,MS-S&-10000013,Medical Supplies,Syringes & Needles,Terumo 10mL Hypodermic Syringe with Needle,343.14,14,0.05,124.4133
2893,HC-2016-576152,7/6/2016,7/13/2016,Standard Class,LL-68008,Lisa Lopez,Clinic,United States,Albuquerque,New Mexico,87101,West,P-V&-10000052,Pharmaceutical,Vitamins & Supplements,Garden of Life Vitamin C Organic 60 Capsules,285.684,12,0.3,-28.1779
2894,HC-2015-364804,8/23/2015,8/29/2015,Standard Class,JJ-15482,Jessica Jones,Health System,United States,New Orleans,Louisiana,70112,South,MS-B&-10000015,Medical Supplies,Bandages & Tape,3M Micropore Surgical Tape 1in x 10yd,46.55,14,0.3,12.1651
2895,HC-2017-915034,3/21/2017,3/27/2017,Standard Class,RS-61173,Richard Smith,Clinic,United States,Milwaukee,Wisconsin,53201,Central,P-V&-10000053,Pharmaceutical,Vitamins & Supplements,Mason Natural Zinc 50mg Tablets 100ct,111.995,13,0.5,-7.1473
2896,HC-2016-207250,12/22/2016,12/25/2016,Second Class,WR-20735,William Ramirez,Health System,United States,Phoenix,Arizona,85001,West,DE-TK-10000026,Diagnostic Equipment,Testing Kits,Roche Accu-Chek Guide Blood Glucose Meter Kit,336.36,5,0.2,-78.5577
2897,HC-2018-523515,8/16/2018,8/22/2018,Standard Class,EJ-31579,Ethan Johnson,Clinic,United States,Phoenix,Arizona,85001,West,MS-S&-10000014,Medical Supplies,Syringes & Needles,BD Eclipse Safety Needle 25G 1in,313.61,11,0,103.6084
2898,HC-2016-597886,2/8/2016,2/10/2016,Second Class,WJ-55745,William Jones,Clinic,United States,Kansas City,Missouri,64101,Central,MS-S&-10000012,Medical Supplies,Syringes & Needles,Nipro 5mL Luer Slip Disposable Syringe,160.818,14,0.3,-21.7261
2899,HC-2015-684649,12/26/2015,1/2/2016,Standard Class,NH-97900,Noah Harris,Clinic,United States,Boston,Massachusetts,2101,East,MS-G&-10000007,Medical Supplies,Gloves & PPE,Medline SensiCare Ice Blue Nitrile Gloves Small,228.048,6,0.2,84.241
2900,HC-2018-387172,9/16/2018,9/20/2018,Second Class,TT-92960,Thomas Thompson,Health System,United States,Albuquerque,New Mexico,87101,West,MS-B&-10000016,Medical Supplies,Bandages & Tape,Johnson & Johnson Elastikon Elastic Bandage 3in,40.344,3,0.2,12.3328
2901,HC-2017-354715,9/24/2017,10/2/2017,Standard Class,JJ-40311,John Jones,Health System,United States,New York,New York,10001,East,P-IS-10000047,Pharmaceutical,IV Solutions,B. Braun Lactated Ringer's Injection 1000mL,38.423,2,0.45,2.1089
2902,HC-2016-348401,6/17/2016,6/20/2016,Second Class,BH-37549,Barbara Hernandez,Clinic,United States,Atlanta,Georgia,30301,South,DE-IS-10000030,Diagnostic Equipment,Imaging Supplies,Covidien Kendall Ultrasound Gel 8.5oz,218.883,7,0.3,-32.8028
2903,HC-2015-201054,8/29/2015,9/5/2015,Standard Class,LT-87236,Linda Thomas,Home Care,United States,Richmond,Virginia,23218,East,DE-LS-10000039,Diagnostic Equipment,Lab Supplies,Fisherbrand Microcentrifuge Tubes 1.5mL 500pk,131.46,7,0.25,31.7917
2904,HC-2015-311400,6/6/2015,6/13/2015,Standard Class,RR-94259,Richard Robinson,Health System,United States,Albuquerque,New Mexico,87101,West,DE-MD-10000023,Diagnostic Equipment,Monitoring Devices,Omron HEM-7320 Upper Arm Blood Pressure Monitor,412.264,1,0.2,91.1735
2905,HC-2018-710711,3/21/2018,3/27/2018,Standard Class,BT-51441,Barbara Thomas,Health System,United States,Birmingham,Alabama,35201,South,P-V&-10000052,Pharmaceutical,Vitamins & Supplements,Garden of Life Vitamin C Organic 60 Capsules,155.3695,13,0.45,17.5915
2906,HC-2017-152023,2/24/2017,2/25/2017,Same Day,MM-65069,Mary Miller,Clinic,United States,Buffalo,New York,14201,East,P-IS-10000046,Pharmaceutical,IV Solutions,Hospira 5% Dextrose Injection USP 500mL,541.926,9,0.45,85.4135
2907,HC-2017-577809,12/20/2017,12/25/2017,Standard Class,RW-22676,Robert Wilson,Home Care,United States,New York,New York,10001,East,MS-S&-10000013,Medical Supplies,Syringes & Needles,Terumo 10mL Hypodermic Syringe with Needle,67.773,6,0.05,15.3994
2908,HC-2017-602695,2/12/2017,2/14/2017,Second Class,JA-53369,Jessica Anderson,Health System,United States,Newark,New Jersey,7101,East,MS-G&-10000005,Medical Supplies,Gloves & PPE,Ansell TouchNTuff Nitrile Disposable Gloves Medium,89.216,8,0.2,30.7641
2909,HC-2017-374433,7/24/2017,7/29/2017,Second Class,JG-56566,Jennifer Gonzalez,Home Care,United States,Omaha,Nebraska,68101,Central,MS-G&-10000008,Medical Supplies,Gloves & PPE,Cardinal Health Flexal Nitrile Exam Gloves XL,282.984,6,0.35,-21.4632
2910,HC-2016-319380,3/7/2016,3/12/2016,Second Class,EG-37535,Ethan Gonzalez,Health System,United States,Miami,Florida,33101,South,P-IS-10000046,Pharmaceutical,IV Solutions,Hospira 5% Dextrose Injection USP 500mL,1085.168,14,0.2,81.7306
2911,HC-2016-263929,8/29/2016,9/3/2016,Second Class,SL-19545,Sarah Lee,Clinic,United States,Columbus,Ohio,43004,East,DE-IS-10000030,Diagnostic Equipment,Imaging Supplies,Covidien Kendall Ultrasound Gel 8.5oz,368.28,2,0,129.246
2912,HC-2017-772041,3/3/2017,3/8/2017,Standard Class,MT-39871,Mary Thompson,Health System,United States,San Francisco,California,94101,West,MS-S&-10000012,Medical Supplies,Syringes & Needles,Nipro 5mL Luer Slip Disposable Syringe,73.251,3,0.1,-5.5127
2913,HC-2015-738809,9/18/2015,9/23/2015,Standard Class,CM-60328,Charles Miller,Health System,United States,Nashville,Tennessee,37201,South,P-OM-10000044,Pharmaceutical,OTC Medications,Zyrtec Allergy 10mg Cetirizine Tablets 70ct,177.702,6,0.3,-10.4219
2914,HC-2018-752918,3/3/2018,3/9/2018,Standard Class,CM-51467,Charles Moore,Health System,United States,Milwaukee,Wisconsin,53201,Central,DE-LS-10000037,Diagnostic Equipment,Lab Supplies,Corning 50mL Polypropylene Centrifuge Tubes 25pk,306.774,6,0.1,-46.4723
2915,HC-2017-870906,6/11/2017,6/16/2017,Second Class,SL-62581,Sophia Lopez,Health System,United States,Salt Lake City,Utah,84101,West,MS-WC-10000001,Medical Supplies,Wound Care,Medline Bordered Gauze Island Dressing 4x4in,25.44,2,0,-3.4329
2916,HC-2017-964578,10/6/2017,10/10/2017,Second Class,LM-34931,Linda Miller,Clinic,United States,Nashville,Tennessee,37201,South,DE-IS-10000032,Diagnostic Equipment,Imaging Supplies,Medline X-Ray Film Processing Chemical Kit,1567.92,8,0,-313.0631
2917,HC-2018-325580,12/29/2018,1/6/2019,Standard Class,CB-19602,Charles Brown,Health System,United States,Richmond,Virginia,23218,East,MS-G&-10000007,Medical Supplies,Gloves & PPE,Medline SensiCare Ice Blue Nitrile Gloves Small,765.31,13,0,164.2171
2918,HC-2016-658442,12/21/2016,12/25/2016,Second Class,BH-37549,Barbara Hernandez,Home Care,United States,Los Angeles,California,90001,West,P-V&-10000054,Pharmaceutical,Vitamins & Supplements,Nature Made Fish Oil 1200mg 200 Softgels,251.94,12,0.5,20.9736
2919,HC-2017-959048,1/3/2017,1/7/2017,Standard Class,LM-34931,Linda Miller,Health System,United States,Seattle,Washington,98101,West,MS-G&-10000006,Medical Supplies,Gloves & PPE,Kimberly-Clark Purple Nitrile Exam Gloves Large,870.36,12,0,193.1587
2920,HC-2017-472338,1/14/2017,1/19/2017,Second Class,JL-54236,Joseph Lopez,Health System,United States,Phoenix,Arizona,85001,West,DE-MD-10000022,Diagnostic Equipment,Monitoring Devices,Masimo Rad-8 Pulse Oximeter Tabletop Unit,2379.834,3,0.1,913.3036
2921,HC-2015-975286,9/19/2015,9/22/2015,Second Class,JG-69470,Jessica Garcia,Health System,United States,Houston,Texas,77001,South,P-IS-10000048,Pharmaceutical,IV Solutions,ICU Medical Normal Saline 250mL IV Bag,327.184,8,0.45,37.6279
2922,HC-2018-840570,8/1/2018,8/6/2018,Standard Class,JB-42493,Joseph Brown,Health System,United States,Las Vegas,Nevada,89101,West,P-IS-10000046,Pharmaceutical,IV Solutions,Hospira 5% Dextrose Injection USP 500mL,384.4555,13,0.45,49.7515
2923,HC-2016-577093,3/1/2016,3/5/2016,Standard Class,OW-95426,Olivia Williams,Health System,United States,Charlotte,North Carolina,28201,South,MS-G&-10000006,Medical Supplies,Gloves & PPE,Kimberly-Clark Purple Nitrile Exam Gloves Large,119.64,2,0,28.5529
2924,HC-2015-290999,10/9/2015,10/10/2015,Same Day,NH-81482,Noah Harris,Clinic,United States,Philadelphia,Pennsylvania,19101,East,MS-S&-10000013,Medical Supplies,Syringes & Needles,Terumo 10mL Hypodermic Syringe with Needle,106.48,11,0.2,-14.4735
2925,HC-2017-557836,12/29/2017,1/6/2018,Standard Class,WR-20735,William Ramirez,Clinic,United States,New York,New York,10001,East,DE-LS-10000039,Diagnostic Equipment,Lab Supplies,Fisherbrand Microcentrifuge Tubes 1.5mL 500pk,750.0,10,0,265.1823
2926,HC-2018-137871,10/28/2018,11/2/2018,Standard Class,RM-65302,Robert Martin,Clinic,United States,Minneapolis,Minnesota,55401,Central,MS-S&-10000010,Medical Supplies,Syringes & Needles,BD 3mL Luer-Lok Syringe with 21G Needle,22.496,2,0.2,7.865
2927,HC-2017-528239,7/16/2017,7/19/2017,Second Class,MM-15817,Michael Martinez,Clinic,United States,Louisville,Kentucky,40201,South,DE-LS-10000039,Diagnostic Equipment,Lab Supplies,Fisherbrand Microcentrifuge Tubes 1.5mL 500pk,338.562,9,0.3,125.0014
2928,HC-2015-419497,5/23/2015,5/25/2015,Second Class,MM-51245,Mia Martin,Health System,United States,Buffalo,New York,14201,East,P-V&-10000052,Pharmaceutical,Vitamins & Supplements,Garden of Life Vitamin C Organic 60 Capsules,95.436,4,0.45,16.3705
2929,HC-2016-793277,2/16/2016,2/23/2016,Standard Class,RM-69429,Richard Martinez,Home Care,United States,Houston,Texas,77001,South,MS-B&-10000017,Medical Supplies,Bandages & Tape,Covidien Curity Gauze Bandage Roll 4in,12.03,1,0.25,-2.6283
2930,HC-2018-297489,1/27/2018,2/2/2018,Standard Class,JM-79163,Jennifer Martinez,Health System,United States,Detroit,Michigan,48201,Central,MS-S&-10000014,Medical Supplies,Syringes & Needles,BD Eclipse Safety Needle 25G 1in,64.314,6,0.1,21.118
2931,HC-2018-150070,1/27/2018,2/4/2018,Standard Class,MM-36772,Mia Martinez,Clinic,United States,Minneapolis,Minnesota,55401,Central,P-V&-10000054,Pharmaceutical,Vitamins & Supplements,Nature Made Fish Oil 1200mg 200 Softgels,117.216,6,0.4,-17.2155
2932,HC-2015-329821,1/30/2015,2/6/2015,Standard Class,MM-15817,Michael Martinez,Home Care,United States,Philadelphia,Pennsylvania,19101,East,DE-IS-10000030,Diagnostic Equipment,Imaging Supplies,Covidien Kendall Ultrasound Gel 8.5oz,439.881,3,0.35,-53.2056
2933,HC-2015-728833,10/5/2015,10/8/2015,Second Class,LL-24322,Liam Lopez,Health System,United States,Philadelphia,Pennsylvania,19101,East,P-IS-10000045,Pharmaceutical,IV Solutions,Baxter 0.9% Sodium Chloride Injection 1000mL,251.352,3,0.2,30.1102
2934,HC-2017-653566,7/17/2017,7/23/2017,Standard Class,PW-85574,Patricia Wilson,Clinic,United States,Columbus,Ohio,43004,East,P-IS-10000046,Pharmaceutical,IV Solutions,Hospira 5% Dextrose Injection USP 500mL,502.194,14,0.45,81.0035
2935,HC-2018-267314,3/10/2018,3/15/2018,Standard Class,RL-18907,Robert Lee,Health System,United States,New Orleans,Louisiana,70112,South,P-OM-10000044,Pharmaceutical,OTC Medications,Zyrtec Allergy 10mg Cetirizine Tablets 70ct,40.168,1,0.2,-2.0733
2936,HC-2018-347185,5/28/2018,5/30/2018,Second Class,LM-34931,Linda Miller,Clinic,United States,Boston,Massachusetts,2101,East,MS-B&-10000015,Medical Supplies,Bandages & Tape,3M Micropore Surgical Tape 1in x 10yd,95.76,14,0,34.3838
2937,HC-2017-462372,10/18/2017,10/23/2017,Second Class,NM-83259,Noah Moore,Clinic,United States,Denver,Colorado,80201,West,P-IS-10000046,Pharmaceutical,IV Solutions,Hospira 5% Dextrose Injection USP 500mL,309.952,4,0.2,35.336
2938,HC-2018-703333,11/3/2018,11/6/2018,Second Class,AM-56025,Ava Martinez,Health System,United States,Atlanta,Georgia,30301,South,DE-IS-10000033,Diagnostic Equipment,Imaging Supplies,3M Scotchcast Plus Fiberglass Casting Tape 2in,395.94,2,0,160.2733
2939,HC-2016-265552,12/31/2016,1/8/2017,Standard Class,JT-82692,James Thompson,Clinic,United States,Albuquerque,New Mexico,87101,West,MS-B&-10000018,Medical Supplies,Bandages & Tape,Medline Non-Sterile Rolled Gauze 2in x 4.1yd,48.9,6,0,17.4409
2940,HC-2018-771710,6/13/2018,6/17/2018,Second Class,AM-56025,Ava Martinez,Health System,United States,Dallas,Texas,75201,South,DE-TK-10000028,Diagnostic Equipment,Testing Kits,BD Veritor System Flu A+B Analyzer,183.96,2,0,-22.089
2941,HC-2018-322867,12/16/2018,12/20/2018,Second Class,LM-30032,Lisa Miller,Clinic,United States,Louisville,Kentucky,40201,South,MS-S&-10000011,Medical Supplies,Syringes & Needles,Covidien Monoject 1mL Insulin Syringe 28G,185.544,9,0.2,45.3096
2942,HC-2018-578230,5/4/2018,5/10/2018,Standard Class,JT-67954,Joseph Thomas,Health System,United States,Buffalo,New York,14201,East,DE-TK-10000026,Diagnostic Equipment,Testing Kits,Roche Accu-Chek Guide Blood Glucose Meter Kit,125.936,2,0.2,43.0052
2943,HC-2018-439177,10/31/2018,11/5/2018,Second Class,MS-17331,Mason Sanchez,Home Care,United States,Miami,Florida,33101,South,DE-MD-10000021,Diagnostic Equipment,Monitoring Devices,Nonin Onyx Vantage 9590 Finger Pulse Oximeter,2162.22,8,0.25,-225.6272
2944,HC-2016-220614,11/15/2016,11/22/2016,Standard Class,LM-12671,Linda Miller,Clinic,United States,Baltimore,Maryland,21201,East,DE-MD-10000020,Diagnostic Equipment,Monitoring Devices,Welch Allyn Connex Spot Monitor with SpO2,1747.143,3,0.1,-286.328
2945,HC-2015-817448,12/9/2015,12/11/2015,Second Class,NL-40828,Noah Lewis,Home Care,United States,St. Louis,Missouri,63101,Central,DE-IS-10000031,Diagnostic Equipment,Imaging Supplies,Parker Aquasonic 100 Ultrasound Transmission Gel,524.3875,7,0.35,-73.325
2946,HC-2016-926219,9/18/2016,9/25/2016,Standard Class,LJ-23434,Linda Jones,Clinic,United States,Buffalo,New York,14201,East,MS-G&-10000006,Medical Supplies,Gloves & PPE,Kimberly-Clark Purple Nitrile Exam Gloves Large,172.8,8,0.2,-34.7303
2947,HC-2017-998342,7/15/2017,7/22/2017,Standard Class,JR-81200,Joseph Ramirez,Health System,United States,Birmingham,Alabama,35201,South,P-IS-10000049,Pharmaceutical,IV Solutions,Fresenius Kabi Sterile Water for Injection 1000mL,211.68,9,0.2,-7.626
2948,HC-2016-824617,12/27/2016,1/1/2017,Second Class,OM-31178,Olivia Martinez,Health System,United States,Newark,New Jersey,7101,East,MS-B&-10000015,Medical Supplies,Bandages & Tape,3M Micropore Surgical Tape 1in x 10yd,190.8,9,0,-39.8546
2949,HC-2018-744887,12/26/2018,12/30/2018,Standard Class,RL-15075,Richard Lewis,Health System,United States,Buffalo,New York,14201,East,MS-G&-10000006,Medical Supplies,Gloves & PPE,Kimberly-Clark Purple Nitrile Exam Gloves Large,395.264,8,0.2,-71.1046
2950,HC-2017-399476,10/30/2017,11/1/2017,First Class,JC-82132,Joseph Clark,Home Care,United States,Houston,Texas,77001,South,P-V&-10000053,Pharmaceutical,Vitamins & Supplements,Mason Natural Zinc 50mg Tablets 100ct,272.58,14,0.5,16.1517
2951,HC-2015-836342,4/11/2015,4/14/2015,Second Class,EA-83519,Emma Anderson,Clinic,United States,Milwaukee,Wisconsin,53201,Central,MS-G&-10000009,Medical Supplies,Gloves & PPE,Dynarex SafeTouch Latex-Free Vinyl Gloves Medium,43.664,1,0.2,-9.1908
2952,HC-2016-170903,2/24/2016,2/29/2016,Standard Class,EA-13248,Ethan Anderson,Clinic,United States,Louisville,Kentucky,40201,South,MS-WC-10000001,Medical Supplies,Wound Care,Medline Bordered Gauze Island Dressing 4x4in,249.44,10,0.2,-27.8799
2953,HC-2018-510518,9/16/2018,9/21/2018,Second Class,MJ-85914,Michael Johnson,Home Care,United States,Cleveland,Ohio,44101,Central,MS-S&-10000011,Medical Supplies,Syringes & Needles,Covidien Monoject 1mL Insulin Syringe 28G,80.535,13,0.25,-11.0159
2954,HC-2016-262764,9/15/2016,9/20/2016,Second Class,EA-10221,Emma Anderson,Health System,United States,Denver,Colorado,80201,West,MS-B&-10000019,Medical Supplies,Bandages & Tape,Dukal Elastic Stretch Bandage 6in,47.168,11,0.2,-10.6049
2955,HC-2018-983911,7/26/2018,8/3/2018,Standard Class,JR-77839,Joseph Robinson,Health System,United States,Salt Lake City,Utah,84101,West,P-V&-10000050,Pharmaceutical,Vitamins & Supplements,Nature's Bounty Vitamin D3 2000IU 240 Softgels,8.512,1,0.2,0.9985
2956,HC-2018-834790,8/17/2018,8/21/2018,Second Class,LT-52504,Linda Thompson,Health System,United States,Newark,New Jersey,7101,East,P-IS-10000049,Pharmaceutical,IV Solutions,Fresenius Kabi Sterile Water for Injection 1000mL,122.04,4,0.5,11.4582
2957,HC-2016-781669,11/26/2016,11/29/2016,Second Class,AR-59692,Ava Robinson,Health System,United States,Sacramento,California,95814,West,MS-G&-10000009,Medical Supplies,Gloves & PPE,Dynarex SafeTouch Latex-Free Vinyl Gloves Medium,342.21,11,0,113.7634
2958,HC-2017-876970,4/18/2017,4/25/2017,Standard Class,ES-85456,Emma Smith,Home Care,United States,Pittsburgh,Pennsylvania,15201,East,P-IS-10000045,Pharmaceutical,IV Solutions,Baxter 0.9% Sodium Chloride Injection 1000mL,629.42,11,0.5,50.507
2959,HC-2017-598945,11/2/2017,11/9/2017,Standard Class,JM-48890,John Miller,Health System,United States,Pittsburgh,Pennsylvania,15201,East,DE-TK-10000026,Diagnostic Equipment,Testing Kits,Roche Accu-Chek Guide Blood Glucose Meter Kit,1070.76,12,0,364.2682
2960,HC-2016-642137,10/30/2016,10/31/2016,Same Day,MP-46347,Mason Perez,Health System,United States,San Francisco,California,94101,West,MS-WC-10000003,Medical Supplies,Wound Care,Smith & Nephew ALLEVYN Gentle Border Foam Dressing,240.11,13,0,-31.0138
2961,HC-2017-913747,10/21/2017,10/26/2017,Standard Class,JM-74686,John Moore,Health System,United States,Columbus,Ohio,43004,East,MS-G&-10000009,Medical Supplies,Gloves & PPE,Dynarex SafeTouch Latex-Free Vinyl Gloves Medium,269.376,6,0.2,90.0991
2962,HC-2018-198304,11/4/2018,11/8/2018,Second Class,ID-23238,Isabella Davis,Home Care,United States,Dallas,Texas,75201,South,DE-LS-10000035,Diagnostic Equipment,Lab Supplies,Thermo Scientific Nunc CryoTube Vials 1.8mL 100pk,280.995,13,0.25,82.6517
2963,HC-2017-826925,3/24/2017,3/28/2017,Standard Class,KS-79514,Karen Sanchez,Clinic,United States,New York,New York,10001,East,MS-S&-10000013,Medical Supplies,Syringes & Needles,Terumo 10mL Hypodermic Syringe with Needle,19.26,2,0.1,-2.1497
2964,HC-2017-683002,3/20/2017,3/28/2017,Standard Class,JL-54236,Joseph Lopez,Clinic,United States,Hartford,Connecticut,6101,East,DE-LS-10000039,Diagnostic Equipment,Lab Supplies,Fisherbrand Microcentrifuge Tubes 1.5mL 500pk,1123.2,13,0.1,-277.4297
2965,HC-2017-597361,12/25/2017,12/29/2017,Standard Class,JJ-76562,Jennifer Johnson,Health System,United States,Seattle,Washington,98101,West,MS-WC-10000004,Medical Supplies,Wound Care,Covidien Kendall Hydrogel Dressing 4x4in,82.17,9,0,30.2647
2966,HC-2018-387341,11/28/2018,12/2/2018,Standard Class,LT-87236,Linda Thomas,Clinic,United States,Detroit,Michigan,48201,Central,DE-IS-10000033,Diagnostic Equipment,Imaging Supplies,3M Scotchcast Plus Fiberglass Casting Tape 2in,974.988,9,0.3,329.2926
2967,HC-2018-855078,2/26/2018,3/2/2018,Standard Class,IR-64921,Isabella Robinson,Clinic,United States,Omaha,Nebraska,68101,Central,P-V&-10000051,Pharmaceutical,Vitamins & Supplements,Centrum Silver Multivitamin Adults 50+ 250ct,77.112,6,0.3,-3.8671
2968,HC-2018-599864,9/27/2018,10/1/2018,Standard Class,JW-45382,Joseph Wilson,Home Care,United States,San Francisco,California,94101,West,MS-B&-10000015,Medical Supplies,Bandages & Tape,3M Micropore Surgical Tape 1in x 10yd,123.828,12,0.15,36.0676
2969,HC-2017-424557,4/27/2017,5/1/2017,Standard Class,SL-38906,Sophia Lee,Clinic,United States,Cleveland,Ohio,44101,Central,P-OM-10000044,Pharmaceutical,OTC Medications,Zyrtec Allergy 10mg Cetirizine Tablets 70ct,53.48,7,0.5,6.8758
2970,HC-2015-918437,4/25/2015,5/2/2015,Standard Class,JC-82132,Joseph Clark,Health System,United States,Philadelphia,Pennsylvania,19101,East,P-IS-10000046,Pharmaceutical,IV Solutions,Hospira 5% Dextrose Injection USP 500mL,476.056,7,0.2,-40.5404
2971,HC-2015-871339,6/2/2015,6/3/2015,Same Day,JJ-70901,Joseph Jones,Home Care,United States,Pittsburgh,Pennsylvania,15201,East,P-OM-10000041,Pharmaceutical,OTC Medications,Ibuprofen USP 200mg Tablets 500ct Bulk,100.575,10,0.25,-4.3068
2972,HC-2015-861943,10/2/2015,10/10/2015,Standard Class,MM-72493,Mary Martin,Clinic,United States,Richmond,Virginia,23218,East,P-V&-10000050,Pharmaceutical,Vitamins & Supplements,Nature's Bounty Vitamin D3 2000IU 240 Softgels,167.52,5,0.2,25.341
2973,HC-2018-205735,11/21/2018,11/23/2018,First Class,JT-94607,John Thompson,Health System,United States,Portland,Oregon,97201,West,P-IS-10000047,Pharmaceutical,IV Solutions,B. Braun Lactated Ringer's Injection 1000mL,333.2,7,0.2,31.1783
2974,HC-2015-905336,10/15/2015,10/23/2015,Standard Class,IR-64921,Isabella Robinson,Clinic,United States,New York,New York,10001,East,P-OM-10000042,Pharmaceutical,OTC Medications,Bayer Aspirin 325mg Enteric Coated 300ct,169.312,8,0.45,-10.5028
2975,HC-2016-296642,1/9/2016,1/11/2016,First Class,WW-69638,William Walker,Health System,United States,Seattle,Washington,98101,West,DE-IS-10000034,Diagnostic Equipment,Imaging Supplies,Carestream Health X-Omat Developer Solution,327.078,9,0.1,-30.4989
2976,HC-2018-268874,11/16/2018,11/20/2018,Standard Class,PW-57576,Patricia Walker,Health System,United States,Baltimore,Maryland,21201,East,P-V&-10000053,Pharmaceutical,Vitamins & Supplements,Mason Natural Zinc 50mg Tablets 100ct,98.208,4,0.2,13.7317
2977,HC-2018-461439,1/19/2018,1/21/2018,Second Class,EH-82667,Emma Hernandez,Clinic,United States,Miami,Florida,33101,South,P-IS-10000049,Pharmaceutical,IV Solutions,Fresenius Kabi Sterile Water for Injection 1000mL,60.298,1,0.3,3.3471
2978,HC-2017-740357,6/5/2017,6/9/2017,Second Class,EL-57400,Ethan Lewis,Clinic,United States,Los Angeles,California,90001,West,DE-MD-10000021,Diagnostic Equipment,Monitoring Devices,Nonin Onyx Vantage 9590 Finger Pulse Oximeter,4173.504,8,0.2,1420.5467
2979,HC-2016-905686,7/9/2016,7/17/2016,Standard Class,MJ-27342,Michael Jackson,Clinic,United States,Boston,Massachusetts,2101,East,P-IS-10000047,Pharmaceutical,IV Solutions,B. Braun Lactated Ringer's Injection 1000mL,361.647,9,0.45,-14.6034
2980,HC-2017-843826,4/29/2017,5/6/2017,Standard Class,JJ-42092,James Johnson,Home Care,United States,Hartford,Connecticut,6101,East,DE-IS-10000031,Diagnostic Equipment,Imaging Supplies,Parker Aquasonic 100 Ultrasound Transmission Gel,1453.5,12,0.25,485.627
2981,HC-2018-864303,11/11/2018,11/15/2018,Second Class,KS-61645,Karen Smith,Home Care,United States,Hartford,Connecticut,6101,East,MS-S&-10000010,Medical Supplies,Syringes & Needles,BD 3mL Luer-Lok Syringe with 21G Needle,105.6875,5,0.05,-14.6476
2982,HC-2017-378410,8/25/2017,8/30/2017,Second Class,IL-65461,Isabella Lee,Health System,United States,Chicago,Illinois,60601,Central,DE-MD-10000024,Diagnostic Equipment,Monitoring Devices,A&D Medical UA-767FAM Multi-User BP Monitor,5455.164,13,0.4,-1208.34
2983,HC-2017-310660,2/28/2017,3/1/2017,Same Day,PM-38569,Patricia Martin,Health System,United States,Birmingham,Alabama,35201,South,P-IS-10000045,Pharmaceutical,IV Solutions,Baxter 0.9% Sodium Chloride Injection 1000mL,159.55,5,0.5,9.6512
2984,HC-2015-425752,2/14/2015,2/18/2015,Second Class,LT-52504,Linda Thompson,Clinic,United States,Phoenix,Arizona,85001,West,MS-S&-10000013,Medical Supplies,Syringes & Needles,Terumo 10mL Hypodermic Syringe with Needle,60.288,8,0.2,16.1266
2985,HC-2017-343900,1/2/2017,1/3/2017,Same Day,RW-40982,Robert Walker,Clinic,United States,Phoenix,Arizona,85001,West,MS-WC-10000001,Medical Supplies,Wound Care,Medline Bordered Gauze Island Dressing 4x4in,251.03,13,0,-36.4461
2986,HC-2016-206665,1/1/2016,1/2/2016,Same Day,JL-62743,Jessica Lopez,Health System,United States,Sacramento,California,95814,West,DE-LS-10000036,Diagnostic Equipment,Lab Supplies,BD Vacutainer EDTA Blood Collection Tubes 10mL,134.464,8,0.2,-32.787
2987,HC-2018-490306,6/24/2018,6/26/2018,First Class,JT-97747,John Taylor,Clinic,United States,Seattle,Washington,98101,West,MS-WC-10000000,Medical Supplies,Wound Care,3M Tegaderm Transparent Film Dressing 4x4.75in,223.58,14,0,58.3082
2988,HC-2016-127096,10/14/2016,10/18/2016,Standard Class,IR-64921,Isabella Robinson,Health System,United States,Omaha,Nebraska,68101,Central,DE-LS-10000039,Diagnostic Equipment,Lab Supplies,Fisherbrand Microcentrifuge Tubes 1.5mL 500pk,633.204,6,0.1,142.2563
2989,HC-2016-621009,9/1/2016,9/6/2016,Standard Class,AJ-26828,Ava Jones,Clinic,United States,Charlotte,North Carolina,28201,South,DE-LS-10000036,Diagnostic Equipment,Lab Supplies,BD Vacutainer EDTA Blood Collection Tubes 10mL,1388.8,14,0,311.5752
2990,HC-2017-223237,7/12/2017,7/20/2017,Standard Class,WJ-38221,William Jones,Health System,United States,Richmond,Virginia,23218,East,P-OM-10000043,Pharmaceutical,OTC Medications,Pepcid AC Maximum Strength 20mg 50ct,436.224,12,0.2,-30.651
2991,HC-2016-338473,1/14/2016,1/16/2016,First Class,MS-88504,Mia Smith,Health System,United States,Sacramento,California,95814,West,P-IS-10000048,Pharmaceutical,IV Solutions,ICU Medical Normal Saline 250mL IV Bag,429.891,7,0.45,55.6595
2992,HC-2017-538902,2/8/2017,2/13/2017,Standard Class,MW-79822,Mason Williams,Clinic,United States,Nashville,Tennessee,37201,South,P-V&-10000054,Pharmaceutical,Vitamins & Supplements,Nature Made Fish Oil 1200mg 200 Softgels,211.32,9,0.2,-13.9789
2993,HC-2017-675819,1/5/2017,1/12/2017,Standard Class,JT-67954,Joseph Thomas,Health System,United States,Newark,New Jersey,7101,East,DE-LS-10000037,Diagnostic Equipment,Lab Supplies,Corning 50mL Polypropylene Centrifuge Tubes 25pk,556.4,13,0.2,187.1475
2994,HC-2015-195631,10/9/2015,10/14/2015,Second Class,SW-63964,Sophia Walker,Clinic,United States,Columbus,Ohio,43004,East,DE-IS-10000031,Diagnostic Equipment,Imaging Supplies,Parker Aquasonic 100 Ultrasound Transmission Gel,570.159,9,0.1,236.657
2995,HC-2016-387037,10/30/2016,11/7/2016,Standard Class,OG-80010,Olivia Garcia,Home Care,United States,Las Vegas,Nevada,89101,West,DE-LS-10000038,Diagnostic Equipment,Lab Supplies,Globe Scientific Disposable Transfer Pipettes 3mL,417.112,8,0.15,-93.9781
2996,HC-2015-529717,2/7/2015,2/12/2015,Standard Class,RM-69429,Richard Martinez,Home Care,United States,Sacramento,California,95814,West,P-V&-10000054,Pharmaceutical,Vitamins & Supplements,Nature Made Fish Oil 1200mg 200 Softgels,227.535,11,0.5,31.1246
2997,HC-2016-962900,11/7/2016,11/11/2016,Second Class,DT-12552,David Taylor,Health System,United States,Las Vegas,Nevada,89101,West,MS-B&-10000016,Medical Supplies,Bandages & Tape,Johnson & Johnson Elastikon Elastic Bandage 3in,66.5,7,0,-5.2809
2998,HC-2016-759162,12/9/2016,12/13/2016,Second Class,JH-44522,James Harris,Clinic,United States,Baltimore,Maryland,21201,East,P-V&-10000053,Pharmaceutical,Vitamins & Supplements,Mason Natural Zinc 50mg Tablets 100ct,153.855,9,0.5,-9.778
2999,HC-2017-618148,5/24/2017,5/28/2017,Second Class,RS-16175,Robert Sanchez,Clinic,United States,Chicago,Illinois,60601,Central,MS-S&-10000014,Medical Supplies,Syringes & Needles,BD Eclipse Safety Needle 25G 1in,61.152,7,0.2,11.4598
3000,HC-2015-853152,12/4/2015,12/10/2015,Standard Class,JH-53540,Jennifer Harris,Health System,United States,Milwaukee,Wisconsin,53201,Central,DE-LS-10000036,Diagnostic Equipment,Lab Supplies,BD Vacutainer EDTA Blood Collection Tubes 10mL,178.496,2,0.2,-58.6537
